Order ID,Order Date,Customer Name,Region,City,Category,Sub-Category,Product Name,Quantity,Unit Price,Discount,Sales,Profit,Payment Mode,Column 1,Column 2
10001,10/19/2024,Kashvi Varty,South,Bangalore,Books,Non-Fiction,Non-Fiction Ipsum,2,36294,5,68959,10525,Debit Card,,
10002,8/30/2025,Advik Desai,North,Delhi,Groceries,Rice,Rice Nemo,1,42165,20,33732,6300,Debit Card,,
10003,11/4/2023,Rhea Kalla,East,Patna,Kitchen,Juicer,Juicer Odio,4,64876,20,207603,19850,Credit Card,,
10004,5/23/2025,Anika Sen,East,Kolkata,Groceries,Oil,Oil Doloribus,5,37320,15,158610,36311,UPI,,
10005,1/19/2025,Akarsh Kaul,West,Pune,Clothing,Kids Wear,Kids Wear Quo,1,50037,10,45033,9050,Debit Card,,
10006,4/6/2025,Vardaniya Jayaraman,West,Pune,Furniture,Chair,Chair Assumenda,5,40287,15,171220,23723,Credit Card,,
10007,10/13/2023,Drishya Khare,West,Mumbai,Clothing,Accessories,Accessories Minima,2,3636,5,6908,680,Debit Card,,
10008,8/17/2025,Misha Dua,North,Lucknow,Books,Biography,Biography Vel,1,15885,10,14297,1289,Debit Card,,
10009,3/7/2025,Arhaan Vala,North,Jaipur,Groceries,Spices,Spices Expedita,1,40834,20,32667,3701,Credit Card,,
10010,12/2/2024,Lavanya Hayer,West,Goa,Kitchen,Juicer,Juicer Voluptatibus,2,16686,15,28366,5703,UPI,,
10011,8/24/2025,Divyansh Thaman,North,Lucknow,Kitchen,Cookware Set,Cookware Set Doloremque,2,10761,20,17218,4140,Credit Card,,
10012,5/21/2024,Nishith Kumar,South,Hyderabad,Beauty,Perfume,Perfume Itaque,3,27066,10,73078,16217,Net Banking,,
10013,12/5/2024,Anika Khanna,North,Chandigarh,Home Decor,Vase,Vase Ratione,1,53951,5,51253,6826,Credit Card,,
10014,12/3/2023,Amani Acharya,East,Patna,Clothing,Women's Wear,Women's Wear Optio,5,23843,0,119215,21029,UPI,,
10015,7/25/2025,Anay Grewal,North,Jaipur,Kitchen,Juicer,Juicer Debitis,2,15444,5,29344,5535,COD,,
10016,10/13/2023,Stuvan Majumdar,East,Bhubaneswar,Electronics,Laptop,Laptop Numquam,5,51645,10,232403,35658,Debit Card,,
10017,5/24/2024,Ritvik Ramanathan,South,Hyderabad,Electronics,Smartwatch,Smartwatch Ad,3,52691,15,134362,26225,UPI,,
10018,9/7/2025,Darshit Sharma,South,Chennai,Groceries,Oil,Oil Odio,4,3775,10,13590,1235,Net Banking,,
10019,6/15/2024,Sara Chanda,East,Patna,Sports,Dumbbells,Dumbbells Soluta,3,16579,20,39790,4241,Credit Card,,
10020,1/11/2024,Gatik Ravi,West,Pune,Books,Textbook,Textbook Inventore,5,36393,5,172867,39438,Debit Card,,
10021,10/15/2023,Jivin Sunder,West,Ahmedabad,Kitchen,Refrigerator,Refrigerator Commodi,1,6574,20,5259,581,UPI,,
10022,3/16/2024,Kashvi Ratti,North,Lucknow,Groceries,Wheat,Wheat Natus,5,26762,15,113739,27267,Credit Card,,
10023,11/2/2023,Vivaan Goyal,West,Surat,Books,Comics,Comics Aperiam,1,47699,20,38159,8536,UPI,,
10024,7/10/2025,Nayantara Bhagat,East,Ranchi,Beauty,Face Cream,Face Cream Repellat,1,28257,10,25431,3960,Credit Card,,
10025,6/21/2025,Lakshay Ramakrishnan,North,Chandigarh,Electronics,Headphones,Headphones Itaque,5,24056,20,96224,20552,COD,,
10026,1/13/2024,Dhanush Vaidya,South,Chennai,Groceries,Rice,Rice Impedit,2,65756,5,124936,19545,UPI,,
10027,4/22/2025,Kimaya Rege,North,Lucknow,Beauty,Foundation,Foundation Illo,1,8276,0,8276,537,Net Banking,,
10028,12/12/2024,Anika Wable,East,Bhubaneswar,Furniture,Table,Table Error,3,731,0,2193,214,UPI,,
10029,8/27/2025,Kavya Bhatnagar,North,Delhi,Toys,RC Car,RC Car Amet,2,67085,20,107336,22035,Net Banking,,
10030,4/22/2024,Adira Seshadri,North,Chandigarh,Groceries,Sugar,Sugar Excepturi,5,79453,15,337675,80310,Debit Card,,
10031,1/7/2025,Zaina Sidhu,West,Goa,Groceries,Wheat,Wheat Consequuntur,2,25545,10,45981,9818,Credit Card,,
10032,12/11/2023,Bhamini Kuruvilla,North,Jaipur,Sports,Cricket Bat,Cricket Bat Voluptatum,4,76643,5,291243,40522,UPI,,
10033,6/24/2024,Kavya Saran,West,Ahmedabad,Furniture,Sofa,Sofa Deleniti,4,60561,20,193795,21971,Net Banking,,
10034,7/11/2025,Mannat Batta,East,Guwahati,Toys,RC Car,RC Car Quam,4,19080,20,61056,10008,Debit Card,,
10035,12/31/2023,Shayak Bala,South,Thiruvananthapuram,Toys,Action Figure,Action Figure Laboriosam,2,48271,20,77234,13626,Net Banking,,
10036,3/8/2025,Hrishita Kumer,South,Thiruvananthapuram,Beauty,Lipstick,Lipstick Accusantium,4,7232,15,24589,4644,Credit Card,,
10037,12/2/2024,Prisha Gaba,West,Surat,Sports,Dumbbells,Dumbbells Quas,2,78467,0,156934,9445,Credit Card,,
10038,10/19/2023,Arhaan Gole,North,Lucknow,Sports,Yoga Mat,Yoga Mat Quaerat,4,34124,5,129671,8392,UPI,,
10039,9/30/2025,Shaan Bala,East,Ranchi,Toys,Puzzle,Puzzle Assumenda,2,60907,0,121814,24379,COD,,
10040,11/16/2023,Taran Kala,North,Lucknow,Kitchen,Refrigerator,Refrigerator Libero,5,9102,10,40959,7786,Debit Card,,
10041,9/18/2024,Nitara Hayre,East,Guwahati,Toys,Board Game,Board Game Consequuntur,5,76782,20,307128,47122,UPI,,
10042,7/1/2025,Lavanya Tata,North,Amritsar,Toys,Doll,Doll Laborum,5,57559,5,273405,26969,Debit Card,,
10043,2/11/2024,Badal Dada,West,Surat,Electronics,Camera,Camera A,2,68630,0,137260,16783,Net Banking,,
10044,10/23/2024,Bhamini Sane,South,Coimbatore,Groceries,Rice,Rice Incidunt,5,64105,20,256420,61655,Net Banking,,
10045,11/3/2023,Eva Babu,East,Guwahati,Books,Textbook,Textbook Consequuntur,2,68202,0,136404,33861,Debit Card,,
10046,11/20/2023,Prerak Saha,West,Pune,Books,Biography,Biography Magni,1,36207,15,30776,5231,COD,,
10047,10/1/2025,Advik Sule,North,Delhi,Beauty,Perfume,Perfume Quisquam,3,55843,10,150776,23836,Credit Card,,
10048,9/3/2025,Divij Chawla,West,Surat,Sports,Tennis Racket,Tennis Racket Sapiente,5,60512,5,287432,41217,Credit Card,,
10049,1/22/2025,Nirvaan Ben,North,Delhi,Toys,Puzzle,Puzzle Dolorem,1,70834,10,63751,4232,UPI,,
10050,4/28/2024,Shlok Dayal,West,Ahmedabad,Clothing,Shoes,Shoes Deleniti,1,33485,0,33485,6131,COD,,
10051,5/4/2024,Vritika Cherian,East,Patna,Beauty,Perfume,Perfume Rerum,5,8568,5,40698,3936,UPI,,
10052,5/6/2025,Eshani Arya,East,Ranchi,Furniture,Sofa,Sofa Omnis,4,64645,5,245651,51928,UPI,,
10053,9/2/2025,Elakshi Bajwa,West,Goa,Books,Biography,Biography Illum,5,12976,0,64880,11967,COD,,
10054,4/15/2024,Jayant Kala,West,Pune,Clothing,Women's Wear,Women's Wear Odio,3,27698,20,66475,8947,UPI,,
10055,12/9/2023,Biju Mannan,East,Bhubaneswar,Sports,Tennis Racket,Tennis Racket Ea,2,28261,15,48044,10880,Debit Card,,
10056,5/19/2024,Alisha Sampath,North,Jaipur,Furniture,Bed,Bed Molestias,5,42462,0,212310,11609,Net Banking,,
10057,12/5/2023,Rhea Krishnamurthy,East,Patna,Home Decor,Wall Art,Wall Art Excepturi,4,62926,0,251704,40267,Credit Card,,
10058,10/16/2024,Samarth Chatterjee,East,Patna,Toys,Puzzle,Puzzle Ut,4,73473,15,249808,56964,Net Banking,,
10059,10/9/2024,Ojas Konda,West,Pune,Furniture,Cabinet,Cabinet Odit,3,29226,15,74526,17899,Net Banking,,
10060,5/16/2025,Heer Saran,West,Mumbai,Home Decor,Vase,Vase Necessitatibus,2,9860,10,17748,4404,Credit Card,,
10061,4/30/2025,Manikya Dar,West,Ahmedabad,Sports,Football,Football Eveniet,5,17665,0,88325,17529,UPI,,
10062,4/9/2024,Azad Kunda,South,Chennai,Kitchen,Cookware Set,Cookware Set Nisi,2,13751,15,23377,5553,Debit Card,,
10063,1/26/2025,Drishya Apte,West,Pune,Kitchen,Juicer,Juicer Totam,5,11226,10,50517,2567,Debit Card,,
10064,12/27/2023,Shray Arya,West,Pune,Toys,Action Figure,Action Figure Cum,4,70618,5,268348,50743,COD,,
10065,6/23/2024,Ritvik Madan,South,Bangalore,Books,Biography,Biography Nobis,3,37492,15,95605,19264,UPI,,
10066,6/22/2024,Purab Batta,North,Chandigarh,Kitchen,Juicer,Juicer Vero,2,34997,0,69994,11130,COD,,
10067,5/28/2025,Purab Krishna,West,Surat,Kitchen,Mixer Grinder,Mixer Grinder Recusandae,2,71572,10,128830,14013,Credit Card,,
10068,2/23/2024,Manikya Srinivasan,West,Goa,Books,Biography,Biography Ad,5,38936,5,184946,30145,COD,,
10069,11/24/2023,Raghav Gara,East,Bhubaneswar,Home Decor,Vase,Vase Molestiae,1,19506,0,19506,2911,Net Banking,,
10070,1/2/2025,Raghav Sabharwal,East,Ranchi,Sports,Tennis Racket,Tennis Racket At,5,48227,10,217022,52731,UPI,,
10071,8/31/2024,Tanya Vora,South,Bangalore,Sports,Tennis Racket,Tennis Racket Ipsa,3,2697,5,7686,387,Net Banking,,
10072,6/18/2025,Mannat Dhaliwal,East,Ranchi,Toys,RC Car,RC Car Eius,4,47678,20,152570,13720,Debit Card,,
10073,4/1/2025,Drishya Korpal,North,Chandigarh,Home Decor,Cushion,Cushion Quis,1,39545,15,33613,4294,COD,,
10074,3/14/2024,Vritika Gade,West,Pune,Toys,Puzzle,Puzzle Nesciunt,5,60787,15,258345,33334,Credit Card,,
10075,12/9/2024,Neysa Ganguly,North,Amritsar,Toys,Action Figure,Action Figure Placeat,1,26035,20,20828,2957,Net Banking,,
10076,1/17/2025,Adah Kaul,West,Ahmedabad,Clothing,Kids Wear,Kids Wear Aut,5,41865,10,188393,36656,COD,,
10077,3/4/2025,Shalv Subramaniam,North,Lucknow,Kitchen,Cookware Set,Cookware Set Libero,4,76576,10,275674,39541,Net Banking,,
10078,4/10/2024,Chirag Hans,South,Bangalore,Electronics,Camera,Camera Nostrum,2,33749,20,53998,6955,COD,,
10079,7/5/2024,Saanvi Deshmukh,West,Pune,Kitchen,Refrigerator,Refrigerator Sequi,4,46014,15,156448,8167,UPI,,
10080,2/17/2025,Yakshit Bajwa,West,Surat,Beauty,Lipstick,Lipstick At,5,55423,10,249404,15673,Debit Card,,
10081,12/5/2023,Jayan Lall,South,Coimbatore,Furniture,Cabinet,Cabinet Nobis,5,5463,5,25949,1306,Debit Card,,
10082,12/13/2024,Kashvi Bakshi,South,Hyderabad,Sports,Yoga Mat,Yoga Mat Deserunt,1,4714,0,4714,548,COD,,
10083,6/20/2025,Myra Goda,East,Ranchi,Sports,Tennis Racket,Tennis Racket Cupiditate,4,31170,10,112212,22964,Debit Card,,
10084,7/20/2024,Jayesh Ramachandran,West,Goa,Home Decor,Vase,Vase Similique,1,8927,20,7142,1373,COD,,
10085,11/1/2024,Hazel Reddy,East,Bhubaneswar,Furniture,Cabinet,Cabinet Natus,1,16256,5,15443,1765,Credit Card,,
10086,6/2/2025,Shamik Keer,East,Guwahati,Toys,Board Game,Board Game Sequi,2,22240,0,44480,8602,UPI,,
10087,3/29/2024,Saira Trivedi,West,Goa,Groceries,Oil,Oil Modi,3,62172,0,186516,23035,Debit Card,,
10088,11/15/2023,Baiju Dube,North,Lucknow,Sports,Tennis Racket,Tennis Racket Aperiam,5,39458,5,187426,44133,COD,,
10089,12/25/2024,Ehsaan Butala,South,Thiruvananthapuram,Books,Comics,Comics Voluptatibus,4,34376,5,130629,15353,Net Banking,,
10090,2/26/2025,Bhavin Toor,West,Mumbai,Clothing,Kids Wear,Kids Wear Ipsa,4,53084,15,180486,19220,Credit Card,,
10091,6/8/2025,Romil Sawhney,East,Guwahati,Beauty,Lipstick,Lipstick Nostrum,3,60656,0,181968,26323,Debit Card,,
10092,1/29/2025,Mamooty Mannan,North,Chandigarh,Electronics,Camera,Camera Ipsa,1,73564,15,62529,13309,Credit Card,,
10093,1/11/2025,Reyansh Saraf,East,Patna,Furniture,Sofa,Sofa Quaerat,5,26060,5,123785,24340,UPI,,
10094,1/8/2025,Jayesh Madan,South,Hyderabad,Beauty,Perfume,Perfume Qui,4,72702,5,276268,35016,Debit Card,,
10095,1/12/2024,Kiaan Ranganathan,East,Patna,Electronics,Camera,Camera Temporibus,2,40818,20,65309,5824,UPI,,
10096,5/31/2024,Riya Varughese,West,Pune,Groceries,Spices,Spices Reiciendis,3,24183,0,72549,17203,Credit Card,,
10097,10/17/2024,Yasmin Warrior,East,Patna,Groceries,Oil,Oil Non,4,19526,15,66388,12867,Credit Card,,
10098,11/26/2023,Vihaan Bhalla,West,Mumbai,Books,Fiction,Fiction Nemo,5,54037,0,270185,58811,Net Banking,,
10099,2/12/2024,Eshani Sani,South,Thiruvananthapuram,Sports,Yoga Mat,Yoga Mat Optio,5,63813,0,319065,36797,Credit Card,,
10100,12/24/2023,Arnav Badami,North,Lucknow,Electronics,Mobile,Mobile Harum,3,74680,10,201636,41541,Credit Card,,
10101,6/16/2025,Umang Virk,South,Coimbatore,Clothing,Accessories,Accessories Natus,4,13189,10,47480,10986,Net Banking,,
10102,11/4/2024,Ira Soni,East,Bhubaneswar,Sports,Dumbbells,Dumbbells Quos,4,1138,10,4097,888,Credit Card,,
10103,8/14/2025,Arnav Karpe,East,Ranchi,Furniture,Sofa,Sofa Repudiandae,5,76226,20,304904,22939,Credit Card,,
10104,2/10/2025,Hansh Kaul,West,Surat,Toys,Doll,Doll Totam,3,31343,15,79925,18762,Net Banking,,
10105,11/17/2023,Ela Srivastava,North,Lucknow,Home Decor,Lamp,Lamp Pariatur,4,61338,15,208549,40558,Net Banking,,
10106,5/19/2024,Elakshi Sachdev,West,Mumbai,Furniture,Table,Table Laudantium,1,8623,20,6898,677,Debit Card,,
10107,10/27/2024,Emir Ramanathan,South,Chennai,Sports,Dumbbells,Dumbbells Aspernatur,3,41142,5,117255,7180,Net Banking,,
10108,6/8/2024,Prisha Shenoy,South,Coimbatore,Clothing,Kids Wear,Kids Wear Architecto,5,13088,10,58896,11457,Debit Card,,
10109,9/7/2024,Parinaaz Luthra,North,Jaipur,Furniture,Bed,Bed Officiis,1,44965,10,40469,3618,Debit Card,,
10110,1/5/2025,Aarna Bandi,West,Goa,Toys,RC Car,RC Car Incidunt,4,28822,10,103759,25442,Net Banking,,
10111,10/22/2024,Rasha Bansal,North,Amritsar,Electronics,Camera,Camera Dignissimos,2,30299,10,54538,10555,Credit Card,,
10112,4/12/2024,Alisha Amble,North,Chandigarh,Kitchen,Microwave,Microwave Vero,2,44595,20,71352,5019,Net Banking,,
10113,10/4/2023,Aniruddh Ratti,South,Coimbatore,Furniture,Table,Table Repudiandae,3,32301,20,77522,10882,Net Banking,,
10114,11/30/2023,Ishita Bajwa,South,Bangalore,Home Decor,Cushion,Cushion Dignissimos,3,78217,0,234651,18949,COD,,
10115,11/23/2024,Farhan Sarkar,South,Chennai,Toys,Board Game,Board Game Earum,5,19154,15,81405,8268,COD,,
10116,5/15/2025,Aniruddh Kothari,West,Pune,Kitchen,Juicer,Juicer In,4,25790,20,82528,4856,Debit Card,,
10117,5/10/2024,Samar Kumar,East,Kolkata,Beauty,Lipstick,Lipstick Soluta,3,78010,10,210627,20117,UPI,,
10118,1/30/2025,Ishaan Golla,East,Ranchi,Kitchen,Microwave,Microwave Aperiam,4,8753,5,33261,4190,UPI,,
10119,9/26/2024,Aniruddh Wagle,West,Surat,Kitchen,Microwave,Microwave Reiciendis,5,49477,20,197908,38221,Credit Card,,
10120,1/10/2025,Nishith Tara,South,Coimbatore,Sports,Yoga Mat,Yoga Mat Vel,1,54160,15,46036,9506,COD,,
10121,5/16/2025,Yakshit Bakshi,South,Thiruvananthapuram,Sports,Football,Football Eum,2,58592,5,111325,9680,Debit Card,,
10122,4/25/2025,Navya Amble,South,Hyderabad,Electronics,Laptop,Laptop Amet,1,6284,0,6284,888,Debit Card,,
10123,6/23/2025,Heer Lata,North,Delhi,Groceries,Spices,Spices Non,4,79276,20,253683,28532,UPI,,
10124,12/2/2024,Jiya Tandon,North,Jaipur,Clothing,Shoes,Shoes Recusandae,3,22072,20,52973,2833,Net Banking,,
10125,11/22/2024,Divyansh Kale,North,Lucknow,Kitchen,Juicer,Juicer Deleniti,1,61175,15,51999,10750,Debit Card,,
10126,6/3/2024,Raunak Raj,East,Patna,Books,Fiction,Fiction Necessitatibus,3,53034,15,135237,16864,Net Banking,,
10127,2/9/2025,Mehul Magar,North,Lucknow,Groceries,Oil,Oil Laboriosam,3,20304,10,54821,8867,UPI,,
10128,11/12/2024,Gatik Sharma,West,Ahmedabad,Home Decor,Cushion,Cushion Id,3,19607,0,58821,9062,UPI,,
10129,7/31/2025,Dhanuk Dhar,North,Jaipur,Furniture,Table,Table Placeat,1,26827,10,24144,4041,Credit Card,,
10130,3/7/2024,Kavya Varty,South,Bangalore,Groceries,Spices,Spices Error,5,31262,15,132864,12796,Credit Card,,
10131,7/3/2024,Ishaan Walia,South,Hyderabad,Electronics,Headphones,Headphones Id,4,61765,5,234707,30160,Net Banking,,
10132,8/22/2024,Oorja Sur,East,Patna,Clothing,Women's Wear,Women's Wear Ipsa,4,2962,20,9478,583,Credit Card,,
10133,8/1/2024,Dharmajan Lall,East,Kolkata,Toys,Puzzle,Puzzle Placeat,3,17679,15,45081,2374,UPI,,
10134,1/23/2024,Shanaya Kala,North,Chandigarh,Furniture,Sofa,Sofa Nulla,1,79310,15,67414,6656,UPI,,
10135,8/6/2024,Rati Goel,South,Chennai,Electronics,Camera,Camera Culpa,4,33270,5,126426,12468,Debit Card,,
10136,3/24/2024,Ivan Sarna,West,Mumbai,Toys,Doll,Doll Adipisci,3,35928,5,102395,10208,Debit Card,,
10137,3/26/2025,Akarsh Hayre,East,Kolkata,Toys,Board Game,Board Game Animi,1,62438,5,59316,4811,UPI,,
10138,10/18/2024,Hrishita Bajaj,West,Surat,Furniture,Bed,Bed Accusantium,4,41162,0,164648,22384,Debit Card,,
10139,1/15/2025,Prerak Shere,East,Guwahati,Electronics,Mobile,Mobile Aspernatur,4,78576,5,298589,66122,Credit Card,,
10140,8/13/2025,Kartik Seth,East,Patna,Books,Non-Fiction,Non-Fiction Quae,3,38456,5,109600,26199,Debit Card,,
10141,9/29/2024,Riya Brahmbhatt,South,Hyderabad,Clothing,Kids Wear,Kids Wear Tempora,1,51518,10,46366,11129,UPI,,
10142,12/5/2023,Yuvraj  Bhardwaj,North,Delhi,Electronics,Mobile,Mobile Ea,3,25964,0,77892,7595,COD,,
10143,4/20/2024,Shamik Buch,East,Patna,Furniture,Cabinet,Cabinet Voluptatum,5,38240,5,181640,26909,Debit Card,,
10144,4/2/2024,Divij Dara,South,Hyderabad,Sports,Tennis Racket,Tennis Racket Asperiores,2,40778,0,81556,19815,COD,,
10145,8/14/2024,Jivin Hans,East,Bhubaneswar,Sports,Football,Football Dolores,5,22147,5,105198,7812,UPI,,
10146,11/13/2024,Vaibhav Rattan,South,Chennai,Furniture,Table,Table Tenetur,1,48776,15,41460,9356,UPI,,
10147,1/1/2024,Nayantara Kalita,West,Ahmedabad,Electronics,Smartwatch,Smartwatch Eum,2,74802,15,127163,8864,Net Banking,,
10148,1/14/2024,Shaan Sehgal,North,Delhi,Kitchen,Mixer Grinder,Mixer Grinder Porro,1,77440,20,61952,5189,UPI,,
10149,6/14/2024,Dhruv Garg,East,Ranchi,Kitchen,Juicer,Juicer Reiciendis,1,42881,5,40737,3037,Net Banking,,
10150,3/4/2024,Kavya Lanka,West,Surat,Books,Non-Fiction,Non-Fiction Commodi,4,11205,10,40338,6760,UPI,,
10151,8/24/2025,Fateh Tripathi,North,Jaipur,Toys,Puzzle,Puzzle Repellendus,4,67259,5,255584,24050,UPI,,
10152,8/25/2025,Manikya Bhattacharyya,South,Coimbatore,Groceries,Spices,Spices Suscipit,3,21886,10,59092,14240,Net Banking,,
10153,7/11/2025,Tiya Mani,North,Jaipur,Kitchen,Microwave,Microwave Officiis,3,8844,0,26532,3837,UPI,,
10154,12/29/2023,Vihaan Loyal,West,Goa,Kitchen,Cookware Set,Cookware Set Quo,3,32484,5,92579,14376,COD,,
10155,12/12/2023,Ritvik Vyas,North,Jaipur,Home Decor,Clock,Clock Itaque,2,26027,5,49451,8546,UPI,,
10156,12/22/2024,Ivana Hegde,West,Surat,Beauty,Foundation,Foundation Nihil,4,43826,5,166539,17273,Credit Card,,
10157,4/7/2024,Vardaniya Ramaswamy,East,Patna,Toys,Action Figure,Action Figure Enim,1,39221,15,33338,2238,Debit Card,,
10158,2/3/2025,Ela Chakraborty,North,Lucknow,Toys,RC Car,RC Car In,1,54312,0,54312,10936,Net Banking,,
10159,6/21/2025,Taimur Tara,East,Ranchi,Clothing,Kids Wear,Kids Wear Aliquid,1,15748,0,15748,2755,COD,,
10160,7/31/2024,Hrishita Chanda,West,Pune,Electronics,Headphones,Headphones Labore,2,68044,10,122479,10610,COD,,
10161,9/26/2025,Myra Handa,West,Pune,Home Decor,Clock,Clock Officia,5,8465,0,42325,8054,COD,,
10162,7/22/2024,Anvi Mammen,East,Patna,Furniture,Sofa,Sofa Dolor,1,63767,20,51014,4109,COD,,
10163,9/14/2024,Shamik Walla,East,Patna,Books,Biography,Biography Mollitia,5,43178,0,215890,19440,Credit Card,,
10164,6/21/2024,Inaaya  Tandon,South,Hyderabad,Kitchen,Juicer,Juicer Possimus,5,44801,15,190404,16508,UPI,,
10165,8/21/2025,Shayak Sekhon,North,Amritsar,Home Decor,Cushion,Cushion Quasi,4,71174,5,270461,51178,Credit Card,,
10166,9/18/2025,Mehul Wable,West,Surat,Books,Comics,Comics Ad,2,56852,5,108019,15879,Debit Card,,
10167,4/1/2025,Raghav Samra,West,Pune,Furniture,Table,Table Expedita,3,8167,15,20826,3866,Net Banking,,
10168,4/7/2024,Kiara Saha,West,Goa,Sports,Dumbbells,Dumbbells Voluptatem,2,59433,10,106979,24847,Credit Card,,
10169,3/21/2024,Yasmin Kamdar,South,Bangalore,Groceries,Wheat,Wheat Beatae,3,42341,0,127023,22888,COD,,
10170,7/28/2025,Inaaya  Walla,North,Lucknow,Sports,Tennis Racket,Tennis Racket Doloremque,5,23230,10,104535,22068,Debit Card,,
10171,6/29/2024,Saira Kapoor,East,Guwahati,Sports,Football,Football Nesciunt,3,39790,0,119370,25753,Debit Card,,
10172,10/29/2024,Uthkarsh Grewal,North,Delhi,Kitchen,Mixer Grinder,Mixer Grinder Officia,3,15794,15,40275,4036,Net Banking,,
10173,1/16/2025,Amira Chakraborty,South,Hyderabad,Clothing,Men's Wear,Men's Wear Quos,1,10635,0,10635,1959,UPI,,
10174,4/16/2025,Nakul Srivastava,East,Patna,Toys,Action Figure,Action Figure Dolor,1,64954,10,58459,6815,COD,,
10175,9/28/2024,Saanvi Vasa,East,Guwahati,Furniture,Bed,Bed Eius,1,47269,20,37815,3813,Net Banking,,
10176,12/23/2023,Ritvik Agarwal,North,Jaipur,Beauty,Face Cream,Face Cream Id,5,21181,15,90019,4562,Credit Card,,
10177,6/17/2024,Yasmin Sachdeva,North,Jaipur,Electronics,Camera,Camera At,2,40371,0,80742,17592,Debit Card,,
10178,11/13/2024,Sara Chaudry,West,Ahmedabad,Toys,Board Game,Board Game Ab,5,18936,10,85212,9790,Debit Card,,
10179,10/21/2024,Aarush Vig,East,Kolkata,Furniture,Cabinet,Cabinet A,1,44366,20,35493,8736,UPI,,
10180,3/25/2025,Drishya Dasgupta,West,Mumbai,Books,Biography,Biography Deserunt,1,54330,0,54330,8922,UPI,,
10181,8/3/2024,Jayan Sidhu,South,Chennai,Groceries,Oil,Oil In,4,27952,20,89446,11673,COD,,
10182,8/2/2024,Jivin Kaul,South,Thiruvananthapuram,Clothing,Accessories,Accessories Culpa,5,10007,0,50035,11418,UPI,,
10183,12/2/2023,Aaina Lalla,East,Ranchi,Home Decor,Lamp,Lamp Exercitationem,2,8172,0,16344,3724,Net Banking,,
10184,2/27/2025,Aayush Setty,East,Bhubaneswar,Electronics,Mobile,Mobile Magnam,5,27145,10,122153,24218,Credit Card,,
10185,10/9/2024,Jivin Cheema,South,Bangalore,Beauty,Perfume,Perfume Neque,4,73974,0,295896,36664,Net Banking,,
10186,4/20/2025,Ritvik Shah,North,Lucknow,Sports,Cricket Bat,Cricket Bat Delectus,4,36775,5,139745,17302,Net Banking,,
10187,8/3/2024,Samiha Halder,South,Hyderabad,Kitchen,Cookware Set,Cookware Set Minima,2,8566,15,14562,2893,Credit Card,,
10188,6/23/2024,Emir Subramaniam,South,Coimbatore,Toys,Puzzle,Puzzle Nulla,2,10036,0,20072,2542,Net Banking,,
10189,12/4/2023,Lakshay Kari,North,Chandigarh,Furniture,Chair,Chair Veniam,4,33969,10,122288,16650,UPI,,
10190,10/19/2023,Navya Vora,East,Ranchi,Clothing,Shoes,Shoes Dolores,2,29047,20,46475,7881,Debit Card,,
10191,8/22/2024,Prerak Chakrabarti,East,Patna,Home Decor,Wall Art,Wall Art Quidem,4,15118,15,51401,2930,Net Banking,,
10192,5/14/2025,Vedika Sane,East,Bhubaneswar,Sports,Football,Football Architecto,4,24282,10,87415,6314,Debit Card,,
10193,10/10/2023,Khushi Chada,South,Thiruvananthapuram,Books,Non-Fiction,Non-Fiction Aliquid,1,57488,20,45990,10796,Debit Card,,
10194,8/16/2024,Mehul Lala,West,Surat,Kitchen,Refrigerator,Refrigerator Quibusdam,1,68404,5,64984,10470,COD,,
10195,1/2/2025,Lagan Walla,North,Delhi,Furniture,Sofa,Sofa Voluptas,4,27157,15,92334,8407,Net Banking,,
10196,8/24/2024,Manikya Wali,West,Ahmedabad,Sports,Yoga Mat,Yoga Mat Nam,1,13561,0,13561,1297,Debit Card,,
10197,4/17/2024,Hunar Sastry,West,Mumbai,Furniture,Table,Table Iusto,4,72077,10,259477,34177,Debit Card,,
10198,1/22/2024,Tarini Talwar,West,Ahmedabad,Clothing,Accessories,Accessories Aspernatur,3,40130,5,114371,17661,Net Banking,,
10199,6/20/2024,Dharmajan Sampath,West,Surat,Furniture,Sofa,Sofa Dolorum,2,48439,10,87190,19168,Net Banking,,
10200,10/30/2024,Yakshit Tank,North,Delhi,Beauty,Face Cream,Face Cream Necessitatibus,5,50870,20,203480,18437,COD,,
10201,7/11/2024,Nishith Bora,West,Goa,Clothing,Men's Wear,Men's Wear Quia,1,73982,15,62885,6713,Debit Card,,
10202,5/3/2024,Riya Thaker,East,Bhubaneswar,Toys,Board Game,Board Game Ipsa,4,27226,20,87123,7321,Debit Card,,
10203,2/10/2024,Baiju Barman,North,Jaipur,Toys,Doll,Doll Soluta,2,39988,5,75977,11787,COD,,
10204,9/6/2025,Damini Kohli,West,Surat,Sports,Dumbbells,Dumbbells Unde,4,65084,10,234302,21939,UPI,,
10205,5/16/2025,Hansh Bali,East,Guwahati,Groceries,Rice,Rice Odit,2,32591,5,61923,11144,UPI,,
10206,1/15/2025,Stuvan Arora,West,Mumbai,Clothing,Kids Wear,Kids Wear Sed,3,19535,10,52745,5397,Debit Card,,
10207,5/13/2024,Devansh Bhatti,West,Mumbai,Books,Non-Fiction,Non-Fiction Occaecati,4,22065,10,79434,9293,Debit Card,,
10208,9/14/2024,Devansh Bains,West,Mumbai,Beauty,Shampoo,Shampoo Provident,2,48559,5,92262,6637,UPI,,
10209,12/27/2024,Dhruv Srinivasan,West,Mumbai,Sports,Cricket Bat,Cricket Bat Minus,3,47479,0,142437,13234,Credit Card,,
10210,12/24/2023,Chirag Grewal,East,Ranchi,Electronics,Headphones,Headphones Similique,3,62485,5,178082,27415,Net Banking,,
10211,3/16/2024,Kimaya Mallick,West,Mumbai,Groceries,Spices,Spices Incidunt,5,18762,5,89120,6850,Credit Card,,
10212,5/6/2024,Purab Boase,South,Bangalore,Electronics,Headphones,Headphones Maiores,5,76126,10,342567,48726,COD,,
10213,3/20/2025,Ritvik Suri,West,Surat,Clothing,Women's Wear,Women's Wear Iste,2,60550,10,108990,22383,Debit Card,,
10214,1/11/2024,Samarth Sibal,South,Chennai,Groceries,Oil,Oil Sunt,3,42839,5,122091,30284,COD,,
10215,3/3/2024,Ranbir Randhawa,South,Bangalore,Furniture,Sofa,Sofa Vel,4,21265,0,85060,4989,Net Banking,,
10216,7/17/2025,Pihu Srinivasan,South,Bangalore,Furniture,Bed,Bed Architecto,3,50927,15,129864,11599,UPI,,
10217,3/8/2025,Hunar Mand,East,Patna,Books,Fiction,Fiction Dolorem,4,29195,15,99263,7994,UPI,,
10218,12/1/2024,Fateh Shroff,North,Delhi,Sports,Tennis Racket,Tennis Racket Rem,5,39970,20,159880,13770,Net Banking,,
10219,3/7/2025,Piya Korpal,North,Jaipur,Electronics,Headphones,Headphones Recusandae,4,19169,10,69008,15769,UPI,,
10220,11/22/2024,Dishani Ranganathan,South,Coimbatore,Toys,RC Car,RC Car Quam,3,12676,15,32324,4420,UPI,,
10221,1/10/2025,Raunak Krishnamurthy,West,Pune,Beauty,Shampoo,Shampoo Rem,4,16526,15,56188,9407,Debit Card,,
10222,3/3/2024,Devansh Karnik,South,Coimbatore,Furniture,Chair,Chair Sint,4,4135,15,14059,766,Debit Card,,
10223,10/2/2024,Misha Setty,West,Ahmedabad,Beauty,Lipstick,Lipstick Atque,2,22859,5,43432,8765,Credit Card,,
10224,9/4/2025,Hridaan Karnik,West,Pune,Books,Non-Fiction,Non-Fiction Porro,2,77443,15,131653,24358,Net Banking,,
10225,11/12/2023,Jayesh Kalita,West,Pune,Kitchen,Mixer Grinder,Mixer Grinder Aperiam,3,70729,0,212187,12131,UPI,,
10226,5/14/2024,Madhav Jaggi,West,Mumbai,Kitchen,Mixer Grinder,Mixer Grinder Placeat,5,57741,0,288705,70358,Net Banking,,
10227,7/18/2024,Priyansh Gour,North,Chandigarh,Groceries,Rice,Rice Ullam,5,65635,10,295358,58308,COD,,
10228,9/3/2025,Shray Dugar,North,Jaipur,Groceries,Spices,Spices Cum,3,17427,10,47053,10507,Net Banking,,
10229,5/4/2024,Rhea Ratti,South,Coimbatore,Clothing,Accessories,Accessories Est,5,41707,10,187682,30495,Net Banking,,
10230,8/7/2024,Akarsh Kala,West,Goa,Kitchen,Cookware Set,Cookware Set Nihil,3,12925,20,31020,2254,Net Banking,,
10231,11/6/2024,Neysa Kothari,East,Ranchi,Sports,Cricket Bat,Cricket Bat Ex,4,28451,20,91043,17254,UPI,,
10232,2/16/2024,Shaan Seth,North,Amritsar,Home Decor,Wall Art,Wall Art Earum,1,46500,20,37200,7575,UPI,,
10233,11/28/2024,Adira Dar,South,Coimbatore,Home Decor,Clock,Clock Optio,4,73548,20,235354,32457,UPI,,
10234,8/14/2025,Mehul Bose,East,Bhubaneswar,Home Decor,Clock,Clock Maiores,3,51697,5,147336,21418,COD,,
10235,7/17/2025,Reyansh Mahajan,East,Guwahati,Groceries,Sugar,Sugar Iusto,1,39944,15,33952,7336,Debit Card,,
10236,2/4/2025,Dhruv Bhattacharyya,West,Surat,Beauty,Shampoo,Shampoo Libero,4,18454,20,59053,3757,Debit Card,,
10237,12/14/2024,Advika Ramakrishnan,South,Hyderabad,Electronics,Headphones,Headphones Exercitationem,2,30222,0,60444,5068,Net Banking,,
10238,2/1/2024,Eshani Anand,South,Bangalore,Books,Biography,Biography Deleniti,5,7034,15,29895,7349,COD,,
10239,7/15/2025,Vardaniya Borra,East,Guwahati,Electronics,Headphones,Headphones Doloribus,5,57335,20,229340,28515,Net Banking,,
10240,10/26/2024,Misha Batra,South,Thiruvananthapuram,Clothing,Women's Wear,Women's Wear Delectus,4,9093,10,32735,4322,COD,,
10241,10/30/2023,Vaibhav Kunda,East,Bhubaneswar,Kitchen,Juicer,Juicer Sint,2,34565,15,58761,13789,Credit Card,,
10242,12/29/2023,Kimaya Vala,South,Coimbatore,Home Decor,Wall Art,Wall Art Tenetur,5,52040,0,260200,18190,COD,,
10243,2/13/2025,Onkar Verma,East,Kolkata,Electronics,Camera,Camera Minus,2,53365,20,85384,15862,Debit Card,,
10244,9/19/2024,Shanaya Bhat,South,Coimbatore,Sports,Tennis Racket,Tennis Racket Sed,4,15498,0,61992,5891,Credit Card,,
10245,10/30/2023,Pihu Varghese,West,Goa,Kitchen,Mixer Grinder,Mixer Grinder Aliquam,1,3128,15,2659,362,UPI,,
10246,3/31/2024,Zain Sen,South,Bangalore,Clothing,Men's Wear,Men's Wear Ex,5,23664,15,100572,22121,COD,,
10247,2/24/2025,Suhana Ganguly,South,Thiruvananthapuram,Groceries,Spices,Spices Pariatur,2,28416,10,51149,5324,Net Banking,,
10248,3/18/2025,Manjari Mangal,East,Bhubaneswar,Furniture,Cabinet,Cabinet Nisi,1,59778,15,50811,8499,Debit Card,,
10249,6/13/2024,Yasmin Sekhon,East,Ranchi,Electronics,Smartwatch,Smartwatch Tempore,4,31095,15,105723,22061,Debit Card,,
10250,10/18/2023,Faiyaz Issac,East,Kolkata,Furniture,Table,Table Deserunt,2,50258,15,85439,10418,UPI,,
10251,9/24/2024,Darshit Hans,West,Pune,Home Decor,Clock,Clock Perferendis,2,60360,5,114684,11744,Credit Card,,
10252,3/2/2024,Charvi Shenoy,North,Lucknow,Toys,Doll,Doll Assumenda,2,63148,5,119981,23234,COD,,
10253,5/21/2024,Khushi Bhalla,South,Hyderabad,Clothing,Men's Wear,Men's Wear Aliquid,5,57913,0,289565,61458,COD,,
10254,1/16/2025,Samarth Biswas,West,Goa,Clothing,Women's Wear,Women's Wear Totam,2,58276,10,104897,17061,COD,,
10255,11/7/2023,Badal Mangal,East,Ranchi,Home Decor,Cushion,Cushion Ipsum,5,6472,10,29124,7278,Debit Card,,
10256,1/12/2025,Nirvi Keer,North,Amritsar,Electronics,Headphones,Headphones Deleniti,3,3517,5,10023,1456,UPI,,
10257,3/28/2024,Gatik Comar,West,Pune,Groceries,Spices,Spices Reiciendis,3,7479,20,17950,2704,Net Banking,,
10258,10/21/2024,Hazel Hayre,North,Jaipur,Home Decor,Vase,Vase Laboriosam,5,72191,10,324860,53183,Credit Card,,
10259,12/15/2024,Ritvik Mangat,North,Chandigarh,Clothing,Accessories,Accessories Iure,1,59846,5,56854,9759,COD,,
10260,6/3/2024,Damini Kapur,South,Bangalore,Clothing,Women's Wear,Women's Wear Officia,1,59828,5,56837,8325,Net Banking,,
10261,8/30/2025,Tushar Devan,South,Coimbatore,Clothing,Women's Wear,Women's Wear Vero,2,27785,0,55570,6794,UPI,,
10262,10/25/2024,Rohan Iyengar,East,Patna,Sports,Yoga Mat,Yoga Mat Quibusdam,3,24823,10,67022,14627,COD,,
10263,11/22/2023,Bhavin Tara,North,Jaipur,Toys,Action Figure,Action Figure Beatae,3,50511,10,136380,20914,COD,,
10264,2/5/2024,Drishya Mangal,South,Coimbatore,Kitchen,Juicer,Juicer Voluptate,4,39061,20,124995,30887,Credit Card,,
10265,3/7/2024,Divyansh Bhavsar,East,Kolkata,Kitchen,Cookware Set,Cookware Set Ut,5,30115,10,135518,8532,UPI,,
10266,10/26/2024,Anay Warrior,East,Guwahati,Books,Fiction,Fiction Aliquid,1,43894,20,35115,4820,UPI,,
10267,2/5/2025,Khushi Taneja,East,Bhubaneswar,Toys,RC Car,RC Car Ipsum,3,33800,5,96330,11892,Net Banking,,
10268,3/27/2025,Siya Chandra,North,Chandigarh,Kitchen,Microwave,Microwave Eius,2,9711,10,17480,2641,Credit Card,,
10269,2/20/2025,Taran Vig,South,Chennai,Toys,Doll,Doll Eius,5,57388,20,229552,51151,UPI,,
10270,6/9/2024,Nitya Gopal,South,Thiruvananthapuram,Sports,Yoga Mat,Yoga Mat Consequuntur,4,27669,20,88541,16699,Net Banking,,
10271,9/29/2024,Dishani Chaudhry,East,Ranchi,Electronics,Laptop,Laptop Ipsam,2,63300,0,126600,16592,Debit Card,,
10272,9/2/2025,Advika Grover,East,Bhubaneswar,Home Decor,Wall Art,Wall Art Neque,4,32197,10,115909,27119,Credit Card,,
10273,8/27/2024,Suhana Rastogi,East,Bhubaneswar,Toys,RC Car,RC Car Et,4,25239,15,85813,9113,Debit Card,,
10274,2/16/2024,Onkar Rajagopal,South,Thiruvananthapuram,Furniture,Cabinet,Cabinet Provident,4,47304,15,160834,35806,Credit Card,,
10275,4/16/2025,Rhea Basak,East,Kolkata,Sports,Football,Football Temporibus,2,19112,10,34402,6928,Debit Card,,
10276,4/14/2024,Anya Sha,South,Coimbatore,Electronics,Mobile,Mobile Laudantium,5,890,20,3560,448,UPI,,
10277,4/10/2024,Alia Ravi,North,Lucknow,Beauty,Foundation,Foundation Doloremque,4,62321,5,236820,40372,COD,,
10278,4/22/2025,Tarini Shukla,West,Surat,Clothing,Women's Wear,Women's Wear Consequuntur,5,31545,5,149839,36850,Credit Card,,
10279,9/27/2024,Aarush Kaur,South,Thiruvananthapuram,Beauty,Lipstick,Lipstick Debitis,1,77022,5,73171,10033,COD,,
10280,2/6/2024,Uthkarsh Dara,East,Guwahati,Groceries,Oil,Oil Sit,5,31480,10,141660,22581,Debit Card,,
10281,8/17/2025,Samiha Dutta,East,Patna,Sports,Dumbbells,Dumbbells Assumenda,3,77903,15,198653,24668,UPI,,
10282,8/25/2024,Mahika Divan,East,Ranchi,Sports,Football,Football Distinctio,4,43141,10,155308,29994,COD,,
10283,6/30/2025,Vidur Sharaf,East,Patna,Toys,Board Game,Board Game A,2,41901,5,79612,8138,Debit Card,,
10284,5/10/2025,Purab Seshadri,South,Bangalore,Beauty,Foundation,Foundation Necessitatibus,5,74119,10,333536,29687,Credit Card,,
10285,8/5/2025,Vanya Sur,South,Hyderabad,Furniture,Cabinet,Cabinet Ratione,1,45039,0,45039,5713,Net Banking,,
10286,2/14/2024,Rati Goyal,West,Mumbai,Kitchen,Microwave,Microwave Ea,3,23107,10,62389,14441,Credit Card,,
10287,7/23/2025,Anay Goswami,North,Jaipur,Electronics,Mobile,Mobile Beatae,1,19031,5,18079,3430,Credit Card,,
10288,3/9/2025,Anika Deol,East,Patna,Home Decor,Vase,Vase Exercitationem,5,6383,5,30319,6664,COD,,
10289,3/30/2024,Sahil Saxena,North,Jaipur,Electronics,Camera,Camera Quasi,4,19136,10,68890,11106,Debit Card,,
10290,6/23/2025,Rhea Rajagopalan,West,Ahmedabad,Electronics,Camera,Camera Atque,1,24046,20,19237,1485,Net Banking,,
10291,4/20/2025,Zaina Bassi,South,Coimbatore,Beauty,Shampoo,Shampoo Nulla,5,52962,15,225089,19502,Credit Card,,
10292,7/16/2024,Ishita Shroff,South,Bangalore,Furniture,Sofa,Sofa Dolorum,4,697,20,2230,408,Credit Card,,
10293,10/16/2023,Kabir Dubey,West,Goa,Beauty,Foundation,Foundation Officia,4,64428,0,257712,26012,Net Banking,,
10294,5/10/2025,Zoya Gera,South,Hyderabad,Beauty,Shampoo,Shampoo Saepe,1,15196,5,14436,907,COD,,
10295,11/5/2023,Shalv Lad,North,Delhi,Furniture,Chair,Chair Assumenda,2,78645,5,149426,16809,Debit Card,,
10296,6/3/2024,Kaira Sinha,South,Bangalore,Clothing,Accessories,Accessories Perspiciatis,4,66392,0,265568,59732,UPI,,
10297,6/9/2024,Aaina Gala,East,Patna,Home Decor,Lamp,Lamp Ex,3,53780,5,153273,15728,Net Banking,,
10298,9/17/2025,Pari Vohra,North,Lucknow,Books,Fiction,Fiction Rem,5,27298,15,116017,26647,Credit Card,,
10299,1/3/2024,Lagan Kala,South,Thiruvananthapuram,Books,Textbook,Textbook Alias,1,72532,5,68905,5338,Net Banking,,
10300,9/14/2024,Keya Borah,North,Lucknow,Electronics,Camera,Camera Placeat,5,32758,5,155601,33651,Net Banking,,
10301,8/29/2024,Hiran Balakrishnan,West,Mumbai,Electronics,Headphones,Headphones Rerum,1,50673,0,50673,6174,COD,,
10302,4/1/2025,Heer Lal,East,Kolkata,Beauty,Foundation,Foundation Molestias,3,51988,5,148166,28611,UPI,,
10303,5/13/2024,Stuvan Hayer,North,Chandigarh,Furniture,Bed,Bed Optio,5,50808,20,203232,18445,Debit Card,,
10304,10/18/2024,Mishti Lata,West,Pune,Sports,Dumbbells,Dumbbells Dolorem,1,60395,10,54356,8805,UPI,,
10305,8/31/2025,Vedika Shetty,South,Chennai,Kitchen,Cookware Set,Cookware Set Eligendi,4,18577,0,74308,9828,UPI,,
10306,3/26/2024,Shalv Ahluwalia,North,Lucknow,Toys,RC Car,RC Car Nobis,5,42091,15,178887,33711,Net Banking,,
10307,11/5/2023,Rania Bawa,East,Guwahati,Home Decor,Vase,Vase Quisquam,2,48342,10,87016,8010,Net Banking,,
10308,5/27/2024,Piya Yadav,North,Chandigarh,Furniture,Sofa,Sofa Temporibus,5,14484,10,65178,14017,UPI,,
10309,6/11/2025,Emir Doctor,South,Chennai,Beauty,Shampoo,Shampoo Commodi,3,75112,0,225336,41757,UPI,,
10310,9/13/2024,Tiya Bedi,North,Delhi,Furniture,Bed,Bed Aspernatur,1,61423,5,58352,7118,Net Banking,,
10311,7/17/2024,Lavanya Cherian,South,Coimbatore,Toys,Board Game,Board Game Consectetur,5,68955,5,327536,66433,Net Banking,,
10312,4/13/2025,Nirvi Vyas,East,Ranchi,Home Decor,Vase,Vase A,2,54662,20,87459,6643,Debit Card,,
10313,12/6/2023,Alia Bandi,East,Ranchi,Toys,Puzzle,Puzzle Veniam,1,25673,0,25673,5287,Net Banking,,
10314,1/9/2025,Adira Dhingra,North,Delhi,Beauty,Perfume,Perfume Mollitia,5,70511,0,352555,50631,COD,,
10315,5/25/2024,Saira Chacko,North,Jaipur,Books,Comics,Comics Reprehenderit,5,27101,10,121955,16875,UPI,,
10316,12/27/2023,Biju Handa,East,Kolkata,Electronics,Headphones,Headphones Perferendis,4,58124,15,197622,24989,Debit Card,,
10317,5/11/2024,Badal Sanghvi,South,Bangalore,Toys,Action Figure,Action Figure Ipsum,4,76344,10,274838,62452,UPI,,
10318,6/1/2025,Manikya Sur,West,Pune,Sports,Cricket Bat,Cricket Bat Accusamus,3,79811,5,227461,38213,Net Banking,,
10319,10/27/2024,Ritvik Sankar,West,Surat,Groceries,Wheat,Wheat Repellendus,3,47051,10,127038,28042,Credit Card,,
10320,5/26/2025,Gokul Kari,North,Delhi,Groceries,Wheat,Wheat Facere,1,79212,0,79212,6200,Credit Card,,
10321,1/22/2024,Veer Sood,North,Chandigarh,Furniture,Chair,Chair Odit,3,27980,15,71349,15173,Debit Card,,
10322,2/25/2025,Nitya Mani,West,Goa,Electronics,Mobile,Mobile Mollitia,2,33835,15,57520,7514,UPI,,
10323,3/18/2024,Mamooty Jhaveri,West,Pune,Kitchen,Refrigerator,Refrigerator Unde,2,55696,15,94683,11283,COD,,
10324,2/21/2025,Abram Gera,West,Mumbai,Electronics,Mobile,Mobile Asperiores,4,67835,0,271340,43514,UPI,,
10325,7/10/2024,Aniruddh Batra,East,Guwahati,Home Decor,Cushion,Cushion Earum,4,37394,20,119661,26432,Net Banking,,
10326,7/10/2025,Navya Balakrishnan,East,Kolkata,Kitchen,Mixer Grinder,Mixer Grinder Maxime,4,40507,5,153927,19587,COD,,
10327,11/12/2023,Vedika Suri,East,Patna,Kitchen,Microwave,Microwave Quia,2,5015,0,10030,1721,Net Banking,,
10328,9/19/2024,Taran Ganesan,South,Hyderabad,Clothing,Men's Wear,Men's Wear Debitis,4,58878,20,188410,41098,Credit Card,,
10329,11/24/2024,Dhanuk Ramachandran,North,Chandigarh,Clothing,Kids Wear,Kids Wear Pariatur,1,5141,0,5141,930,Debit Card,,
10330,10/16/2024,Tarini Walia,South,Bangalore,Sports,Dumbbells,Dumbbells Ab,1,7226,10,6503,1114,Credit Card,,
10331,10/25/2024,Ira Walia,West,Surat,Electronics,Laptop,Laptop Tempore,5,27669,0,138345,18153,UPI,,
10332,3/8/2024,Fateh Dhar,South,Thiruvananthapuram,Groceries,Wheat,Wheat Itaque,3,43125,10,116438,20640,Credit Card,,
10333,3/23/2024,Indrajit Kaul,North,Jaipur,Books,Fiction,Fiction Sunt,5,54056,10,243252,34303,COD,,
10334,11/22/2023,Krish Ahuja,South,Hyderabad,Beauty,Face Cream,Face Cream Doloribus,2,21407,15,36392,6662,Credit Card,,
10335,6/1/2025,Mohanlal Dyal,West,Goa,Furniture,Cabinet,Cabinet Iusto,4,26792,0,107168,8764,Net Banking,,
10336,8/26/2025,Jivin Bobal,South,Thiruvananthapuram,Furniture,Sofa,Sofa Occaecati,1,17266,5,16403,1078,Debit Card,,
10337,11/21/2023,Prisha Dhillon,South,Bangalore,Electronics,Mobile,Mobile Quo,4,28866,15,98144,12725,UPI,,
10338,7/19/2024,Veer Goel,East,Bhubaneswar,Groceries,Sugar,Sugar Est,2,72768,15,123706,15183,Credit Card,,
10339,10/8/2023,Hunar Ganesan,West,Surat,Furniture,Chair,Chair Ipsum,5,44620,0,223100,17960,Net Banking,,
10340,7/27/2024,Hrishita Lata,East,Guwahati,Books,Comics,Comics Unde,4,39237,5,149101,21260,Credit Card,,
10341,5/18/2024,Mishti Bhagat,East,Kolkata,Furniture,Chair,Chair Voluptatum,5,28761,15,122234,21318,Credit Card,,
10342,8/27/2024,Dharmajan Goel,East,Bhubaneswar,Sports,Football,Football Fugiat,3,28696,20,68870,11660,UPI,,
10343,10/16/2023,Taimur Bumb,East,Bhubaneswar,Kitchen,Mixer Grinder,Mixer Grinder Labore,3,13698,20,32875,5197,Debit Card,,
10344,10/19/2024,Divij Bose,West,Ahmedabad,Kitchen,Juicer,Juicer Officia,1,67733,5,64346,11813,UPI,,
10345,8/21/2025,Biju Vig,South,Bangalore,Sports,Yoga Mat,Yoga Mat Aliquid,5,22546,5,107094,24660,Net Banking,,
10346,2/2/2025,Dhruv Bhalla,West,Mumbai,Clothing,Kids Wear,Kids Wear Labore,3,72254,15,184248,45929,COD,,
10347,7/1/2024,Badal Balan,East,Kolkata,Kitchen,Mixer Grinder,Mixer Grinder Doloribus,1,8062,5,7659,1393,Net Banking,,
10348,11/7/2024,Mahika Sachdeva,South,Coimbatore,Electronics,Camera,Camera Voluptatum,1,70715,15,60108,5835,UPI,,
10349,6/26/2025,Elakshi Baral,East,Kolkata,Home Decor,Clock,Clock Nam,1,25415,10,22874,5134,UPI,,
10350,6/3/2025,Rania Balakrishnan,East,Guwahati,Home Decor,Vase,Vase Vel,2,20517,20,32827,5811,Credit Card,,
10351,8/5/2024,Samaira Goel,North,Amritsar,Sports,Football,Football Iusto,2,69618,0,139236,30309,Net Banking,,
10352,7/28/2024,Suhana Talwar,West,Mumbai,Home Decor,Cushion,Cushion Voluptate,2,33205,20,53128,12432,Credit Card,,
10353,9/7/2024,Tara Chaudhry,South,Chennai,Toys,Board Game,Board Game Dolore,4,71919,20,230141,41479,UPI,,
10354,1/22/2024,Shanaya Roy,West,Pune,Kitchen,Microwave,Microwave Quos,1,52774,5,50135,3970,COD,,
10355,7/20/2025,Onkar Sunder,North,Delhi,Groceries,Oil,Oil Quibusdam,4,12610,20,40352,7659,COD,,
10356,10/8/2023,Yasmin Baral,North,Amritsar,Home Decor,Cushion,Cushion Consequatur,1,34831,10,31348,4061,UPI,,
10357,1/26/2025,Shayak Koshy,South,Chennai,Kitchen,Cookware Set,Cookware Set Natus,4,44710,20,143072,19431,Net Banking,,
10358,5/8/2025,Yakshit Arora,South,Bangalore,Clothing,Shoes,Shoes Quisquam,3,1260,0,3780,363,Credit Card,,
10359,1/14/2024,Riaan Sura,East,Kolkata,Kitchen,Cookware Set,Cookware Set Incidunt,1,17584,10,15826,3032,Net Banking,,
10360,7/28/2024,Aarna Ramesh,East,Patna,Books,Biography,Biography Quas,3,31082,10,83921,4319,Debit Card,,
10361,4/28/2025,Yuvaan Sheth,West,Ahmedabad,Home Decor,Lamp,Lamp Veritatis,2,35165,15,59781,11479,Debit Card,,
10362,11/14/2024,Riya Hari,West,Mumbai,Clothing,Accessories,Accessories Velit,4,67674,5,257161,13975,UPI,,
10363,10/20/2024,Lavanya Anne,West,Mumbai,Beauty,Face Cream,Face Cream Maxime,4,67151,5,255174,16708,Debit Card,,
10364,11/19/2023,Taimur Goda,South,Coimbatore,Clothing,Women's Wear,Women's Wear Ab,1,7087,0,7087,605,Net Banking,,
10365,5/14/2025,Mamooty Vora,North,Jaipur,Groceries,Wheat,Wheat Animi,3,44103,15,112463,21744,UPI,,
10366,10/3/2025,Rasha Sule,West,Surat,Toys,Action Figure,Action Figure Veritatis,1,54671,0,54671,12774,UPI,,
10367,11/14/2023,Anahi Issac,East,Patna,Toys,RC Car,RC Car Veritatis,1,28783,5,27344,6205,UPI,,
10368,1/6/2025,Ela Chandra,North,Lucknow,Home Decor,Clock,Clock Earum,5,26170,15,111223,9146,UPI,,
10369,10/13/2023,Samiha Sabharwal,East,Patna,Home Decor,Clock,Clock Saepe,2,20101,15,34172,6720,Debit Card,,
10370,4/8/2024,Tara Hari,West,Surat,Sports,Dumbbells,Dumbbells Voluptatibus,5,41691,20,166764,17579,COD,,
10371,4/25/2024,Sumer Mann,West,Mumbai,Furniture,Cabinet,Cabinet Iure,4,51848,0,207392,47872,Debit Card,,
10372,6/28/2025,Suhana Sunder,North,Lucknow,Electronics,Laptop,Laptop Deserunt,1,14010,20,11208,2672,UPI,,
10373,10/25/2024,Anay Mandal,South,Chennai,Clothing,Kids Wear,Kids Wear Ipsa,2,78959,10,142126,11846,Debit Card,,
10374,11/4/2023,Emir Jha,East,Ranchi,Furniture,Table,Table Libero,3,59052,5,168298,12145,Debit Card,,
10375,10/17/2023,Nehmat Iyengar,West,Surat,Groceries,Wheat,Wheat Laboriosam,1,24888,20,19910,3164,Net Banking,,
10376,9/23/2025,Ritvik Sood,South,Bangalore,Beauty,Perfume,Perfume Quas,3,34836,0,104508,10965,Debit Card,,
10377,10/3/2024,Taimur Bahl,South,Chennai,Kitchen,Juicer,Juicer Facere,3,76943,0,230829,19571,Debit Card,,
10378,6/23/2024,Mahika Kothari,East,Patna,Books,Textbook,Textbook Odio,4,24517,10,88261,20015,COD,,
10379,1/30/2025,Jiya Bahl,West,Ahmedabad,Sports,Tennis Racket,Tennis Racket Veritatis,2,10782,5,20486,2609,Credit Card,,
10380,8/28/2025,Ranbir Khalsa,North,Chandigarh,Beauty,Shampoo,Shampoo Molestiae,2,64665,20,103464,11392,Credit Card,,
10381,2/23/2025,Darshit Upadhyay,North,Jaipur,Furniture,Bed,Bed Recusandae,2,22136,5,42058,7357,COD,,
10382,4/9/2024,Ayesha Sarna,North,Chandigarh,Furniture,Bed,Bed Veritatis,1,68628,5,65197,7225,Credit Card,,
10383,8/12/2025,Sara Koshy,East,Ranchi,Furniture,Sofa,Sofa Laboriosam,5,46409,5,220443,50160,Net Banking,,
10384,6/30/2024,Samar Jayaraman,North,Chandigarh,Furniture,Bed,Bed Illum,4,34390,0,137560,18866,Net Banking,,
10385,8/26/2025,Seher Lall,North,Amritsar,Sports,Cricket Bat,Cricket Bat Eligendi,3,38240,20,91776,19046,Net Banking,,
10386,11/23/2024,Anahita Hegde,South,Coimbatore,Toys,Doll,Doll Hic,3,18812,20,45149,2804,Debit Card,,
10387,3/6/2025,Indranil Varty,West,Mumbai,Beauty,Lipstick,Lipstick Esse,3,13633,15,34764,8081,UPI,,
10388,8/18/2024,Myra Sarkar,South,Thiruvananthapuram,Clothing,Accessories,Accessories Voluptas,2,29494,10,53089,10186,COD,,
10389,6/11/2024,Nitara Char,North,Amritsar,Toys,Board Game,Board Game Impedit,1,47491,15,40367,7958,Debit Card,,
10390,12/31/2023,Anay Deol,East,Bhubaneswar,Home Decor,Lamp,Lamp Cum,4,28562,15,97111,14603,UPI,,
10391,12/29/2024,Anvi Jayaraman,East,Kolkata,Furniture,Table,Table Exercitationem,4,45176,15,153598,34231,Credit Card,,
10392,1/2/2025,Aaina Sharaf,South,Chennai,Beauty,Foundation,Foundation Magni,1,62507,0,62507,15215,COD,,
10393,8/20/2024,Alia Borde,East,Kolkata,Sports,Football,Football Commodi,3,54885,15,139957,25633,Credit Card,,
10394,2/1/2024,Kanav Shan,South,Hyderabad,Beauty,Foundation,Foundation Sequi,2,48780,5,92682,7015,Net Banking,,
10395,5/22/2024,Suhana Ram,East,Bhubaneswar,Groceries,Oil,Oil Accusamus,5,78992,20,315968,58415,UPI,,
10396,9/10/2024,Ivana Sen,South,Hyderabad,Kitchen,Juicer,Juicer Nesciunt,2,32994,15,56090,9486,Debit Card,,
10397,11/12/2023,Anaya Krish,West,Surat,Home Decor,Vase,Vase Accusamus,2,39486,5,75023,7929,Credit Card,,
10398,5/14/2025,Vihaan Lall,East,Guwahati,Electronics,Laptop,Laptop Sunt,3,78278,15,199609,41772,Credit Card,,
10399,3/6/2025,Yakshit Gole,South,Chennai,Sports,Football,Football Maiores,1,35049,15,29792,3805,UPI,,
10400,7/14/2024,Elakshi Barman,East,Kolkata,Books,Non-Fiction,Non-Fiction Repellendus,2,67709,10,121876,25359,Net Banking,,
10401,5/22/2024,Eshani Kala,South,Bangalore,Furniture,Table,Table Explicabo,4,63345,10,228042,56418,UPI,,
10402,6/14/2024,Mahika Tiwari,South,Coimbatore,Kitchen,Cookware Set,Cookware Set Ipsum,1,66151,10,59536,10175,Debit Card,,
10403,2/2/2024,Neysa Chacko,South,Coimbatore,Kitchen,Microwave,Microwave Soluta,2,58390,5,110941,6649,Net Banking,,
10404,6/18/2024,Kabir Koshy,West,Goa,Toys,Board Game,Board Game Vel,3,34017,20,81641,7899,Credit Card,,
10405,9/17/2025,Shayak Tiwari,West,Surat,Furniture,Sofa,Sofa Laboriosam,2,40744,0,81488,17473,Debit Card,,
10406,1/28/2024,Indrans Wable,East,Patna,Home Decor,Lamp,Lamp Impedit,2,54055,20,86488,10829,UPI,,
10407,11/21/2023,Jiya Banerjee,North,Chandigarh,Kitchen,Refrigerator,Refrigerator Facere,1,31617,15,26874,1409,Debit Card,,
10408,2/11/2025,Yashvi Chopra,West,Pune,Kitchen,Juicer,Juicer Ad,4,27630,5,104994,21539,Debit Card,,
10409,1/2/2025,Anay Kamdar,South,Bangalore,Clothing,Kids Wear,Kids Wear Officia,2,31337,5,59540,3888,UPI,,
10410,5/5/2025,Bhavin Suresh,East,Kolkata,Clothing,Accessories,Accessories Dignissimos,2,74144,5,140874,26268,COD,,
10411,7/12/2024,Eva Dar,South,Thiruvananthapuram,Toys,Action Figure,Action Figure Ducimus,1,12174,5,11565,969,Credit Card,,
10412,5/15/2024,Sumer Bhandari,North,Amritsar,Clothing,Kids Wear,Kids Wear Reprehenderit,5,55124,5,261839,41134,UPI,,
10413,3/14/2024,Vihaan Majumdar,South,Chennai,Kitchen,Cookware Set,Cookware Set Accusantium,3,68890,20,165336,28998,Net Banking,,
10414,3/7/2024,Nakul Maharaj,South,Chennai,Clothing,Kids Wear,Kids Wear Adipisci,2,34522,15,58687,12644,UPI,,
10415,2/7/2024,Darshit Tripathi,East,Bhubaneswar,Groceries,Oil,Oil Optio,3,15297,10,41302,5877,Debit Card,,
10416,10/2/2025,Faiyaz Chada,North,Chandigarh,Books,Biography,Biography Facilis,1,74394,5,70674,17236,Debit Card,,
10417,5/11/2024,Azad Bhardwaj,North,Amritsar,Furniture,Cabinet,Cabinet Temporibus,3,51264,20,123034,27145,UPI,,
10418,1/9/2025,Priyansh Rama,South,Bangalore,Clothing,Men's Wear,Men's Wear Repellat,5,71207,10,320432,33894,Debit Card,,
10419,7/31/2024,Sana Borde,North,Lucknow,Clothing,Kids Wear,Kids Wear Accusamus,5,59662,5,283395,63464,COD,,
10420,9/23/2024,Trisha Lad,South,Thiruvananthapuram,Toys,Doll,Doll Ab,4,75843,5,288203,38959,Credit Card,,
10421,7/3/2025,Pihu Mane,West,Surat,Electronics,Mobile,Mobile Rem,1,47539,10,42785,7439,Credit Card,,
10422,11/3/2024,Hansh Dara,South,Bangalore,Sports,Tennis Racket,Tennis Racket Ipsum,3,78549,5,223865,42669,Credit Card,,
10423,1/9/2024,Hazel Chakrabarti,South,Bangalore,Home Decor,Clock,Clock Provident,4,34292,0,137168,33084,COD,,
10424,5/2/2024,Kismat Rajan,East,Patna,Clothing,Accessories,Accessories Laudantium,2,53535,10,96363,8393,UPI,,
10425,6/19/2025,Onkar Dugar,West,Goa,Sports,Cricket Bat,Cricket Bat Doloremque,1,38686,15,32883,6951,Credit Card,,
10426,11/12/2024,Ivana Kadakia,East,Kolkata,Toys,Action Figure,Action Figure Quae,5,50771,5,241162,41030,Debit Card,,
10427,8/17/2024,Adira Issac,West,Ahmedabad,Sports,Yoga Mat,Yoga Mat A,2,11405,5,21670,2977,Credit Card,,
10428,10/16/2024,Chirag Ramanathan,East,Ranchi,Beauty,Foundation,Foundation Occaecati,2,63889,15,108611,20675,UPI,,
10429,2/24/2024,Priyansh Khurana,East,Patna,Groceries,Rice,Rice Id,5,22292,10,100314,9396,UPI,,
10430,8/3/2025,Jiya Savant,West,Mumbai,Kitchen,Mixer Grinder,Mixer Grinder Rem,2,60140,20,96224,14747,Credit Card,,
10431,12/11/2023,Advik Talwar,West,Ahmedabad,Toys,Action Figure,Action Figure Atque,2,25502,20,40803,3958,Debit Card,,
10432,4/16/2024,Zara Ramachandran,East,Kolkata,Groceries,Rice,Rice Illum,4,42773,20,136874,20500,UPI,,
10433,4/28/2025,Dhanuk Saraf,East,Kolkata,Sports,Cricket Bat,Cricket Bat Iusto,5,21146,10,95157,20223,COD,,
10434,2/17/2025,Dhanuk Soni,North,Amritsar,Sports,Cricket Bat,Cricket Bat Totam,2,79849,0,159698,38482,Credit Card,,
10435,9/20/2025,Indrajit Wason,North,Lucknow,Clothing,Women's Wear,Women's Wear Non,3,41591,10,112296,26273,UPI,,
10436,7/17/2024,Hazel Kade,North,Jaipur,Toys,Puzzle,Puzzle Tempore,1,17173,10,15456,3606,COD,,
10437,5/25/2025,Armaan Kunda,West,Mumbai,Groceries,Rice,Rice Accusantium,4,8489,10,30560,1976,Net Banking,,
10438,6/19/2024,Rasha Tank,South,Coimbatore,Home Decor,Vase,Vase Est,4,53664,0,214656,51499,COD,,
10439,10/14/2024,Rasha Bose,South,Coimbatore,Sports,Tennis Racket,Tennis Racket Rerum,1,62470,5,59347,13482,Credit Card,,
10440,5/20/2024,Anvi Raju,West,Pune,Sports,Dumbbells,Dumbbells Accusamus,5,18345,20,73380,13732,Credit Card,,
10441,8/22/2024,Sara Chowdhury,East,Bhubaneswar,Sports,Football,Football Exercitationem,1,11787,15,10019,2342,COD,,
10442,10/11/2023,Indrajit Dave,South,Hyderabad,Groceries,Spices,Spices Eius,2,14992,20,23987,3758,UPI,,
10443,4/19/2025,Nitya Sastry,West,Ahmedabad,Furniture,Sofa,Sofa Ad,2,52604,20,84166,15279,UPI,,
10444,2/10/2024,Hunar Bedi,North,Jaipur,Sports,Tennis Racket,Tennis Racket Placeat,4,48951,15,166433,32499,UPI,,
10445,2/9/2025,Hrishita Jani,East,Guwahati,Books,Non-Fiction,Non-Fiction Nam,1,62525,0,62525,11292,UPI,,
10446,4/15/2025,Shray Raja,West,Surat,Toys,RC Car,RC Car Itaque,2,72207,5,137193,20209,Net Banking,,
10447,2/17/2025,Ehsaan Sawhney,East,Ranchi,Furniture,Chair,Chair Voluptate,2,6537,5,12420,667,Debit Card,,
10448,10/5/2024,Miraan Khanna,East,Kolkata,Clothing,Women's Wear,Women's Wear In,4,12606,5,47903,3220,Credit Card,,
10449,8/17/2025,Ranbir Suresh,South,Thiruvananthapuram,Furniture,Sofa,Sofa Expedita,5,21916,0,109580,6333,UPI,,
10450,6/9/2025,Aarav Singhal,East,Patna,Toys,Action Figure,Action Figure Minus,4,33930,5,128934,25079,Credit Card,,
10451,11/29/2024,Aniruddh Doctor,West,Ahmedabad,Clothing,Shoes,Shoes Hic,4,31978,10,115121,25070,Credit Card,,
10452,2/24/2025,Siya Thaker,North,Delhi,Sports,Tennis Racket,Tennis Racket Illo,4,71504,15,243114,37086,Net Banking,,
10453,9/29/2025,Taran Kakar,South,Bangalore,Books,Textbook,Textbook Quam,3,6748,5,19232,2134,COD,,
10454,8/30/2025,Trisha Mandal,East,Kolkata,Furniture,Bed,Bed Ab,1,27172,20,21738,4454,COD,,
10455,7/6/2024,Sumer Vasa,North,Lucknow,Sports,Yoga Mat,Yoga Mat Distinctio,2,9422,20,15075,2186,Net Banking,,
10456,5/2/2024,Krish Kannan,East,Ranchi,Clothing,Men's Wear,Men's Wear Recusandae,3,15194,10,41024,3098,UPI,,
10457,4/1/2025,Ojas Chaudhary,East,Ranchi,Beauty,Perfume,Perfume Quibusdam,5,27257,5,129471,24295,Net Banking,,
10458,10/3/2024,Reyansh Handa,North,Jaipur,Electronics,Mobile,Mobile Nihil,4,35540,10,127944,17285,Net Banking,,
10459,2/27/2025,Hiran Sinha,West,Ahmedabad,Toys,Puzzle,Puzzle Doloribus,2,19081,0,38162,5166,COD,,
10460,1/17/2025,Tanya Tak,South,Hyderabad,Clothing,Men's Wear,Men's Wear Repudiandae,5,7721,0,38605,2917,UPI,,
10461,7/8/2024,Ivana Sahota,East,Kolkata,Toys,Action Figure,Action Figure Numquam,3,5314,10,14348,1830,Credit Card,,
10462,12/27/2023,Armaan Hora,South,Thiruvananthapuram,Books,Textbook,Textbook Iste,5,33808,15,143684,23356,Credit Card,,
10463,4/9/2025,Vanya Upadhyay,North,Jaipur,Electronics,Mobile,Mobile Quo,5,18349,10,82571,15016,Net Banking,,
10464,2/25/2024,Shalv Mallick,East,Ranchi,Clothing,Women's Wear,Women's Wear Voluptatum,3,4938,20,11851,654,UPI,,
10465,3/4/2025,Hridaan Dyal,North,Chandigarh,Kitchen,Cookware Set,Cookware Set Repellat,4,22056,20,70579,8812,Debit Card,,
10466,3/9/2024,Heer Varghese,South,Bangalore,Clothing,Women's Wear,Women's Wear Fugiat,2,61626,15,104764,7900,Net Banking,,
10467,1/31/2024,Kiaan Bhat,North,Jaipur,Groceries,Sugar,Sugar Fugit,4,46513,0,186052,21722,UPI,,
10468,3/22/2024,Urvi Vora,North,Chandigarh,Electronics,Laptop,Laptop Magni,3,71994,15,183585,12295,Net Banking,,
10469,5/19/2025,Urvi Shroff,East,Ranchi,Electronics,Laptop,Laptop Sit,1,9724,20,7779,1283,COD,,
10470,7/13/2025,Aradhya Jayaraman,North,Jaipur,Clothing,Men's Wear,Men's Wear Explicabo,5,35560,20,142240,33227,UPI,,
10471,10/1/2024,Aayush Boase,East,Guwahati,Furniture,Sofa,Sofa Suscipit,5,26114,15,110985,24940,Credit Card,,
10472,8/30/2025,Vedika Arora,East,Kolkata,Sports,Tennis Racket,Tennis Racket Molestiae,5,59190,0,295950,41812,UPI,,
10473,11/26/2024,Charvi Gulati,South,Bangalore,Groceries,Sugar,Sugar Temporibus,2,21758,0,43516,5432,Debit Card,,
10474,10/19/2024,Kavya Chokshi,East,Ranchi,Toys,Board Game,Board Game Nulla,5,11362,5,53970,6503,Debit Card,,
10475,6/18/2024,Amani Sanghvi,West,Surat,Groceries,Oil,Oil Aliquam,3,4902,5,13971,1272,Debit Card,,
10476,2/25/2025,Priyansh Ghose,East,Patna,Home Decor,Cushion,Cushion Labore,5,35330,0,176650,21282,COD,,
10477,8/19/2024,Kavya Kade,North,Jaipur,Kitchen,Microwave,Microwave Cumque,1,60344,0,60344,3393,COD,,
10478,2/12/2025,Khushi Kunda,South,Bangalore,Beauty,Perfume,Perfume Maxime,5,65116,0,325580,68225,COD,,
10479,5/20/2024,Mamooty Boase,North,Delhi,Books,Biography,Biography Eaque,1,51511,15,43784,2675,UPI,,
10480,8/14/2024,Zain Hari,North,Amritsar,Clothing,Accessories,Accessories Repellendus,5,74352,5,353172,60836,COD,,
10481,2/26/2024,Raghav Hegde,North,Jaipur,Books,Non-Fiction,Non-Fiction Architecto,3,34819,15,88788,13088,UPI,,
10482,5/8/2024,Piya Bhattacharyya,East,Ranchi,Furniture,Table,Table Tenetur,3,50549,0,151647,15286,UPI,,
10483,2/24/2025,Aarav Bal,North,Chandigarh,Books,Comics,Comics Eos,2,47370,15,80529,6490,Net Banking,,
10484,4/4/2024,Lagan Thakur,West,Surat,Furniture,Bed,Bed Iure,4,62566,5,237751,37337,Net Banking,,
10485,2/17/2024,Kiara Chahal,South,Hyderabad,Electronics,Mobile,Mobile Sequi,4,27771,10,99976,20889,COD,,
10486,7/2/2025,Farhan Ramachandran,West,Ahmedabad,Home Decor,Vase,Vase Perferendis,2,20696,15,35183,6698,UPI,,
10487,8/19/2024,Suhana Sheth,North,Chandigarh,Books,Non-Fiction,Non-Fiction Optio,4,16614,10,59810,12464,COD,,
10488,1/4/2024,Ritvik Dara,East,Kolkata,Home Decor,Lamp,Lamp At,1,52459,0,52459,7058,COD,,
10489,11/26/2023,Suhana Bumb,East,Guwahati,Furniture,Chair,Chair Tempora,5,37036,15,157403,34631,Net Banking,,
10490,4/25/2025,Nayantara Rajagopalan,West,Pune,Groceries,Oil,Oil Explicabo,5,12910,20,51640,10631,UPI,,
10491,10/16/2023,Damini Madan,South,Chennai,Electronics,Smartwatch,Smartwatch Ipsa,2,25197,5,47874,7675,Net Banking,,
10492,1/30/2024,Neelofar Hans,East,Bhubaneswar,Furniture,Table,Table Ipsum,4,13131,5,49898,11710,UPI,,
10493,12/23/2024,Suhana Mann,East,Ranchi,Electronics,Smartwatch,Smartwatch Consectetur,3,42650,5,121553,18973,COD,,
10494,1/5/2024,Vidur Bahl,West,Pune,Sports,Yoga Mat,Yoga Mat Et,1,9722,0,9722,2292,UPI,,
10495,5/5/2024,Kiaan Gour,West,Ahmedabad,Toys,Doll,Doll Recusandae,3,52458,15,133768,22538,UPI,,
10496,5/21/2025,Divyansh Ratta,South,Bangalore,Furniture,Sofa,Sofa Voluptatibus,3,37296,0,111888,14864,UPI,,
10497,7/7/2024,Heer Kuruvilla,West,Pune,Beauty,Face Cream,Face Cream Corrupti,1,26200,20,20960,2876,Credit Card,,
10498,6/22/2024,Aniruddh Dhingra,East,Bhubaneswar,Kitchen,Refrigerator,Refrigerator Perferendis,4,63437,0,253748,16868,Credit Card,,
10499,2/15/2024,Yashvi Sarraf,South,Coimbatore,Sports,Cricket Bat,Cricket Bat Consequuntur,1,21457,15,18238,1272,COD,,
10500,10/11/2024,Purab Kulkarni,West,Surat,Books,Non-Fiction,Non-Fiction Explicabo,3,43770,15,111614,18435,Net Banking,,
10501,8/29/2024,Anahi Rattan,South,Chennai,Toys,RC Car,RC Car Magnam,1,66334,15,56384,3174,Credit Card,,
10502,1/20/2024,Taimur Krishnamurthy,South,Thiruvananthapuram,Clothing,Shoes,Shoes Totam,2,15293,0,30586,6366,COD,,
10503,10/30/2023,Heer Korpal,East,Kolkata,Kitchen,Cookware Set,Cookware Set Quam,4,8479,5,32220,5866,COD,,
10504,4/24/2024,Dhruv Aurora,North,Amritsar,Kitchen,Refrigerator,Refrigerator Impedit,1,71520,0,71520,9229,Debit Card,,
10505,7/11/2024,Mahika Bail,North,Delhi,Clothing,Kids Wear,Kids Wear Distinctio,4,67045,10,241362,46925,Net Banking,,
10506,3/2/2024,Aarav Bakshi,East,Bhubaneswar,Home Decor,Clock,Clock Necessitatibus,4,5980,10,21528,1168,COD,,
10507,7/19/2024,Parinaaz Bhandari,North,Amritsar,Electronics,Mobile,Mobile Nulla,5,55578,10,250101,15999,Net Banking,,
10508,10/2/2025,Amani Sankaran,East,Guwahati,Books,Textbook,Textbook Doloribus,4,5207,10,18745,3955,COD,,
10509,7/25/2024,Shaan Master,North,Chandigarh,Electronics,Camera,Camera Eius,4,18731,0,74924,17324,Credit Card,,
10510,12/17/2023,Advik Dey,South,Hyderabad,Home Decor,Vase,Vase Beatae,2,54308,10,97754,4988,Credit Card,,
10511,5/12/2025,Samarth Sandhu,East,Guwahati,Books,Non-Fiction,Non-Fiction Pariatur,1,12977,20,10382,1938,COD,,
10512,9/2/2024,Trisha Dutt,West,Ahmedabad,Beauty,Lipstick,Lipstick Illo,2,44567,5,84677,19554,Net Banking,,
10513,1/11/2025,Parinaaz Rama,North,Delhi,Toys,RC Car,RC Car Illo,3,65153,20,156367,11129,Debit Card,,
10514,10/20/2023,Samaira Loyal,South,Bangalore,Beauty,Face Cream,Face Cream Ab,3,45532,0,136596,17650,Credit Card,,
10515,2/24/2024,Raunak Mane,South,Coimbatore,Beauty,Lipstick,Lipstick Tenetur,4,79338,0,317352,24679,COD,,
10516,11/13/2023,Riya Date,West,Goa,Home Decor,Vase,Vase Inventore,1,56926,5,54080,12005,COD,,
10517,4/24/2025,Charvi Brar,South,Chennai,Electronics,Smartwatch,Smartwatch Similique,5,10963,0,54815,8558,Debit Card,,
10518,2/23/2025,Heer Dhawan,West,Pune,Furniture,Table,Table Consequuntur,1,45870,15,38990,5105,Net Banking,,
10519,6/26/2024,Samaira Dugar,West,Pune,Groceries,Spices,Spices Accusantium,4,26461,20,84675,13613,UPI,,
10520,8/27/2024,Sumer Goda,North,Delhi,Home Decor,Clock,Clock Rerum,2,32782,10,59008,4038,Debit Card,,
10521,7/25/2024,Akarsh Balan,North,Chandigarh,Groceries,Wheat,Wheat Voluptatem,5,20811,20,83244,8272,Debit Card,,
10522,8/10/2025,Abram Bansal,West,Pune,Groceries,Rice,Rice Rem,4,53463,5,203159,27827,Debit Card,,
10523,4/23/2024,Bhamini Gulati,North,Jaipur,Clothing,Kids Wear,Kids Wear Quidem,5,40998,10,184491,32779,COD,,
10524,9/14/2024,Nishith Sankar,West,Surat,Books,Non-Fiction,Non-Fiction Ipsam,3,67236,0,201708,45298,Credit Card,,
10525,2/15/2024,Alia Suri,North,Jaipur,Clothing,Kids Wear,Kids Wear Voluptatum,2,74055,15,125894,12613,Credit Card,,
10526,3/22/2024,Raghav Sachdeva,North,Jaipur,Sports,Football,Football Deleniti,4,41803,15,142130,8563,COD,,
10527,3/10/2025,Zain Sarkar,North,Delhi,Kitchen,Refrigerator,Refrigerator Laboriosam,2,59562,0,119124,11695,Debit Card,,
10528,10/13/2023,Mohanlal Kapoor,South,Chennai,Toys,Action Figure,Action Figure Voluptatum,2,17386,20,27818,6886,Credit Card,,
10529,11/12/2023,Faiyaz Rattan,West,Ahmedabad,Kitchen,Mixer Grinder,Mixer Grinder Provident,5,49633,5,235757,32491,Net Banking,,
10530,4/2/2025,Aayush Sood,North,Chandigarh,Kitchen,Cookware Set,Cookware Set Nulla,1,55908,20,44726,9396,Debit Card,,
10531,8/19/2024,Shamik Ahluwalia,East,Bhubaneswar,Kitchen,Cookware Set,Cookware Set Recusandae,5,24980,15,106165,19709,COD,,
10532,1/23/2025,Ishaan Chopra,East,Bhubaneswar,Clothing,Shoes,Shoes Quos,2,38692,10,69646,12770,Debit Card,,
10533,12/11/2024,Seher Dhar,East,Patna,Books,Biography,Biography Eaque,1,58312,0,58312,11073,Credit Card,,
10534,12/27/2024,Ishita De,West,Mumbai,Beauty,Lipstick,Lipstick Autem,3,3838,15,9787,2213,COD,,
10535,3/21/2024,Miraya Aurora,North,Amritsar,Clothing,Shoes,Shoes Autem,5,12918,20,51672,11810,Net Banking,,
10536,6/7/2024,Indranil Lall,East,Guwahati,Furniture,Bed,Bed Iure,2,42366,0,84732,5238,UPI,,
10537,5/4/2025,Tiya Sandhu,South,Bangalore,Groceries,Wheat,Wheat Minima,3,21031,0,63093,8195,Credit Card,,
10538,10/11/2023,Madhav Mandal,East,Bhubaneswar,Toys,Doll,Doll Culpa,2,75125,5,142738,11387,Net Banking,,
10539,10/31/2023,Navya Kale,South,Chennai,Furniture,Cabinet,Cabinet Deleniti,4,78412,20,250918,33577,UPI,,
10540,4/7/2024,Pari Agate,South,Chennai,Kitchen,Juicer,Juicer Excepturi,3,43921,10,118587,28063,Debit Card,,
10541,11/22/2024,Shanaya Gokhale,North,Delhi,Sports,Football,Football Dolorem,3,59907,0,179721,40381,Credit Card,,
10542,7/29/2025,Vivaan Ranganathan,East,Kolkata,Electronics,Smartwatch,Smartwatch At,1,60217,0,60217,4725,Credit Card,,
10543,9/1/2025,Prerak Barad,East,Guwahati,Furniture,Cabinet,Cabinet Ullam,1,26901,20,21521,1786,Credit Card,,
10544,11/27/2024,Akarsh Chacko,North,Delhi,Kitchen,Cookware Set,Cookware Set Minus,1,38082,10,34274,2234,Net Banking,,
10545,5/13/2024,Faiyaz Srinivas,South,Bangalore,Beauty,Foundation,Foundation Ullam,3,43323,0,129969,13216,COD,,
10546,3/4/2024,Yasmin Vala,South,Chennai,Kitchen,Juicer,Juicer Inventore,5,68608,0,343040,77964,Net Banking,,
10547,9/5/2024,Parinaaz Swaminathan,South,Chennai,Books,Textbook,Textbook Quibusdam,1,43488,20,34790,7099,UPI,,
10548,1/18/2025,Romil Chana,North,Lucknow,Books,Fiction,Fiction Dicta,2,48760,15,82892,14455,COD,,
10549,1/17/2025,Rohan Varty,East,Bhubaneswar,Sports,Dumbbells,Dumbbells Illum,3,50155,10,135419,26702,Credit Card,,
10550,9/29/2025,Dhanuk Kapur,West,Pune,Groceries,Oil,Oil Omnis,3,52170,20,125208,7747,Credit Card,,
10551,10/23/2023,Sana Gulati,East,Patna,Kitchen,Juicer,Juicer Nobis,4,75849,15,257887,55319,Credit Card,,
10552,8/1/2025,Vedika Jha,South,Bangalore,Furniture,Table,Table Nobis,2,31803,20,50885,4667,Credit Card,,
10553,2/12/2025,Bhavin Dhawan,East,Bhubaneswar,Electronics,Smartwatch,Smartwatch Cumque,4,33238,0,132952,10594,COD,,
10554,10/31/2023,Eva Khatri,North,Chandigarh,Kitchen,Juicer,Juicer Esse,3,931,10,2514,535,Credit Card,,
10555,2/26/2024,Shlok Master,South,Bangalore,Toys,Board Game,Board Game Reiciendis,3,68870,15,175619,30597,COD,,
10556,4/16/2025,Aaryahi Madan,North,Jaipur,Groceries,Oil,Oil Pariatur,4,67896,10,244426,57853,COD,,
10557,4/5/2025,Manjari Bhavsar,East,Patna,Groceries,Rice,Rice Quis,4,50991,0,203964,50851,UPI,,
10558,1/22/2024,Shayak Mane,South,Hyderabad,Furniture,Chair,Chair Impedit,5,33293,20,133172,19316,Credit Card,,
10559,2/8/2024,Ehsaan Majumdar,East,Kolkata,Groceries,Rice,Rice Aperiam,1,24643,20,19714,3850,Net Banking,,
10560,7/27/2024,Bhavin Venkatesh,South,Hyderabad,Books,Fiction,Fiction Dicta,3,15699,0,47097,11282,Credit Card,,
10561,12/25/2024,Pranay Chauhan,South,Bangalore,Furniture,Cabinet,Cabinet Non,4,37952,10,136627,26816,UPI,,
10562,9/23/2024,Kiaan Saini,South,Bangalore,Furniture,Chair,Chair Vero,4,37379,20,119613,14359,Credit Card,,
10563,11/16/2023,Shayak Lal,West,Pune,Electronics,Camera,Camera Fugiat,5,24751,10,111380,16794,Debit Card,,
10564,11/20/2023,Stuvan Ray,East,Kolkata,Home Decor,Vase,Vase Nam,3,44679,0,134037,13699,COD,,
10565,7/28/2024,Riaan Srivastava,South,Bangalore,Home Decor,Lamp,Lamp Similique,5,74779,20,299116,25441,Net Banking,,
10566,1/3/2024,Armaan Kara,South,Hyderabad,Home Decor,Vase,Vase Modi,4,18763,5,71299,10868,Credit Card,,
10567,2/7/2025,Hansh Ghosh,East,Bhubaneswar,Books,Non-Fiction,Non-Fiction Velit,2,51862,0,103724,23260,Debit Card,,
10568,11/8/2024,Aaina Chopra,West,Ahmedabad,Kitchen,Cookware Set,Cookware Set Aspernatur,1,51596,5,49016,10827,COD,,
10569,2/5/2025,Vritika Cherian,North,Lucknow,Toys,Board Game,Board Game Sed,1,75253,10,67728,8682,Credit Card,,
10570,2/5/2024,Vivaan Gole,South,Chennai,Sports,Yoga Mat,Yoga Mat Provident,5,24211,20,96844,20979,Credit Card,,
10571,7/19/2024,Rasha Rana,South,Chennai,Books,Non-Fiction,Non-Fiction Incidunt,1,48566,15,41281,5692,UPI,,
10572,5/27/2025,Raghav Kari,North,Lucknow,Kitchen,Mixer Grinder,Mixer Grinder Illo,5,2378,15,10107,2267,Net Banking,,
10573,10/14/2023,Saanvi Gulati,North,Delhi,Books,Fiction,Fiction Cumque,3,43593,0,130779,24348,UPI,,
10574,7/1/2024,Jayan Doshi,West,Pune,Kitchen,Microwave,Microwave Nam,5,13873,5,65897,6174,Debit Card,,
10575,2/18/2025,Ryan Sem,East,Patna,Toys,RC Car,RC Car Eligendi,3,60446,10,163204,26150,COD,,
10576,7/27/2025,Onkar Buch,West,Mumbai,Kitchen,Mixer Grinder,Mixer Grinder Asperiores,2,20211,15,34359,4217,Credit Card,,
10577,12/3/2023,Rati Bawa,North,Chandigarh,Furniture,Table,Table Excepturi,2,69027,5,131151,8563,Debit Card,,
10578,3/4/2025,Shamik Tak,East,Ranchi,Books,Biography,Biography Laudantium,2,43919,15,74662,14278,Debit Card,,
10579,2/24/2024,Amira Kala,West,Pune,Toys,Action Figure,Action Figure Quidem,5,41431,20,165724,23182,UPI,,
10580,1/12/2025,Samiha Bhagat,North,Lucknow,Books,Textbook,Textbook Dolore,4,78377,0,313508,31019,UPI,,
10581,6/26/2024,Kiaan Khosla,West,Mumbai,Home Decor,Clock,Clock Modi,3,18772,5,53500,11704,COD,,
10582,4/17/2024,Charvi Raman,East,Patna,Home Decor,Cushion,Cushion Minus,5,68153,0,340765,26431,Credit Card,,
10583,10/20/2023,Pihu Gola,South,Hyderabad,Electronics,Mobile,Mobile Deleniti,5,71988,20,287952,45956,Net Banking,,
10584,7/9/2024,Neysa Saraf,East,Patna,Toys,Action Figure,Action Figure Totam,5,50927,0,254635,53140,Credit Card,,
10585,4/18/2025,Fateh Maharaj,North,Amritsar,Furniture,Cabinet,Cabinet Quos,2,6450,15,10965,1856,Credit Card,,
10586,4/16/2025,Manikya Chacko,North,Amritsar,Sports,Dumbbells,Dumbbells Accusamus,3,28399,10,76677,15750,COD,,
10587,6/8/2024,Azad Anne,South,Coimbatore,Books,Biography,Biography Consectetur,4,30828,20,98650,15473,UPI,,
10588,6/17/2024,Mishti Grover,North,Jaipur,Books,Textbook,Textbook Ut,2,50829,5,96575,6508,COD,,
10589,12/23/2024,Shaan Sharaf,South,Chennai,Electronics,Camera,Camera Et,5,74570,10,335565,56792,UPI,,
10590,1/22/2024,Amira Ganesh,East,Patna,Books,Comics,Comics Unde,1,54162,15,46038,7592,UPI,,
10591,1/6/2024,Pari Mane,South,Hyderabad,Clothing,Women's Wear,Women's Wear Enim,3,48740,0,146220,26678,UPI,,
10592,2/18/2024,Vardaniya Date,West,Goa,Clothing,Accessories,Accessories Animi,1,14717,15,12509,2312,UPI,,
10593,5/28/2024,Mamooty Kapur,North,Delhi,Electronics,Laptop,Laptop Voluptas,3,8775,0,26325,5599,COD,,
10594,12/9/2024,Ritvik Majumdar,South,Thiruvananthapuram,Toys,Doll,Doll Hic,4,6022,5,22884,5031,Credit Card,,
10595,2/17/2025,Raghav Rama,East,Guwahati,Home Decor,Wall Art,Wall Art Est,3,67998,15,173395,26088,Net Banking,,
10596,10/26/2023,Ishaan Banik,South,Bangalore,Books,Non-Fiction,Non-Fiction Vel,1,31356,15,26653,4348,UPI,,
10597,12/29/2023,Khushi Kale,North,Jaipur,Clothing,Men's Wear,Men's Wear Facere,4,24884,5,94559,8200,Net Banking,,
10598,8/4/2025,Anvi Tak,East,Guwahati,Furniture,Sofa,Sofa Quibusdam,5,10789,5,51248,9806,Debit Card,,
10599,2/13/2024,Aaina Raval,North,Jaipur,Home Decor,Lamp,Lamp Consequatur,2,53243,5,101162,8121,Debit Card,,
10600,7/26/2025,Ishita Choudhary,North,Jaipur,Kitchen,Cookware Set,Cookware Set Fugit,5,57074,15,242565,17023,UPI,,
10601,9/25/2025,Jayesh Bath,South,Bangalore,Books,Non-Fiction,Non-Fiction Recusandae,1,16702,20,13362,2755,Debit Card,,
10602,1/5/2025,Kanav Suresh,North,Amritsar,Furniture,Chair,Chair Assumenda,4,30279,20,96893,14303,COD,,
10603,9/29/2025,Anay Bhakta,North,Lucknow,Electronics,Camera,Camera Sit,5,18169,5,86303,16365,Net Banking,,
10604,2/24/2025,Azad Bhatti,South,Thiruvananthapuram,Sports,Tennis Racket,Tennis Racket Exercitationem,1,47332,5,44965,10363,Credit Card,,
10605,4/20/2024,Miraya Ravi,West,Ahmedabad,Books,Biography,Biography Optio,1,78056,20,62445,7678,Credit Card,,
10606,3/29/2025,Taran Bedi,West,Goa,Books,Non-Fiction,Non-Fiction Debitis,3,9734,15,24822,3183,Credit Card,,
10607,12/22/2023,Veer Sule,North,Delhi,Toys,Action Figure,Action Figure Corporis,5,23521,0,117605,22119,Net Banking,,
10608,6/16/2024,Ela Lanka,West,Pune,Clothing,Men's Wear,Men's Wear Harum,3,55690,20,133656,30876,Debit Card,,
10609,7/16/2024,Hansh Bobal,West,Goa,Electronics,Camera,Camera Voluptas,2,57107,10,102793,9118,UPI,,
10610,8/10/2025,Vaibhav Viswanathan,North,Delhi,Furniture,Cabinet,Cabinet In,5,47580,10,214110,52461,UPI,,
10611,7/5/2024,Sahil Chandran,South,Bangalore,Sports,Tennis Racket,Tennis Racket Quibusdam,4,24758,10,89129,17634,Debit Card,,
10612,4/17/2024,Fateh Iyengar,North,Amritsar,Groceries,Oil,Oil Natus,5,61341,0,306705,54810,COD,,
10613,1/22/2024,Riya Magar,East,Guwahati,Kitchen,Juicer,Juicer Minima,1,48742,20,38994,2501,UPI,,
10614,2/17/2024,Urvi Krishnan,North,Chandigarh,Kitchen,Refrigerator,Refrigerator Temporibus,1,70950,15,60308,3767,Net Banking,,
10615,8/29/2025,Madhup Subramaniam,South,Thiruvananthapuram,Kitchen,Mixer Grinder,Mixer Grinder In,2,20177,0,40354,7569,COD,,
10616,3/5/2025,Aaryahi Das,West,Goa,Toys,Puzzle,Puzzle Temporibus,2,43083,10,77549,9065,Net Banking,,
10617,11/27/2024,Manjari Gera,East,Ranchi,Beauty,Lipstick,Lipstick Ab,4,42939,15,145993,26081,Credit Card,,
10618,3/9/2024,Kismat Mand,West,Goa,Beauty,Face Cream,Face Cream Ipsam,5,4438,15,18862,3783,Net Banking,,
10619,10/26/2024,Divij Gulati,North,Delhi,Furniture,Bed,Bed Distinctio,1,9310,5,8845,503,Credit Card,,
10620,7/14/2024,Shlok Keer,East,Kolkata,Kitchen,Microwave,Microwave Nihil,2,59992,20,95987,23976,UPI,,
10621,6/8/2024,Alisha Rajagopalan,South,Thiruvananthapuram,Furniture,Bed,Bed Id,5,3356,15,14263,2971,Net Banking,,
10622,8/3/2024,Taran Iyengar,East,Guwahati,Clothing,Women's Wear,Women's Wear Ducimus,3,61043,5,173973,38352,Net Banking,,
10623,3/10/2024,Zaina Chanda,South,Thiruvananthapuram,Toys,Puzzle,Puzzle Excepturi,2,52113,5,99015,8489,Net Banking,,
10624,1/6/2024,Aarna Khare,North,Jaipur,Groceries,Spices,Spices Dolor,1,39768,0,39768,5768,Credit Card,,
10625,10/30/2024,Abram Date,West,Goa,Electronics,Laptop,Laptop Reiciendis,5,71640,0,358200,58880,Net Banking,,
10626,12/14/2023,Jivika Magar,West,Goa,Beauty,Lipstick,Lipstick Modi,3,50003,5,142509,16380,Debit Card,,
10627,11/4/2024,Lakshit Wagle,South,Hyderabad,Furniture,Sofa,Sofa Dignissimos,5,55331,10,248990,16310,Debit Card,,
10628,7/3/2024,Sara Kannan,East,Guwahati,Electronics,Mobile,Mobile Exercitationem,3,64330,20,154392,12756,Credit Card,,
10629,3/18/2024,Indranil Kakar,North,Lucknow,Furniture,Bed,Bed Sapiente,1,2233,15,1898,439,UPI,,
10630,6/19/2025,Advik Subramaniam,South,Bangalore,Books,Comics,Comics Vitae,2,69355,10,124839,12059,COD,,
10631,10/7/2024,Madhav Jani,East,Patna,Beauty,Face Cream,Face Cream Magni,1,38873,20,31098,2237,Credit Card,,
10632,10/18/2023,Kartik Lall,West,Goa,Kitchen,Microwave,Microwave Consectetur,2,54696,20,87514,18437,COD,,
10633,11/8/2023,Vedika Atwal,North,Chandigarh,Sports,Cricket Bat,Cricket Bat Labore,4,35062,5,133236,32120,UPI,,
10634,3/27/2025,Ahana  Sampath,West,Pune,Books,Textbook,Textbook Placeat,2,3935,0,7870,844,Debit Card,,
10635,3/14/2024,Nishith Kara,South,Thiruvananthapuram,Books,Non-Fiction,Non-Fiction Reprehenderit,5,57996,0,289980,60817,COD,,
10636,5/8/2025,Anya Sandhu,West,Mumbai,Toys,Puzzle,Puzzle Veritatis,1,74462,20,59570,4505,Credit Card,,
10637,1/24/2024,Kiara Keer,West,Surat,Clothing,Shoes,Shoes Voluptas,2,32039,20,51262,5086,Credit Card,,
10638,8/25/2025,Rhea Saxena,East,Ranchi,Clothing,Shoes,Shoes Voluptate,1,55302,15,47007,10278,Debit Card,,
10639,10/20/2024,Oorja Sandal,West,Ahmedabad,Groceries,Spices,Spices Quo,3,60596,15,154520,30780,Credit Card,,
10640,2/28/2024,Kanav Sanghvi,West,Surat,Toys,Puzzle,Puzzle Quo,3,63987,15,163167,34854,Net Banking,,
10641,7/25/2025,Elakshi Chatterjee,East,Kolkata,Books,Biography,Biography Veniam,2,2216,0,4432,1076,Net Banking,,
10642,5/27/2024,Hazel Varma,East,Guwahati,Kitchen,Juicer,Juicer Distinctio,1,62090,5,58986,7879,UPI,,
10643,11/6/2023,Abram Balasubramanian,North,Chandigarh,Toys,RC Car,RC Car Necessitatibus,1,6142,10,5528,924,Credit Card,,
10644,5/7/2024,Diya Sagar,North,Chandigarh,Clothing,Accessories,Accessories Sit,5,73310,5,348223,24672,Credit Card,,
10645,9/3/2025,Mamooty Zachariah,South,Thiruvananthapuram,Books,Comics,Comics Libero,1,29735,10,26762,4031,Net Banking,,
10646,3/2/2025,Tiya Warrior,South,Coimbatore,Clothing,Shoes,Shoes At,1,13768,0,13768,1659,Debit Card,,
10647,12/3/2024,Rhea Sabharwal,North,Jaipur,Toys,Action Figure,Action Figure Molestias,5,64144,15,272612,18473,COD,,
10648,10/13/2023,Lavanya Desai,North,Lucknow,Books,Fiction,Fiction Consequatur,5,23990,15,101958,5116,Credit Card,,
10649,10/29/2024,Ivan Shenoy,East,Patna,Groceries,Spices,Spices Ullam,4,23799,20,76157,9593,UPI,,
10650,5/4/2024,Kismat Bhatti,South,Hyderabad,Books,Comics,Comics Asperiores,3,45036,20,108086,23168,Net Banking,,
10651,11/14/2024,Anahi Sharaf,West,Goa,Groceries,Oil,Oil Beatae,2,15732,10,28318,6101,UPI,,
10652,8/31/2024,Vedika Johal,North,Delhi,Toys,Doll,Doll Quaerat,4,33639,5,127828,22608,Credit Card,,
10653,10/17/2024,Abram Baral,East,Kolkata,Kitchen,Refrigerator,Refrigerator Deleniti,1,40338,10,36304,5994,Debit Card,,
10654,8/25/2024,Jivika Sani,East,Patna,Sports,Dumbbells,Dumbbells Accusamus,2,8873,5,16859,2506,COD,,
10655,6/15/2025,Pihu Datta,East,Kolkata,Sports,Yoga Mat,Yoga Mat Cum,4,47066,15,160024,25992,Net Banking,,
10656,7/3/2025,Anika Thaker,North,Jaipur,Electronics,Camera,Camera Veritatis,5,60803,20,243212,48162,Credit Card,,
10657,4/2/2025,Sumer Lanka,North,Lucknow,Furniture,Bed,Bed Eveniet,5,15239,15,64766,6006,UPI,,
10658,11/12/2024,Nehmat Rattan,North,Lucknow,Electronics,Mobile,Mobile Adipisci,5,23494,15,99850,11088,Net Banking,,
10659,8/11/2025,Riaan Banik,East,Guwahati,Sports,Yoga Mat,Yoga Mat Officiis,4,54966,20,175891,34106,UPI,,
10660,8/21/2024,Fateh Sahota,North,Amritsar,Beauty,Foundation,Foundation Nostrum,4,53502,10,192607,44324,UPI,,
10661,9/11/2024,Saanvi Solanki,South,Thiruvananthapuram,Clothing,Accessories,Accessories Libero,2,50880,15,86496,11194,UPI,,
10662,7/12/2024,Bhavin Date,South,Chennai,Books,Fiction,Fiction Officiis,3,2983,5,8502,1070,COD,,
10663,6/6/2025,Ivana Goswami,West,Mumbai,Home Decor,Vase,Vase Perferendis,1,76363,0,76363,18403,UPI,,
10664,6/10/2024,Zain Mani,North,Jaipur,Clothing,Shoes,Shoes Doloremque,4,47929,5,182130,30388,Net Banking,,
10665,1/3/2025,Ahana  Chanda,East,Bhubaneswar,Electronics,Laptop,Laptop Quaerat,4,54039,5,205348,35865,Debit Card,,
10666,1/13/2024,Ojas Bhalla,North,Chandigarh,Books,Fiction,Fiction Blanditiis,3,10688,10,28858,4467,UPI,,
10667,3/9/2024,Riaan Char,East,Guwahati,Books,Non-Fiction,Non-Fiction Officiis,2,68843,5,130802,31514,Net Banking,,
10668,3/10/2025,Anaya Bhasin,East,Ranchi,Beauty,Foundation,Foundation Cumque,5,35211,10,158450,14340,UPI,,
10669,3/8/2024,Eshani Chana,North,Amritsar,Groceries,Rice,Rice Molestiae,4,62276,5,236649,13046,Credit Card,,
10670,2/27/2025,Aradhya Ganguly,North,Lucknow,Electronics,Camera,Camera Provident,3,27587,5,78623,19128,Credit Card,,
10671,12/3/2023,Lagan Ram,West,Pune,Sports,Dumbbells,Dumbbells Cupiditate,4,12694,5,48237,7333,Debit Card,,
10672,2/22/2025,Yuvaan Gokhale,East,Guwahati,Sports,Yoga Mat,Yoga Mat Hic,1,35030,15,29776,3839,COD,,
10673,6/3/2024,Indrans Venkatesh,East,Patna,Books,Comics,Comics Ea,5,27224,20,108896,11664,Debit Card,,
10674,7/17/2024,Nakul Bahri,South,Coimbatore,Toys,Board Game,Board Game Veritatis,3,46101,5,131388,30695,UPI,,
10675,1/30/2025,Dharmajan Comar,East,Patna,Furniture,Chair,Chair At,5,70838,20,283352,59930,UPI,,
10676,8/25/2025,Reyansh Shenoy,South,Thiruvananthapuram,Furniture,Table,Table Repudiandae,2,74289,5,141149,10115,COD,,
10677,1/18/2024,Yasmin Johal,West,Ahmedabad,Books,Biography,Biography Quaerat,1,43058,10,38752,3809,Credit Card,,
10678,6/20/2024,Keya Kalla,North,Lucknow,Groceries,Spices,Spices Inventore,3,58209,0,174627,29135,Debit Card,,
10679,9/11/2025,Divij Chada,East,Patna,Beauty,Shampoo,Shampoo Animi,3,21822,5,62193,4352,Credit Card,,
10680,5/16/2025,Kanav Gaba,North,Lucknow,Furniture,Chair,Chair Unde,2,76866,10,138359,30204,Debit Card,,
10681,7/11/2025,Riaan Korpal,North,Jaipur,Books,Comics,Comics Eveniet,2,61896,10,111413,22665,Net Banking,,
10682,1/10/2025,Ryan Ben,South,Chennai,Furniture,Chair,Chair Optio,1,34958,15,29714,5848,Credit Card,,
10683,4/20/2024,Tara Walia,East,Kolkata,Electronics,Smartwatch,Smartwatch Culpa,2,66419,5,126196,26302,Net Banking,,
10684,6/22/2024,Rohan Sachar,East,Bhubaneswar,Clothing,Women's Wear,Women's Wear Corporis,3,12189,20,29254,3541,Credit Card,,
10685,12/4/2023,Dhruv Sule,West,Mumbai,Sports,Football,Football Repellat,2,16471,5,31295,3533,Credit Card,,
10686,2/8/2025,Piya Ranganathan,North,Lucknow,Beauty,Shampoo,Shampoo Voluptate,5,63227,20,252908,19686,Net Banking,,
10687,2/28/2025,Saanvi Chaudhari,South,Chennai,Toys,RC Car,RC Car Exercitationem,5,30855,0,154275,38388,COD,,
10688,9/9/2024,Kiaan Desai,North,Jaipur,Clothing,Women's Wear,Women's Wear Eos,4,56628,5,215186,40621,Credit Card,,
10689,2/23/2024,Krish Subramanian,East,Guwahati,Sports,Football,Football Alias,3,62910,10,169857,12285,COD,,
10690,9/21/2024,Kanav Anne,South,Thiruvananthapuram,Kitchen,Microwave,Microwave Eum,5,32237,10,145067,34641,Credit Card,,
10691,9/29/2025,Indranil Ramachandran,East,Guwahati,Furniture,Bed,Bed Doloremque,2,5427,5,10311,1231,Debit Card,,
10692,5/29/2025,Advik Behl,South,Chennai,Clothing,Men's Wear,Men's Wear Consequatur,2,31734,0,63468,4890,Debit Card,,
10693,9/6/2024,Umang Shanker,North,Lucknow,Toys,Puzzle,Puzzle Dignissimos,5,45728,10,205776,38039,Credit Card,,
10694,5/25/2024,Devansh Ram,South,Hyderabad,Kitchen,Juicer,Juicer Fugit,5,22831,20,91324,9776,Net Banking,,
10695,4/13/2025,Devansh Rao,North,Delhi,Kitchen,Cookware Set,Cookware Set Ab,2,64629,20,103406,7841,Debit Card,,
10696,11/30/2023,Samarth Toor,North,Amritsar,Books,Non-Fiction,Non-Fiction Ut,2,71911,5,136631,26339,Debit Card,,
10697,7/9/2024,Saira Bumb,East,Kolkata,Groceries,Wheat,Wheat Maiores,1,64669,0,64669,5062,Net Banking,,
10698,7/28/2024,Dhanush Bora,East,Guwahati,Books,Non-Fiction,Non-Fiction Quos,4,60046,10,216166,27200,COD,,
10699,1/12/2025,Mannat Wagle,East,Guwahati,Furniture,Cabinet,Cabinet Suscipit,5,13334,0,66670,3372,COD,,
10700,12/15/2024,Devansh Swaminathan,East,Kolkata,Books,Fiction,Fiction Ad,1,22975,0,22975,3383,UPI,,
10701,4/17/2025,Diya Gaba,East,Guwahati,Home Decor,Cushion,Cushion Minima,3,63216,5,180166,33139,Credit Card,,
10702,3/24/2025,Indrans Sharma,West,Ahmedabad,Books,Biography,Biography Praesentium,5,4261,10,19175,1274,UPI,,
10703,5/31/2025,Saksham Rau,West,Ahmedabad,Books,Biography,Biography Voluptates,2,56170,0,112340,18601,COD,,
10704,12/1/2024,Mehul Kuruvilla,West,Ahmedabad,Kitchen,Mixer Grinder,Mixer Grinder Eos,3,45035,15,114839,12451,UPI,,
10705,5/28/2025,Anika Bhattacharyya,North,Lucknow,Home Decor,Wall Art,Wall Art Saepe,3,7724,10,20855,3448,Net Banking,,
10706,12/16/2023,Kavya Rau,East,Ranchi,Books,Fiction,Fiction Consectetur,5,58809,20,235236,53955,Net Banking,,
10707,7/30/2025,Shlok Deep,West,Goa,Toys,Action Figure,Action Figure Nobis,1,1182,10,1064,124,Net Banking,,
10708,3/31/2025,Seher Maharaj,West,Goa,Furniture,Chair,Chair Numquam,5,78096,5,370956,80162,Net Banking,,
10709,11/28/2023,Kanav Tak,South,Chennai,Groceries,Sugar,Sugar Reiciendis,1,19369,0,19369,1171,UPI,,
10710,9/22/2024,Ayesha Sampath,East,Ranchi,Kitchen,Refrigerator,Refrigerator Voluptatibus,3,10570,10,28539,2622,Net Banking,,
10711,3/10/2025,Vanya Sachdeva,North,Lucknow,Sports,Tennis Racket,Tennis Racket Quae,3,19794,10,53444,8011,UPI,,
10712,11/9/2023,Misha Dar,West,Pune,Sports,Football,Football Eaque,3,45473,5,129598,24023,Credit Card,,
10713,11/11/2023,Vivaan Suresh,North,Chandigarh,Beauty,Face Cream,Face Cream Sint,5,19763,10,88934,9232,Net Banking,,
10714,2/25/2024,Ayesha Ray,East,Bhubaneswar,Kitchen,Refrigerator,Refrigerator Maiores,5,66615,20,266460,22430,COD,,
10715,3/7/2024,Vritika Sachar,North,Amritsar,Beauty,Lipstick,Lipstick Tempora,1,23198,20,18558,2111,Debit Card,,
10716,6/15/2025,Hunar Toor,East,Kolkata,Kitchen,Microwave,Microwave Incidunt,4,28275,15,96135,5211,UPI,,
10717,4/26/2024,Dhruv Shroff,South,Thiruvananthapuram,Sports,Tennis Racket,Tennis Racket Nihil,3,47650,20,114360,8035,Debit Card,,
10718,9/12/2024,Krish Maharaj,East,Kolkata,Furniture,Table,Table Nulla,1,21886,5,20792,5177,UPI,,
10719,2/11/2024,Sahil Bakshi,South,Chennai,Kitchen,Mixer Grinder,Mixer Grinder Nulla,2,77543,0,155086,30092,UPI,,
10720,11/18/2023,Kaira Rana,South,Coimbatore,Clothing,Shoes,Shoes Eligendi,2,1165,20,1864,182,Debit Card,,
10721,5/9/2025,Tiya Raja,East,Ranchi,Kitchen,Microwave,Microwave In,2,9308,5,17685,4267,UPI,,
10722,8/5/2024,Parinaaz Gola,South,Thiruvananthapuram,Clothing,Women's Wear,Women's Wear Ad,2,26026,5,49449,8415,COD,,
10723,1/31/2024,Diya Borah,North,Jaipur,Furniture,Bed,Bed Dolor,5,48983,5,232669,52173,Debit Card,,
10724,10/9/2023,Kabir Malhotra,West,Goa,Kitchen,Microwave,Microwave Sapiente,2,79005,10,142209,14090,UPI,,
10725,9/24/2025,Akarsh Sule,South,Coimbatore,Sports,Football,Football Nemo,3,16462,20,39509,5278,Debit Card,,
10726,2/2/2025,Sana Gole,East,Kolkata,Home Decor,Lamp,Lamp Maxime,2,69920,15,118864,7041,Net Banking,,
10727,6/8/2024,Seher Chana,North,Lucknow,Electronics,Camera,Camera Vitae,1,46696,20,37357,9098,UPI,,
10728,11/27/2024,Nirvaan Dhillon,North,Chandigarh,Beauty,Shampoo,Shampoo Blanditiis,1,35624,5,33843,2892,Net Banking,,
10729,9/19/2025,Aaina Bhargava,East,Kolkata,Furniture,Chair,Chair Nesciunt,2,13901,5,26412,3768,Debit Card,,
10730,12/9/2024,Jiya Dhar,South,Thiruvananthapuram,Toys,Puzzle,Puzzle Asperiores,2,49460,15,84082,13907,UPI,,
10731,5/17/2025,Aradhya Buch,North,Delhi,Beauty,Shampoo,Shampoo Distinctio,3,22818,15,58186,9037,UPI,,
10732,4/24/2024,Romil Basak,West,Mumbai,Electronics,Headphones,Headphones Sunt,2,20108,20,32173,2339,COD,,
10733,3/11/2025,Divyansh Desai,North,Jaipur,Clothing,Women's Wear,Women's Wear Delectus,1,75979,5,72180,12084,UPI,,
10734,8/21/2025,Farhan Golla,East,Guwahati,Sports,Football,Football Suscipit,3,60638,15,154627,7902,UPI,,
10735,12/25/2023,Anahi Vig,North,Chandigarh,Books,Non-Fiction,Non-Fiction Recusandae,2,25459,20,40734,3773,Credit Card,,
10736,1/1/2025,Yasmin Kaur,North,Lucknow,Groceries,Wheat,Wheat At,1,56827,5,53986,8784,COD,,
10737,8/27/2024,Arhaan Bansal,North,Lucknow,Groceries,Sugar,Sugar Voluptates,4,56017,20,179254,18806,COD,,
10738,4/8/2025,Ahana  Gupta,South,Coimbatore,Home Decor,Lamp,Lamp Doloremque,3,60927,5,173642,22960,Debit Card,,
10739,10/13/2023,Bhamini Sharaf,East,Guwahati,Furniture,Chair,Chair Possimus,2,76678,5,145688,19982,Debit Card,,
10740,2/2/2024,Shaan Bhasin,East,Ranchi,Groceries,Oil,Oil Quia,5,228,20,912,170,UPI,,
10741,3/25/2024,Onkar Desai,East,Patna,Sports,Yoga Mat,Yoga Mat Architecto,1,49429,0,49429,8414,Debit Card,,
10742,1/4/2025,Riaan Rajan,West,Ahmedabad,Sports,Football,Football Quos,1,30752,0,30752,1663,Credit Card,,
10743,11/19/2023,Lagan Chanda,North,Jaipur,Books,Biography,Biography Occaecati,5,21089,10,94901,11153,UPI,,
10744,9/13/2024,Aarush Salvi,North,Lucknow,Beauty,Lipstick,Lipstick Tempore,1,53116,0,53116,8171,UPI,,
10745,7/19/2024,Jayant Gill,East,Ranchi,Books,Textbook,Textbook Distinctio,5,52781,5,250710,43392,UPI,,
10746,8/4/2024,Tejas Hayre,East,Bhubaneswar,Home Decor,Wall Art,Wall Art Laboriosam,2,22183,20,35493,2738,COD,,
10747,9/28/2024,Divyansh Bajwa,West,Goa,Sports,Dumbbells,Dumbbells Suscipit,2,16621,10,29918,3077,UPI,,
10748,3/7/2025,Raghav Kaur,North,Chandigarh,Groceries,Wheat,Wheat Quia,3,72610,20,174264,16186,Credit Card,,
10749,7/22/2024,Sumer Lal,West,Goa,Sports,Yoga Mat,Yoga Mat Aspernatur,2,44904,0,89808,11164,UPI,,
10750,3/17/2025,Dharmajan Dhaliwal,East,Patna,Groceries,Oil,Oil Sint,1,28313,0,28313,4569,Debit Card,,
10751,10/20/2023,Kaira Mall,North,Lucknow,Clothing,Kids Wear,Kids Wear Mollitia,5,69000,0,345000,35734,Net Banking,,
10752,5/31/2024,Aniruddh Lal,East,Guwahati,Home Decor,Clock,Clock Magni,2,590,15,1003,53,Net Banking,,
10753,9/24/2024,Baiju Bains,East,Patna,Books,Biography,Biography Accusamus,1,9723,20,7778,1211,Credit Card,,
10754,5/3/2025,Neelofar Tella,East,Patna,Sports,Yoga Mat,Yoga Mat Dolore,5,70459,20,281836,40119,Debit Card,,
10755,1/28/2024,Hansh Warrior,South,Thiruvananthapuram,Electronics,Smartwatch,Smartwatch Ad,4,40744,15,138530,21893,COD,,
10756,2/3/2025,Jiya Srinivasan,South,Bangalore,Books,Non-Fiction,Non-Fiction Enim,4,60446,0,241784,38189,Debit Card,,
10757,5/1/2024,Diya Edwin,East,Ranchi,Kitchen,Mixer Grinder,Mixer Grinder Voluptatem,3,46911,5,133696,10082,Credit Card,,
10758,6/9/2024,Rati Aggarwal,South,Bangalore,Books,Biography,Biography Veniam,2,50156,0,100312,8301,Debit Card,,
10759,4/13/2024,Veer Barad,South,Coimbatore,Beauty,Face Cream,Face Cream Facilis,1,13217,5,12556,3052,UPI,,
10760,1/27/2024,Zeeshan Kaur,South,Thiruvananthapuram,Groceries,Rice,Rice Nemo,2,27437,15,46643,7201,COD,,
10761,4/6/2025,Priyansh Mahajan,South,Chennai,Groceries,Spices,Spices Nobis,4,26898,20,86074,21352,Credit Card,,
10762,10/28/2023,Sana Chacko,West,Surat,Toys,Action Figure,Action Figure Quibusdam,2,77387,0,154774,30950,Net Banking,,
10763,10/11/2023,Akarsh Virk,South,Hyderabad,Toys,RC Car,RC Car Voluptatum,4,58437,15,198686,37416,Credit Card,,
10764,4/2/2025,Lakshit Kar,North,Delhi,Clothing,Men's Wear,Men's Wear Ea,3,57776,20,138662,9148,COD,,
10765,5/17/2025,Riya Kalita,South,Chennai,Kitchen,Refrigerator,Refrigerator Cupiditate,4,14232,15,48389,10859,Debit Card,,
10766,8/26/2025,Riaan Korpal,South,Chennai,Beauty,Shampoo,Shampoo Necessitatibus,1,15160,5,14402,3536,UPI,,
10767,5/8/2025,Mannat Raju,North,Jaipur,Clothing,Men's Wear,Men's Wear Recusandae,3,4437,20,10649,1936,Net Banking,,
10768,11/19/2024,Inaaya  Bajaj,South,Thiruvananthapuram,Kitchen,Juicer,Juicer Itaque,5,60556,15,257363,20850,Credit Card,,
10769,3/9/2024,Manjari Chokshi,West,Ahmedabad,Clothing,Men's Wear,Men's Wear Molestias,1,4799,20,3839,835,Debit Card,,
10770,5/9/2025,Krish Suri,East,Guwahati,Toys,Board Game,Board Game Rem,3,48644,20,116746,12534,COD,,
10771,11/20/2023,Onkar Tripathi,West,Surat,Electronics,Headphones,Headphones Error,1,77435,20,61948,14141,UPI,,
10772,6/24/2025,Kiara Doctor,South,Coimbatore,Toys,RC Car,RC Car Iure,5,5769,0,28845,2965,UPI,,
10773,6/29/2024,Madhup Sahni,North,Amritsar,Beauty,Lipstick,Lipstick Reprehenderit,5,1866,5,8864,920,UPI,,
10774,6/3/2025,Tarini Thaman,North,Chandigarh,Sports,Yoga Mat,Yoga Mat Quidem,4,62167,20,198934,32046,Credit Card,,
10775,2/4/2024,Eva Jhaveri,North,Amritsar,Clothing,Women's Wear,Women's Wear Corporis,3,25356,20,60854,5831,Credit Card,,
10776,7/30/2025,Vanya Dhar,North,Chandigarh,Home Decor,Clock,Clock Qui,4,66772,20,213670,21770,Credit Card,,
10777,7/1/2024,Yuvraj  Chandra,South,Coimbatore,Furniture,Bed,Bed Iste,3,50528,10,136426,27425,Net Banking,,
10778,9/26/2025,Aaryahi Babu,North,Chandigarh,Groceries,Rice,Rice Ex,4,41266,5,156811,34043,COD,,
10779,6/13/2025,Rohan Dugal,South,Thiruvananthapuram,Clothing,Men's Wear,Men's Wear Quaerat,2,5457,20,8731,1345,Credit Card,,
10780,2/22/2025,Seher Balasubramanian,North,Amritsar,Home Decor,Wall Art,Wall Art Dolores,5,16369,10,73661,14687,COD,,
10781,5/29/2024,Nishith Saha,South,Chennai,Kitchen,Cookware Set,Cookware Set Dolore,5,53854,5,255807,27845,Net Banking,,
10782,9/1/2025,Mehul Dâ€™Alia,West,Goa,Beauty,Perfume,Perfume Minima,4,36664,15,124658,10900,COD,,
10783,1/11/2025,Drishya Rao,West,Mumbai,Kitchen,Refrigerator,Refrigerator Ut,5,16724,15,71077,13264,COD,,
10784,1/3/2025,Reyansh Dubey,North,Amritsar,Groceries,Oil,Oil Recusandae,1,25365,20,20292,3547,COD,,
10785,3/4/2025,Ehsaan Chakraborty,East,Ranchi,Kitchen,Microwave,Microwave Dolorem,1,62333,20,49866,11234,Net Banking,,
10786,9/18/2025,Tejas Sidhu,East,Bhubaneswar,Sports,Football,Football Officia,2,61600,20,98560,24063,Credit Card,,
10787,6/30/2025,Aarna Halder,West,Mumbai,Books,Textbook,Textbook Nisi,2,27684,0,55368,4213,Credit Card,,
10788,12/8/2024,Shamik Grewal,East,Bhubaneswar,Toys,Board Game,Board Game Aut,5,17214,10,77463,9962,Credit Card,,
10789,3/15/2025,Anika Sodhi,South,Chennai,Groceries,Wheat,Wheat Omnis,4,22504,15,76514,5447,Debit Card,,
10790,3/19/2025,Veer Bhardwaj,South,Coimbatore,Electronics,Smartwatch,Smartwatch Iusto,4,45288,20,144922,10208,Debit Card,,
10791,1/13/2024,Eva Lalla,North,Amritsar,Beauty,Lipstick,Lipstick Deserunt,1,70887,15,60254,8228,COD,,
10792,4/2/2024,Anay Rau,East,Bhubaneswar,Books,Biography,Biography Tenetur,2,2456,10,4421,366,Credit Card,,
10793,4/6/2024,Lagan Sood,West,Ahmedabad,Groceries,Oil,Oil Autem,1,13488,5,12814,2571,UPI,,
10794,12/29/2023,Jiya Bahri,East,Patna,Groceries,Spices,Spices Dolores,5,69140,15,293845,26123,Net Banking,,
10795,7/1/2025,Kiaan Din,East,Kolkata,Electronics,Camera,Camera Magnam,5,36087,20,144348,26313,COD,,
10796,12/11/2024,Rasha Yadav,North,Chandigarh,Furniture,Sofa,Sofa Deleniti,1,7505,15,6379,1079,Credit Card,,
10797,5/23/2025,Prerak Saha,East,Ranchi,Clothing,Kids Wear,Kids Wear Culpa,4,73876,5,280729,64668,Net Banking,,
10798,10/12/2024,Kiara Bhatia,North,Lucknow,Clothing,Kids Wear,Kids Wear Dolorem,1,9548,15,8116,774,Debit Card,,
10799,6/8/2025,Zoya Behl,South,Coimbatore,Electronics,Laptop,Laptop Commodi,5,67027,0,335135,54837,Credit Card,,
10800,9/15/2025,Anaya Goyal,East,Kolkata,Electronics,Smartwatch,Smartwatch Vero,2,28093,0,56186,12413,UPI,,
10801,12/15/2024,Neelofar Gill,West,Surat,Electronics,Smartwatch,Smartwatch Expedita,3,75371,5,214807,15456,Net Banking,,
10802,6/20/2025,Oorja Raval,West,Surat,Toys,Doll,Doll Incidunt,5,36207,5,171983,23013,Net Banking,,
10803,5/10/2025,Kaira Gaba,North,Amritsar,Beauty,Lipstick,Lipstick Eum,4,61344,5,233107,55240,Net Banking,,
10804,4/7/2025,Neysa Divan,West,Goa,Clothing,Shoes,Shoes Nobis,1,3838,10,3454,504,UPI,,
10805,8/20/2025,Kanav Dave,West,Goa,Books,Textbook,Textbook Laborum,5,8582,0,42910,8444,Net Banking,,
10806,1/18/2024,Dhruv Arya,South,Hyderabad,Home Decor,Lamp,Lamp Non,3,57887,15,147612,19763,Debit Card,,
10807,10/2/2024,Tushar Gara,North,Lucknow,Electronics,Smartwatch,Smartwatch Adipisci,1,48982,5,46533,5586,COD,,
10808,5/7/2024,Eva Sarma,North,Lucknow,Sports,Football,Football Fugiat,1,8982,15,7635,1421,Net Banking,,
10809,1/18/2025,Vidur Hari,West,Mumbai,Furniture,Bed,Bed Sint,2,47566,10,85619,10020,Net Banking,,
10810,7/3/2024,Aarna Tailor,North,Amritsar,Groceries,Rice,Rice Corporis,5,20859,5,99080,24756,COD,,
10811,3/29/2024,Adah Kibe,West,Surat,Electronics,Smartwatch,Smartwatch Veniam,2,51972,0,103944,15595,UPI,,
10812,9/5/2025,Prerak Dixit,East,Ranchi,Kitchen,Mixer Grinder,Mixer Grinder Doloribus,5,77166,15,327956,45670,Credit Card,,
10813,4/27/2024,Saanvi Soman,North,Chandigarh,Electronics,Camera,Camera Quisquam,3,10757,10,29044,4512,Net Banking,,
10814,8/29/2024,Uthkarsh Bora,West,Goa,Books,Comics,Comics Minima,4,10293,15,34996,8623,COD,,
10815,9/17/2025,Lakshay Som,West,Pune,Furniture,Table,Table Commodi,1,21445,20,17156,2424,Net Banking,,
10816,12/11/2023,Jhanvi Balay,South,Bangalore,Kitchen,Juicer,Juicer Iure,5,4062,20,16248,3057,Credit Card,,
10817,10/28/2024,Ryan Raj,West,Goa,Kitchen,Microwave,Microwave Itaque,3,15222,10,41099,6307,Net Banking,,
10818,8/7/2024,Neysa Kala,South,Bangalore,Furniture,Chair,Chair Earum,3,72550,10,195885,23293,UPI,,
10819,3/25/2024,Shayak Ramesh,East,Bhubaneswar,Groceries,Sugar,Sugar Officia,3,76876,5,219097,16651,Credit Card,,
10820,8/7/2025,Oorja Kota,East,Ranchi,Toys,Puzzle,Puzzle Qui,2,65184,20,104294,9183,UPI,,
10821,9/7/2025,Vanya Bora,West,Ahmedabad,Beauty,Foundation,Foundation Sed,4,76718,10,276185,32995,Debit Card,,
10822,6/5/2025,Samarth Sagar,North,Chandigarh,Furniture,Chair,Chair Occaecati,3,68989,10,186270,33629,Credit Card,,
10823,12/5/2024,Adira Contractor,North,Chandigarh,Sports,Yoga Mat,Yoga Mat Amet,2,31386,0,62772,13882,UPI,,
10824,6/8/2024,Bhamini Bumb,South,Thiruvananthapuram,Toys,Doll,Doll Libero,3,26072,15,66484,10903,UPI,,
10825,2/8/2025,Nehmat Viswanathan,West,Ahmedabad,Furniture,Cabinet,Cabinet Inventore,3,24116,15,61496,5466,COD,,
10826,12/9/2024,Tanya Ramanathan,South,Bangalore,Kitchen,Microwave,Microwave Fuga,3,49198,5,140214,21191,Debit Card,,
10827,4/29/2024,Tara Chaudhary,South,Hyderabad,Home Decor,Wall Art,Wall Art Error,3,12181,10,32889,7504,Credit Card,,
10828,4/14/2025,Kismat Sagar,East,Guwahati,Beauty,Foundation,Foundation At,5,25345,10,114053,16829,Net Banking,,
10829,3/10/2024,Zaina Dass,East,Ranchi,Clothing,Accessories,Accessories Aliquid,1,10808,0,10808,2068,Net Banking,,
10830,12/27/2024,Yashvi Gade,North,Lucknow,Beauty,Foundation,Foundation Nisi,3,75739,20,181774,43910,Net Banking,,
10831,7/15/2025,Vaibhav Chand,West,Mumbai,Toys,RC Car,RC Car Ipsum,2,71489,20,114382,16226,Credit Card,,
10832,8/25/2024,Pari Gera,West,Surat,Electronics,Camera,Camera Eum,2,52250,0,104500,21595,Credit Card,,
10833,1/1/2025,Nayantara Sharaf,East,Patna,Sports,Football,Football Magni,5,20293,10,91319,8856,UPI,,
10834,10/13/2023,Indrans Choudhary,South,Coimbatore,Kitchen,Refrigerator,Refrigerator Maxime,1,37067,15,31507,2576,Credit Card,,
10835,5/12/2024,Dhanush Jayaraman,North,Jaipur,Toys,Action Figure,Action Figure Possimus,5,44189,5,209898,33205,Debit Card,,
10836,3/22/2024,Tarini Ravi,East,Ranchi,Furniture,Table,Table Eaque,5,29514,0,147570,34951,Net Banking,,
10837,8/11/2025,Shanaya Chacko,East,Kolkata,Furniture,Bed,Bed Distinctio,3,76291,5,217429,45945,UPI,,
10838,5/14/2024,Prisha Guha,West,Goa,Groceries,Rice,Rice Dignissimos,1,79856,20,63885,10892,Credit Card,,
10839,6/15/2024,Kiaan Batra,East,Bhubaneswar,Sports,Yoga Mat,Yoga Mat Perferendis,3,46328,0,138984,13131,Net Banking,,
10840,4/25/2025,Tara Ratti,South,Coimbatore,Kitchen,Refrigerator,Refrigerator Ad,2,64873,0,129746,9934,COD,,
10841,1/16/2025,Anahita Rama,West,Mumbai,Groceries,Rice,Rice Deleniti,2,39562,20,63299,11971,COD,,
10842,6/8/2024,Yakshit Contractor,East,Bhubaneswar,Clothing,Shoes,Shoes Consectetur,1,26720,15,22712,2991,Debit Card,,
10843,11/19/2023,Ehsaan Bhatnagar,North,Lucknow,Groceries,Sugar,Sugar Vitae,5,59759,5,283855,64523,UPI,,
10844,4/14/2025,Prerak Amble,West,Mumbai,Sports,Dumbbells,Dumbbells Numquam,1,54511,10,49060,4058,Net Banking,,
10845,1/23/2025,Rati Raja,East,Patna,Toys,RC Car,RC Car Atque,4,42995,5,163381,15829,COD,,
10846,5/23/2024,Onkar Sahota,South,Thiruvananthapuram,Clothing,Shoes,Shoes Asperiores,4,5352,20,17126,1853,COD,,
10847,6/17/2024,Mishti Mahajan,South,Coimbatore,Home Decor,Vase,Vase Modi,3,25522,15,65081,12033,Debit Card,,
10848,10/5/2023,Zara Chander,North,Delhi,Sports,Tennis Racket,Tennis Racket Maxime,2,71438,15,121445,26941,COD,,
10849,5/21/2025,Vedika Kaur,North,Delhi,Home Decor,Wall Art,Wall Art Cumque,3,42864,0,128592,25751,UPI,,
10850,1/12/2025,Tarini Dass,East,Kolkata,Books,Fiction,Fiction Id,5,61772,0,308860,29594,UPI,,
10851,6/2/2025,Darshit Bhardwaj,South,Chennai,Books,Biography,Biography Dicta,5,29929,0,149645,17538,UPI,,
10852,7/25/2025,Zara Shenoy,West,Mumbai,Furniture,Sofa,Sofa Totam,4,21854,10,78674,15118,Credit Card,,
10853,11/2/2024,Shalv Trivedi,South,Chennai,Kitchen,Refrigerator,Refrigerator Aliquid,2,712,20,1139,269,Net Banking,,
10854,4/10/2025,Mahika Basu,West,Goa,Beauty,Face Cream,Face Cream Quam,3,36710,0,110130,11997,UPI,,
10855,10/15/2024,Rasha Halder,East,Guwahati,Books,Fiction,Fiction Doloremque,4,62439,20,199805,37462,COD,,
10856,1/3/2025,Kavya Goyal,West,Ahmedabad,Home Decor,Wall Art,Wall Art Voluptatem,3,56731,5,161683,31501,Debit Card,,
10857,2/24/2024,Miraan Sibal,South,Coimbatore,Home Decor,Vase,Vase Non,2,3438,0,6876,407,Net Banking,,
10858,6/9/2024,Indranil Mahal,South,Bangalore,Electronics,Headphones,Headphones A,4,25172,15,85585,19249,Net Banking,,
10859,7/22/2024,Indrajit Butala,North,Jaipur,Home Decor,Lamp,Lamp Suscipit,5,74116,5,352051,41928,Debit Card,,
10860,2/18/2025,Adah Konda,West,Ahmedabad,Electronics,Laptop,Laptop Doloremque,1,45790,20,36632,6295,Debit Card,,
10861,2/15/2024,Pari Kurian,West,Surat,Sports,Cricket Bat,Cricket Bat Neque,4,13162,20,42118,4400,COD,,
10862,11/8/2024,Saanvi Vora,East,Kolkata,Furniture,Table,Table Molestias,3,11327,20,27185,5963,Net Banking,,
10863,6/1/2024,Dishani Baral,North,Jaipur,Sports,Football,Football Natus,1,35971,10,32374,2880,Credit Card,,
10864,10/4/2023,Mehul Chakrabarti,North,Lucknow,Sports,Yoga Mat,Yoga Mat Eum,1,7176,10,6458,725,Debit Card,,
10865,12/1/2024,Adah Tandon,East,Patna,Kitchen,Refrigerator,Refrigerator Reprehenderit,1,48244,20,38595,2285,UPI,,
10866,5/30/2025,Yakshit Din,South,Thiruvananthapuram,Books,Textbook,Textbook Fugiat,3,43938,0,131814,22926,UPI,,
10867,10/21/2023,Vaibhav Rana,East,Patna,Home Decor,Clock,Clock Debitis,3,36244,20,86986,20604,COD,,
10868,5/29/2025,Himmat Ahluwalia,East,Bhubaneswar,Kitchen,Mixer Grinder,Mixer Grinder Laborum,3,48711,15,124213,30220,Net Banking,,
10869,12/19/2024,Aradhya Bansal,North,Chandigarh,Books,Biography,Biography Odio,4,26860,10,96696,6499,UPI,,
10870,5/6/2025,Dishani Wali,West,Pune,Furniture,Table,Table Animi,5,4499,5,21370,4191,Debit Card,,
10871,1/28/2024,Ritvik Ramakrishnan,West,Goa,Kitchen,Mixer Grinder,Mixer Grinder Tempora,1,69530,0,69530,10563,Credit Card,,
10872,1/11/2025,Renee Sanghvi,East,Bhubaneswar,Furniture,Cabinet,Cabinet Quos,3,42821,20,102770,16063,Debit Card,,
10873,6/20/2025,Vidur Dora,South,Bangalore,Furniture,Sofa,Sofa Voluptates,2,49734,20,79574,6281,Credit Card,,
10874,11/29/2023,Sara Warrior,West,Pune,Books,Fiction,Fiction Excepturi,3,23767,0,71301,17210,Credit Card,,
10875,4/19/2024,Ivan Acharya,North,Lucknow,Groceries,Spices,Spices Officia,4,29484,5,112039,22203,Debit Card,,
10876,12/28/2023,Badal Chana,North,Lucknow,Toys,Puzzle,Puzzle Saepe,1,24131,5,22924,4044,Credit Card,,
10877,3/23/2025,Hrishita Atwal,West,Surat,Groceries,Wheat,Wheat Voluptate,5,72158,20,288632,67742,UPI,,
10878,5/10/2024,Aniruddh Sarin,North,Amritsar,Groceries,Rice,Rice A,5,78382,0,391910,34001,Debit Card,,
10879,12/24/2024,Arhaan Khatri,South,Thiruvananthapuram,Beauty,Face Cream,Face Cream Dicta,2,15328,10,27590,3554,Credit Card,,
10880,2/25/2025,Lagan Cherian,North,Jaipur,Furniture,Table,Table Ab,1,21650,0,21650,1195,Credit Card,,
10881,8/4/2025,Anvi Sangha,North,Amritsar,Electronics,Laptop,Laptop Numquam,5,3982,15,16924,2827,Debit Card,,
10882,6/22/2025,Tushar Koshy,West,Ahmedabad,Groceries,Oil,Oil Et,4,36442,20,116614,22353,Debit Card,,
10883,5/12/2024,Damini Gupta,South,Bangalore,Books,Non-Fiction,Non-Fiction Hic,3,65177,0,195531,40406,Debit Card,,
10884,9/6/2024,Anahi Sarin,North,Delhi,Furniture,Table,Table Ex,2,38532,0,77064,15433,Credit Card,,
10885,11/5/2024,Jayant Chada,East,Ranchi,Toys,RC Car,RC Car Deserunt,2,61447,0,122894,24583,Debit Card,,
10886,6/27/2024,Vaibhav Bhalla,North,Chandigarh,Sports,Dumbbells,Dumbbells Fugiat,2,24144,5,45874,7741,Credit Card,,
10887,11/3/2024,Anya Lata,West,Pune,Toys,Doll,Doll Accusamus,4,39637,15,134766,31635,UPI,,
10888,12/31/2023,Aarav Barad,East,Bhubaneswar,Groceries,Rice,Rice Alias,3,52303,0,156909,15346,Debit Card,,
10889,12/29/2023,Navya Chanda,North,Chandigarh,Sports,Tennis Racket,Tennis Racket Harum,3,15965,20,38316,8371,COD,,
10890,6/19/2025,Ryan Kurian,East,Guwahati,Books,Comics,Comics Et,3,34245,20,82188,6456,Credit Card,,
10891,1/30/2025,Jayant Khurana,West,Ahmedabad,Beauty,Face Cream,Face Cream Numquam,2,27956,20,44730,4590,COD,,
10892,8/23/2025,Inaaya  Kannan,South,Bangalore,Furniture,Chair,Chair Quae,4,53754,15,182764,16631,COD,,
10893,3/5/2025,Manjari Rao,South,Chennai,Beauty,Face Cream,Face Cream Aliquid,4,64233,5,244085,33741,Net Banking,,
10894,3/14/2025,Seher Gole,West,Goa,Groceries,Spices,Spices Dolorem,1,35267,5,33504,1999,COD,,
10895,12/4/2023,Fateh Madan,West,Surat,Books,Textbook,Textbook Corporis,4,66741,10,240268,47396,UPI,,
10896,5/15/2025,Kiaan Goyal,West,Goa,Electronics,Mobile,Mobile Nesciunt,5,53730,0,268650,37732,Net Banking,,
10897,11/5/2024,Manjari Sane,South,Bangalore,Home Decor,Vase,Vase Esse,1,77774,10,69997,9560,Net Banking,,
10898,8/6/2025,Arnav Ravi,North,Chandigarh,Home Decor,Lamp,Lamp At,1,46963,5,44615,3061,Credit Card,,
10899,9/4/2024,Madhup Dhar,South,Coimbatore,Home Decor,Wall Art,Wall Art Labore,5,19167,15,81460,5976,COD,,
10900,11/26/2023,Kartik Sant,East,Bhubaneswar,Books,Biography,Biography Libero,5,44635,20,178540,43517,Debit Card,,
10901,1/5/2024,Mohanlal Deshmukh,South,Thiruvananthapuram,Books,Comics,Comics Dolor,4,28307,20,90582,18514,Credit Card,,
10902,5/27/2024,Saira Balay,South,Thiruvananthapuram,Books,Textbook,Textbook Laboriosam,2,53120,5,100928,23331,COD,,
10903,6/5/2024,Divij Bawa,South,Thiruvananthapuram,Kitchen,Refrigerator,Refrigerator Iusto,2,64209,10,115576,15643,COD,,
10904,8/30/2025,Misha Raman,West,Surat,Clothing,Accessories,Accessories Corporis,3,36891,0,110673,27610,Credit Card,,
10905,2/18/2024,Arhaan Raja,West,Ahmedabad,Electronics,Smartwatch,Smartwatch Placeat,5,64401,10,289805,38369,Debit Card,,
10906,11/22/2023,Kimaya Vala,South,Hyderabad,Furniture,Sofa,Sofa Odit,5,46147,0,230735,24815,UPI,,
10907,7/22/2024,Arhaan Basu,West,Ahmedabad,Books,Non-Fiction,Non-Fiction Inventore,4,72703,20,232650,20110,COD,,
10908,5/27/2024,Dhanuk Talwar,West,Ahmedabad,Electronics,Mobile,Mobile Cupiditate,2,56884,0,113768,18563,Debit Card,,
10909,10/30/2024,Jivin Sarkar,South,Thiruvananthapuram,Beauty,Shampoo,Shampoo Hic,1,7059,20,5647,1409,UPI,,
10910,3/25/2024,Riya Ghose,North,Lucknow,Electronics,Camera,Camera Repellendus,5,76437,0,382185,20629,UPI,,
10911,9/15/2025,Reyansh Sahni,North,Jaipur,Sports,Tennis Racket,Tennis Racket Consequuntur,3,8547,0,25641,3075,UPI,,
10912,12/17/2023,Lakshay Bobal,West,Ahmedabad,Sports,Dumbbells,Dumbbells Illum,1,17575,5,16696,1665,COD,,
10913,9/29/2024,Armaan Shukla,East,Patna,Electronics,Smartwatch,Smartwatch Illum,2,40709,10,73276,14442,COD,,
10914,6/8/2024,Ojas Dâ€™Alia,South,Chennai,Books,Comics,Comics Atque,4,69766,0,279064,36618,COD,,
10915,11/24/2024,Riya Dada,East,Bhubaneswar,Clothing,Women's Wear,Women's Wear Tenetur,1,26961,0,26961,2535,UPI,,
10916,7/6/2025,Jhanvi Raval,North,Amritsar,Kitchen,Mixer Grinder,Mixer Grinder Incidunt,1,72134,5,68527,4229,COD,,
10917,3/8/2024,Indrans Bakshi,East,Kolkata,Groceries,Spices,Spices Dolor,2,8492,5,16135,3039,COD,,
10918,12/27/2023,Tanya Shenoy,West,Goa,Furniture,Cabinet,Cabinet Est,3,2591,0,7773,1806,COD,,
10919,8/31/2024,Arnav Sidhu,West,Ahmedabad,Sports,Cricket Bat,Cricket Bat Incidunt,5,28751,20,115004,9548,Debit Card,,
10920,8/19/2025,Khushi Rana,East,Patna,Books,Biography,Biography Iusto,2,60999,20,97598,20703,COD,,
10921,1/6/2025,Raghav Khurana,East,Guwahati,Beauty,Lipstick,Lipstick Unde,4,24570,0,98280,7434,Net Banking,,
10922,9/1/2025,Tara Sharaf,South,Hyderabad,Home Decor,Wall Art,Wall Art Quos,5,5260,10,23670,4728,Credit Card,,
10923,6/21/2024,Hiran Buch,North,Delhi,Furniture,Bed,Bed Iusto,1,71109,10,63998,4593,Debit Card,,
10924,5/26/2025,Vaibhav Sarraf,West,Surat,Clothing,Accessories,Accessories Alias,4,8185,10,29466,2216,Debit Card,,
10925,12/30/2024,Eshani Sahota,South,Thiruvananthapuram,Kitchen,Juicer,Juicer Vero,5,46434,5,220562,48661,Net Banking,,
10926,3/27/2025,Stuvan Dayal,North,Jaipur,Groceries,Sugar,Sugar Dolor,1,33125,0,33125,6898,UPI,,
10927,9/11/2025,Damini Majumdar,West,Goa,Furniture,Cabinet,Cabinet Nihil,1,17599,0,17599,1393,UPI,,
10928,2/14/2025,Vritika Subramaniam,North,Lucknow,Kitchen,Juicer,Juicer Blanditiis,5,46729,10,210281,42655,COD,,
10929,10/27/2023,Kanav Chaudhari,North,Lucknow,Furniture,Sofa,Sofa Aut,5,23052,5,109497,12674,COD,,
10930,6/17/2024,Taran Karan,West,Mumbai,Kitchen,Juicer,Juicer Laboriosam,5,27728,20,110912,9668,COD,,
10931,4/20/2024,Taran Goyal,East,Kolkata,Electronics,Smartwatch,Smartwatch Ut,4,37863,5,143879,27407,Credit Card,,
10932,8/29/2025,Lakshay Dasgupta,West,Pune,Electronics,Camera,Camera Iusto,3,49016,0,147048,31515,UPI,,
10933,3/5/2024,Yasmin Shroff,South,Chennai,Electronics,Headphones,Headphones Esse,5,590,20,2360,380,Debit Card,,
10934,12/8/2023,Taran Singh,North,Delhi,Kitchen,Cookware Set,Cookware Set Praesentium,4,28798,15,97913,19892,UPI,,
10935,5/25/2025,Hunar Wason,East,Patna,Kitchen,Microwave,Microwave Molestiae,5,28787,5,136738,26610,UPI,,
10936,8/31/2025,Saanvi Raj,East,Patna,Groceries,Rice,Rice Dicta,2,67125,0,134250,22469,Credit Card,,
10937,2/10/2024,Jayesh Thakkar,West,Mumbai,Books,Biography,Biography Similique,5,41701,15,177229,36719,Net Banking,,
10938,10/25/2024,Hrishita Chana,North,Amritsar,Home Decor,Vase,Vase Eveniet,1,35822,20,28658,1832,Credit Card,,
10939,4/4/2025,Anya Sarraf,North,Jaipur,Groceries,Oil,Oil Nihil,3,67696,15,172625,20223,UPI,,
10940,8/9/2024,Lavanya Yogi,North,Lucknow,Clothing,Shoes,Shoes Incidunt,3,35108,5,100058,18468,Credit Card,,
10941,1/1/2024,Indranil Char,South,Coimbatore,Sports,Cricket Bat,Cricket Bat Distinctio,3,15767,20,37841,8627,Net Banking,,
10942,5/28/2024,Gokul Chacko,South,Hyderabad,Home Decor,Wall Art,Wall Art Saepe,5,47154,15,200405,47036,COD,,
10943,9/14/2025,Samarth Subramaniam,East,Bhubaneswar,Beauty,Lipstick,Lipstick Autem,2,38993,10,70187,8192,UPI,,
10944,7/28/2025,Himmat Srinivasan,South,Chennai,Toys,Puzzle,Puzzle Illo,5,32264,20,129056,28396,Credit Card,,
10945,10/23/2024,Rati Dayal,East,Guwahati,Beauty,Perfume,Perfume Ipsam,3,25698,20,61675,10995,Credit Card,,
10946,1/2/2024,Ranbir Cheema,South,Bangalore,Groceries,Sugar,Sugar Quasi,3,43427,0,130281,7740,Net Banking,,
10947,4/4/2024,Dhanuk Chawla,West,Mumbai,Toys,Puzzle,Puzzle Ex,1,8403,20,6722,1422,Credit Card,,
10948,11/20/2024,Jivika Vohra,West,Pune,Toys,RC Car,RC Car Natus,5,56992,15,242216,51974,Debit Card,,
10949,11/17/2023,Kiaan Golla,North,Jaipur,Groceries,Spices,Spices Officiis,2,40833,15,69416,10822,Debit Card,,
10950,7/13/2025,Shayak Kannan,South,Bangalore,Clothing,Women's Wear,Women's Wear Optio,5,1794,5,8522,1574,UPI,,
10951,4/17/2024,Shanaya Raja,North,Amritsar,Home Decor,Wall Art,Wall Art Eius,4,30707,5,116687,23787,COD,,
10952,9/5/2025,Vardaniya Vala,West,Surat,Kitchen,Mixer Grinder,Mixer Grinder Sequi,2,39583,0,79166,16369,UPI,,
10953,9/16/2025,Nitara Saraf,South,Hyderabad,Groceries,Sugar,Sugar Nostrum,3,64683,5,184347,27786,UPI,,
10954,10/15/2024,Eshani Dora,West,Mumbai,Home Decor,Lamp,Lamp Nostrum,4,46303,0,185212,45900,COD,,
10955,1/15/2024,Lavanya Ahuja,West,Pune,Clothing,Kids Wear,Kids Wear Velit,5,51908,15,220609,29885,Debit Card,,
10956,11/11/2024,Kabir Bajwa,West,Ahmedabad,Furniture,Sofa,Sofa Voluptatibus,3,42898,10,115825,23232,COD,,
10957,3/12/2024,Anahi Upadhyay,North,Lucknow,Books,Fiction,Fiction Quisquam,3,22522,20,54053,3843,Credit Card,,
10958,2/16/2024,Alisha Balakrishnan,South,Bangalore,Furniture,Bed,Bed Sit,3,48529,15,123749,9391,COD,,
10959,4/15/2024,Trisha Tiwari,East,Guwahati,Books,Biography,Biography Qui,1,62920,15,53482,4787,Credit Card,,
10960,8/20/2024,Aaina Ramaswamy,North,Jaipur,Kitchen,Refrigerator,Refrigerator Fuga,5,19156,10,86202,6240,UPI,,
10961,3/1/2025,Ranbir Khanna,South,Thiruvananthapuram,Toys,Puzzle,Puzzle Magni,2,11858,0,23716,1921,COD,,
10962,2/21/2025,Mishti Venkatesh,East,Patna,Kitchen,Mixer Grinder,Mixer Grinder Cumque,2,21444,10,38599,6238,COD,,
10963,6/17/2024,Ehsaan Shanker,South,Chennai,Furniture,Sofa,Sofa Temporibus,1,23826,0,23826,5582,COD,,
10964,10/18/2024,Dhanuk Ratti,East,Bhubaneswar,Sports,Dumbbells,Dumbbells Maxime,2,63728,20,101965,18544,UPI,,
10965,6/15/2024,Saira Sastry,East,Bhubaneswar,Toys,Action Figure,Action Figure Ipsum,4,52831,20,169059,27423,Debit Card,,
10966,5/2/2025,Ritvik Dua,West,Mumbai,Books,Comics,Comics Distinctio,2,3692,10,6646,916,Credit Card,,
10967,1/23/2025,Shray Sundaram,South,Bangalore,Beauty,Perfume,Perfume Soluta,2,23824,0,47648,4557,UPI,,
10968,11/9/2023,Inaaya  Mand,North,Amritsar,Sports,Yoga Mat,Yoga Mat Et,2,64141,0,128282,19421,Net Banking,,
10969,1/28/2024,Shlok Gade,West,Pune,Kitchen,Juicer,Juicer Magni,3,57675,15,147071,29650,UPI,,
10970,11/27/2024,Indrajit Reddy,South,Coimbatore,Sports,Football,Football Aliquid,1,67999,10,61199,12278,UPI,,
10971,9/22/2025,Tushar Sankaran,West,Ahmedabad,Groceries,Rice,Rice Facilis,5,46134,15,196070,24399,Net Banking,,
10972,12/28/2024,Jhanvi Subramaniam,South,Chennai,Kitchen,Refrigerator,Refrigerator Magni,1,42919,15,36481,3113,Net Banking,,
10973,12/4/2023,Rati Dhar,West,Ahmedabad,Home Decor,Vase,Vase Debitis,4,5565,0,22260,3228,Credit Card,,
10974,1/6/2024,Taran Chahal,West,Pune,Home Decor,Wall Art,Wall Art Dolores,2,12508,5,23765,1926,COD,,
10975,11/23/2024,Vritika Dube,West,Goa,Kitchen,Cookware Set,Cookware Set Natus,4,37919,20,121341,11472,COD,,
10976,5/11/2025,Kavya Mahal,North,Chandigarh,Furniture,Bed,Bed Consequuntur,2,65319,15,111042,13068,Net Banking,,
10977,3/6/2024,Vaibhav Dhar,East,Bhubaneswar,Electronics,Headphones,Headphones Aperiam,4,74837,10,269413,47063,Net Banking,,
10978,1/11/2025,Jayan Hari,West,Pune,Furniture,Chair,Chair Quo,1,20353,15,17300,1476,UPI,,
10979,8/7/2025,Keya Kunda,North,Chandigarh,Sports,Football,Football Hic,4,46114,20,147565,11330,COD,,
10980,5/7/2025,Vardaniya Ramachandran,South,Chennai,Kitchen,Cookware Set,Cookware Set Quaerat,5,19536,5,92796,10051,COD,,
10981,1/6/2024,Ryan Mand,West,Ahmedabad,Sports,Tennis Racket,Tennis Racket Omnis,3,71574,10,193250,37738,COD,,
10982,4/20/2024,Devansh Sethi,South,Chennai,Kitchen,Mixer Grinder,Mixer Grinder Et,2,73647,15,125200,8827,Debit Card,,
10983,12/10/2024,Tejas Ramachandran,South,Hyderabad,Toys,Puzzle,Puzzle In,3,23933,10,64619,13759,Net Banking,,
10984,2/24/2025,Pranay Mahal,West,Ahmedabad,Books,Non-Fiction,Non-Fiction Tenetur,2,55950,20,89520,11392,Debit Card,,
10985,1/26/2024,Ira Andra,West,Mumbai,Groceries,Wheat,Wheat Sit,4,28177,15,95802,11205,UPI,,
10986,9/22/2025,Himmat Bahri,South,Thiruvananthapuram,Beauty,Foundation,Foundation Temporibus,2,10700,20,17120,1933,Credit Card,,
10987,4/18/2025,Vihaan Kannan,South,Chennai,Books,Non-Fiction,Non-Fiction Quod,1,20838,0,20838,5084,Net Banking,,
10988,2/18/2024,Vihaan Varty,East,Guwahati,Clothing,Accessories,Accessories Ipsum,4,31324,5,119031,22803,Credit Card,,
10989,7/23/2025,Ayesha Srinivas,North,Lucknow,Furniture,Bed,Bed Tempora,4,2521,10,9076,1480,UPI,,
10990,8/10/2024,Hansh Chaudhuri,East,Bhubaneswar,Toys,Puzzle,Puzzle Soluta,2,55051,15,93587,20925,Credit Card,,
10991,1/4/2024,Aarush Bahl,East,Bhubaneswar,Books,Fiction,Fiction Laborum,4,73288,10,263837,56203,Debit Card,,
10992,12/6/2024,Rati Bhatti,East,Guwahati,Groceries,Oil,Oil Exercitationem,4,29212,20,93478,10820,Credit Card,,
10993,6/5/2025,Shanaya Chaudry,West,Surat,Groceries,Sugar,Sugar Similique,5,47142,5,223925,13671,Credit Card,,
10994,10/21/2023,Anay Upadhyay,East,Bhubaneswar,Toys,Board Game,Board Game Tempora,5,42907,10,193082,16436,Net Banking,,
10995,9/14/2024,Darshit Keer,West,Mumbai,Books,Biography,Biography Sint,1,28656,5,27223,5328,Debit Card,,
10996,5/29/2024,Umang Iyengar,North,Amritsar,Toys,RC Car,RC Car Animi,2,11948,5,22701,5388,COD,,
10997,5/7/2025,Zain Wadhwa,South,Chennai,Kitchen,Cookware Set,Cookware Set Harum,3,8530,15,21752,3356,UPI,,
10998,8/9/2024,Saira Ratti,North,Chandigarh,Clothing,Kids Wear,Kids Wear Eveniet,2,35370,15,60129,7808,COD,,
10999,7/7/2025,Zara Sinha,South,Coimbatore,Groceries,Sugar,Sugar Nihil,5,1101,10,4955,683,UPI,,
11000,5/10/2025,Anahi Rao,South,Bangalore,Books,Fiction,Fiction Nisi,3,78111,5,222616,11985,UPI,,
11001,2/4/2024,Miraya Jha,South,Coimbatore,Groceries,Wheat,Wheat Necessitatibus,1,21585,15,18347,2939,UPI,,
11002,11/27/2023,Farhan Kata,North,Lucknow,Groceries,Spices,Spices Dolores,1,75335,15,64035,13472,Debit Card,,
11003,2/16/2024,Mehul Suri,North,Jaipur,Beauty,Lipstick,Lipstick Molestias,2,51288,20,82061,7655,Debit Card,,
11004,1/29/2024,Tarini Ganesan,North,Chandigarh,Books,Comics,Comics Nesciunt,2,38765,10,69777,5260,Credit Card,,
11005,12/20/2024,Nitya Dayal,West,Surat,Electronics,Camera,Camera Vel,2,79251,5,150577,18926,COD,,
11006,5/16/2024,Inaaya  Sinha,West,Goa,Clothing,Shoes,Shoes Sapiente,4,13384,15,45506,5533,Credit Card,,
11007,12/8/2024,Eva Deshpande,South,Thiruvananthapuram,Groceries,Wheat,Wheat Magni,3,66276,5,188887,17971,Credit Card,,
11008,3/10/2024,Shanaya Gill,West,Ahmedabad,Toys,Doll,Doll Voluptatem,3,58549,20,140518,7625,Net Banking,,
11009,11/9/2023,Keya Goswami,East,Bhubaneswar,Sports,Yoga Mat,Yoga Mat Dolor,5,57314,15,243585,33130,Net Banking,,
11010,6/22/2024,Raghav Gala,East,Guwahati,Furniture,Bed,Bed Laudantium,1,64511,15,54834,7153,Debit Card,,
11011,6/15/2025,Neysa Chacko,North,Jaipur,Home Decor,Vase,Vase Quia,2,9742,15,16561,3250,UPI,,
11012,2/3/2024,Chirag Banik,West,Goa,Sports,Yoga Mat,Yoga Mat Sed,3,9940,20,23856,1668,Credit Card,,
11013,10/14/2023,Nirvaan Bhargava,South,Bangalore,Home Decor,Vase,Vase Dolorum,3,21730,5,61931,12071,COD,,
11014,2/14/2024,Ayesha Dani,South,Coimbatore,Groceries,Sugar,Sugar Labore,1,28841,10,25957,2731,Net Banking,,
11015,10/1/2024,Adira Tank,North,Amritsar,Kitchen,Cookware Set,Cookware Set Ipsum,4,64221,15,218351,27350,UPI,,
11016,12/16/2023,Romil Mall,East,Guwahati,Toys,RC Car,RC Car Reiciendis,3,46947,15,119715,10321,COD,,
11017,9/2/2025,Vritika Divan,North,Amritsar,Books,Comics,Comics Quo,3,68003,5,193809,22076,Net Banking,,
11018,9/9/2024,Stuvan Saxena,West,Mumbai,Furniture,Bed,Bed Repellendus,3,54327,10,146683,24928,Credit Card,,
11019,4/30/2024,Aarna Anand,North,Chandigarh,Beauty,Face Cream,Face Cream Reiciendis,5,36812,20,147248,11285,UPI,,
11020,12/3/2024,Elakshi Mall,East,Kolkata,Clothing,Shoes,Shoes Vitae,3,53353,5,152056,28119,Debit Card,,
11021,5/7/2024,Taimur Kapoor,West,Goa,Home Decor,Lamp,Lamp Sequi,2,69395,20,111032,27245,Credit Card,,
11022,6/30/2024,Tejas Jayaraman,North,Jaipur,Kitchen,Microwave,Microwave Perferendis,5,34804,10,156618,36975,UPI,,
11023,10/28/2023,Farhan Kumar,West,Surat,Furniture,Chair,Chair Dolores,4,28446,20,91027,20804,UPI,,
11024,8/22/2025,Vaibhav Borra,East,Patna,Beauty,Foundation,Foundation Illum,5,33373,5,158522,33382,COD,,
11025,2/20/2024,Mohanlal Kar,South,Thiruvananthapuram,Toys,Doll,Doll Dolorum,3,5586,20,13406,3144,Net Banking,,
11026,3/21/2025,Zeeshan Bajaj,South,Chennai,Toys,Doll,Doll Incidunt,4,76233,0,304932,36668,UPI,,
11027,12/11/2024,Romil Ghose,East,Guwahati,Electronics,Headphones,Headphones At,1,46679,15,39677,9113,COD,,
11028,3/12/2024,Prisha Gopal,South,Chennai,Electronics,Mobile,Mobile Fugiat,3,28359,5,80823,7678,UPI,,
11029,4/7/2025,Jayant Sem,East,Bhubaneswar,Sports,Tennis Racket,Tennis Racket Voluptate,4,41906,20,134099,22271,Net Banking,,
11030,7/28/2024,Samar Bhalla,West,Surat,Books,Biography,Biography Non,5,7394,0,36970,4223,Debit Card,,
11031,1/8/2025,Shayak Chaudhary,North,Amritsar,Clothing,Accessories,Accessories Repellendus,2,66329,15,112759,16442,Debit Card,,
11032,5/20/2025,Kimaya Kakar,West,Ahmedabad,Clothing,Kids Wear,Kids Wear Accusamus,5,33747,10,151862,26812,Net Banking,,
11033,10/29/2023,Dhruv Bahl,North,Lucknow,Toys,Action Figure,Action Figure Natus,2,731,15,1243,114,Credit Card,,
11034,6/4/2025,Yuvaan Vig,West,Surat,Clothing,Kids Wear,Kids Wear Nemo,4,37118,5,141048,13479,COD,,
11035,1/24/2025,Lakshit Sridhar,East,Guwahati,Home Decor,Clock,Clock Iure,3,29284,20,70282,15372,Debit Card,,
11036,9/9/2024,Khushi Dugal,East,Kolkata,Home Decor,Clock,Clock Dolor,1,15109,10,13598,2935,Net Banking,,
11037,2/6/2024,Sahil Kale,East,Bhubaneswar,Beauty,Foundation,Foundation Totam,1,19290,5,18326,2830,UPI,,
11038,8/29/2024,Kimaya Issac,East,Guwahati,Beauty,Face Cream,Face Cream Voluptas,4,54082,20,173062,31705,Net Banking,,
11039,2/24/2025,Chirag Bera,South,Chennai,Beauty,Lipstick,Lipstick Esse,2,16234,5,30845,6973,Credit Card,,
11040,9/6/2024,Devansh Walia,North,Chandigarh,Sports,Cricket Bat,Cricket Bat Modi,1,44624,20,35699,4378,Net Banking,,
11041,3/23/2025,Riya Bhandari,South,Chennai,Home Decor,Lamp,Lamp Nostrum,3,20681,0,62043,10539,Credit Card,,
11042,10/26/2023,Neelofar Banerjee,West,Pune,Clothing,Women's Wear,Women's Wear Tenetur,1,1071,5,1017,147,Debit Card,,
11043,10/7/2023,Aaryahi Mahajan,West,Ahmedabad,Sports,Dumbbells,Dumbbells Voluptates,1,10248,10,9223,790,Net Banking,,
11044,6/13/2024,Mamooty Shankar,West,Ahmedabad,Kitchen,Cookware Set,Cookware Set Quidem,3,30343,5,86478,14192,Net Banking,,
11045,8/1/2025,Farhan De,West,Ahmedabad,Groceries,Spices,Spices Quibusdam,4,68181,0,272724,47542,Credit Card,,
11046,9/13/2025,Anahi Date,South,Chennai,Electronics,Headphones,Headphones Sed,3,44804,0,134412,16686,Debit Card,,
11047,3/15/2024,Parinaaz Datta,West,Ahmedabad,Home Decor,Vase,Vase Ea,5,65619,5,311690,67821,Net Banking,,
11048,5/12/2024,Rania Mand,South,Coimbatore,Books,Non-Fiction,Non-Fiction Cum,2,67113,5,127515,19052,Net Banking,,
11049,5/4/2025,Rania Sanghvi,West,Pune,Books,Biography,Biography Deserunt,2,20114,15,34194,7109,UPI,,
11050,10/28/2023,Anahi Date,West,Mumbai,Home Decor,Lamp,Lamp Sed,2,10531,5,20009,1003,COD,,
11051,1/28/2025,Zain Sha,West,Surat,Books,Biography,Biography Repudiandae,1,46017,0,46017,11480,COD,,
11052,11/11/2024,Hunar Seth,East,Patna,Beauty,Face Cream,Face Cream Nisi,5,34608,20,138432,13387,UPI,,
11053,9/3/2025,Mohanlal Sha,East,Guwahati,Home Decor,Cushion,Cushion Praesentium,5,23060,10,103770,18283,Debit Card,,
11054,2/28/2024,Farhan Dave,North,Amritsar,Beauty,Perfume,Perfume Veniam,4,53624,0,214496,13544,Net Banking,,
11055,10/2/2024,Myra Dua,South,Thiruvananthapuram,Groceries,Oil,Oil Iusto,5,53156,0,265780,45958,Credit Card,,
11056,4/13/2024,Suhana Mani,North,Jaipur,Toys,RC Car,RC Car Ab,4,69925,20,223760,18817,Debit Card,,
11057,12/11/2024,Shanaya Devan,West,Mumbai,Toys,Puzzle,Puzzle Tempora,5,28450,5,135138,8543,COD,,
11058,5/31/2025,Onkar Bora,West,Surat,Sports,Yoga Mat,Yoga Mat Voluptatem,5,61981,10,278915,30971,UPI,,
11059,9/2/2025,Piya Koshy,South,Bangalore,Home Decor,Clock,Clock Animi,4,46217,10,166381,18545,UPI,,
11060,7/24/2024,Kismat Chowdhury,West,Goa,Kitchen,Microwave,Microwave Ex,5,26290,15,111733,17414,COD,,
11061,2/1/2025,Akarsh Sastry,West,Ahmedabad,Groceries,Oil,Oil Quisquam,4,4679,20,14973,3146,COD,,
11062,5/17/2025,Rati Ramaswamy,North,Chandigarh,Toys,Puzzle,Puzzle Commodi,4,614,0,2456,458,Credit Card,,
11063,11/24/2024,Prerak Shan,South,Thiruvananthapuram,Furniture,Table,Table Excepturi,1,11858,5,11265,670,Credit Card,,
11064,12/6/2024,Kashvi Raja,East,Kolkata,Books,Textbook,Textbook Assumenda,3,66303,0,198909,45907,COD,,
11065,10/11/2023,Onkar Johal,East,Ranchi,Books,Textbook,Textbook Nihil,3,56549,20,135718,9387,Debit Card,,
11066,5/10/2025,Ryan Srivastava,West,Mumbai,Electronics,Smartwatch,Smartwatch Aperiam,1,38853,20,31082,4063,Debit Card,,
11067,9/6/2025,Yakshit Brahmbhatt,South,Chennai,Home Decor,Lamp,Lamp Ut,4,20842,0,83368,8547,Credit Card,,
11068,10/15/2024,Baiju Jaggi,South,Coimbatore,Beauty,Face Cream,Face Cream Recusandae,4,5016,15,17054,2562,Debit Card,,
11069,7/12/2025,Zaina Chakrabarti,West,Mumbai,Sports,Cricket Bat,Cricket Bat Officiis,2,41608,0,83216,6068,Net Banking,,
11070,2/20/2024,Ivana Sandal,West,Surat,Kitchen,Mixer Grinder,Mixer Grinder Earum,5,35132,10,158094,32036,UPI,,
11071,2/10/2025,Kabir Dani,South,Bangalore,Electronics,Laptop,Laptop Et,3,23559,20,56542,5767,Debit Card,,
11072,9/3/2025,Alisha Bhagat,South,Hyderabad,Clothing,Women's Wear,Women's Wear Explicabo,2,72402,20,115843,27906,COD,,
11073,3/11/2024,Jivika Wali,West,Mumbai,Furniture,Cabinet,Cabinet Neque,5,12315,20,49260,10533,Debit Card,,
11074,8/9/2024,Aradhya Bassi,North,Delhi,Groceries,Sugar,Sugar Recusandae,4,1299,20,4157,431,Credit Card,,
11075,8/31/2024,Jivin Lal,North,Lucknow,Books,Textbook,Textbook Error,1,1548,20,1238,284,UPI,,
11076,9/3/2024,Charvi Dora,North,Amritsar,Toys,Action Figure,Action Figure Voluptatem,1,28645,20,22916,1925,UPI,,
11077,9/23/2025,Tarini Sant,East,Patna,Beauty,Foundation,Foundation Sapiente,2,7000,20,11200,1427,Credit Card,,
11078,1/14/2025,Emir Batta,North,Jaipur,Sports,Cricket Bat,Cricket Bat Officiis,3,12289,10,33180,3695,COD,,
11079,5/8/2024,Prerak Dani,East,Guwahati,Electronics,Mobile,Mobile Vitae,1,13336,15,11336,2562,Credit Card,,
11080,2/14/2024,Drishya Amble,South,Coimbatore,Groceries,Oil,Oil Cupiditate,1,17376,10,15638,1948,COD,,
11081,8/31/2024,Bhavin Chowdhury,East,Guwahati,Groceries,Spices,Spices Natus,5,52647,15,223750,47404,Credit Card,,
11082,9/5/2024,Adah Jhaveri,East,Guwahati,Kitchen,Refrigerator,Refrigerator Vero,5,37492,10,168714,13617,Net Banking,,
11083,1/30/2025,Raunak Keer,North,Amritsar,Books,Textbook,Textbook Placeat,1,56680,15,48178,7140,Debit Card,,
11084,3/13/2024,Dhanush Samra,West,Mumbai,Electronics,Laptop,Laptop Quasi,2,69931,0,139862,27077,COD,,
11085,10/25/2023,Kaira Bera,South,Hyderabad,Electronics,Camera,Camera Facere,1,64881,10,58393,3188,COD,,
11086,12/24/2023,Kiara Lad,West,Goa,Home Decor,Clock,Clock Fugit,4,54187,20,173398,17230,COD,,
11087,10/2/2025,Anahita Chada,North,Delhi,Home Decor,Vase,Vase Et,5,1445,5,6864,1181,Credit Card,,
11088,4/30/2025,Indranil Khurana,North,Amritsar,Electronics,Mobile,Mobile Voluptates,4,76442,20,244614,19458,COD,,
11089,3/25/2025,Navya Thakur,South,Coimbatore,Clothing,Women's Wear,Women's Wear Maiores,3,14127,10,38143,5555,Debit Card,,
11090,12/18/2024,Kismat Tara,North,Jaipur,Furniture,Sofa,Sofa Praesentium,3,58577,10,158158,25713,COD,,
11091,3/30/2024,Vanya Mallick,West,Mumbai,Groceries,Spices,Spices Temporibus,4,51102,5,194188,37261,Net Banking,,
11092,7/22/2024,Kaira Solanki,South,Thiruvananthapuram,Beauty,Foundation,Foundation Eveniet,3,46500,20,111600,16186,Credit Card,,
11093,9/5/2024,Jivika Andra,South,Coimbatore,Electronics,Mobile,Mobile In,1,22580,15,19193,1298,Net Banking,,
11094,7/6/2025,Elakshi Singhal,South,Coimbatore,Electronics,Camera,Camera Ipsa,1,29931,15,25441,1420,Credit Card,,
11095,5/24/2025,Jivin Bora,North,Lucknow,Electronics,Mobile,Mobile Fuga,2,72878,15,123893,7564,Debit Card,,
11096,8/30/2024,Bhamini Karan,East,Kolkata,Toys,Board Game,Board Game Quam,2,49224,0,98448,18681,COD,,
11097,10/31/2023,Parinaaz Som,West,Surat,Books,Fiction,Fiction Ut,3,9931,5,28303,5063,Debit Card,,
11098,12/18/2023,Shanaya Chatterjee,South,Thiruvananthapuram,Books,Comics,Comics Exercitationem,3,26535,10,71645,16298,COD,,
11099,7/21/2025,Neysa Sheth,South,Coimbatore,Sports,Football,Football Provident,2,74485,10,134073,15987,Debit Card,,
11100,11/28/2023,Vivaan Verma,East,Bhubaneswar,Books,Non-Fiction,Non-Fiction Tempore,2,57097,0,114194,17565,COD,,
11101,12/17/2023,Nehmat Hegde,North,Chandigarh,Electronics,Smartwatch,Smartwatch Ipsam,2,59268,15,100756,20731,Net Banking,,
11102,6/28/2025,Eva Sahota,North,Amritsar,Groceries,Rice,Rice Quas,4,76727,0,306908,43169,Credit Card,,
11103,9/16/2025,Vivaan Bhardwaj,West,Goa,Clothing,Kids Wear,Kids Wear Sed,3,25199,15,64257,13076,UPI,,
11104,4/8/2025,Armaan Kaur,South,Thiruvananthapuram,Electronics,Camera,Camera Reprehenderit,4,64353,20,205930,14098,COD,,
11105,12/14/2024,Abram Shanker,South,Chennai,Toys,Doll,Doll Soluta,5,55326,10,248967,60565,COD,,
11106,5/29/2024,Vanya Sangha,West,Pune,Home Decor,Vase,Vase Distinctio,3,72688,5,207161,47984,Credit Card,,
11107,3/26/2024,Miraan Iyer,South,Thiruvananthapuram,Groceries,Sugar,Sugar Ipsum,2,10362,15,17615,3323,UPI,,
11108,8/16/2024,Krish Kaul,West,Mumbai,Home Decor,Vase,Vase Laudantium,5,56110,10,252495,36137,Net Banking,,
11109,4/11/2025,Mannat Yohannan,West,Surat,Clothing,Shoes,Shoes Aliquid,3,56239,0,168717,30408,UPI,,
11110,12/2/2024,Darshit Barman,North,Lucknow,Books,Non-Fiction,Non-Fiction Molestiae,2,32947,20,52715,2862,Credit Card,,
11111,10/8/2023,Samarth Chacko,East,Ranchi,Groceries,Sugar,Sugar Cupiditate,5,3051,15,12967,1414,COD,,
11112,6/26/2024,Abram Ram,East,Kolkata,Electronics,Smartwatch,Smartwatch Consequatur,4,73502,0,294008,18131,Net Banking,,
11113,3/14/2024,Baiju Kalla,East,Ranchi,Clothing,Shoes,Shoes Quod,4,31981,0,127924,23531,UPI,,
11114,5/27/2024,Mannat Devan,East,Guwahati,Electronics,Camera,Camera Itaque,3,60790,5,173252,20004,COD,,
11115,8/25/2025,Anay Gokhale,East,Guwahati,Beauty,Face Cream,Face Cream Quisquam,5,58343,5,277129,19593,Debit Card,,
11116,10/20/2023,Hridaan Malhotra,North,Jaipur,Books,Textbook,Textbook Voluptas,3,41002,15,104555,8656,Net Banking,,
11117,4/14/2025,Mamooty Ghose,West,Goa,Books,Textbook,Textbook Doloribus,4,31796,0,127184,26219,Debit Card,,
11118,4/19/2024,Baiju Amble,South,Coimbatore,Toys,RC Car,RC Car Voluptate,4,22163,15,75354,17884,Net Banking,,
11119,1/29/2025,Priyansh Amble,South,Thiruvananthapuram,Groceries,Sugar,Sugar Ratione,1,29884,20,23907,3203,COD,,
11120,1/17/2025,Aniruddh Sant,North,Lucknow,Electronics,Laptop,Laptop Aliquam,1,60813,0,60813,12989,UPI,,
11121,5/24/2024,Piya Bhandari,North,Jaipur,Furniture,Table,Table Rem,2,24189,15,41121,7524,Credit Card,,
11122,1/14/2024,Ayesha Jain,East,Bhubaneswar,Toys,RC Car,RC Car Omnis,4,78589,0,314356,31464,Debit Card,,
11123,8/4/2025,Gatik Boase,North,Delhi,Toys,RC Car,RC Car Veritatis,3,15007,20,36017,6971,Debit Card,,
11124,9/23/2024,Biju Madan,West,Mumbai,Electronics,Mobile,Mobile Officiis,1,52117,20,41694,9105,Net Banking,,
11125,4/30/2025,Alisha Khare,West,Ahmedabad,Beauty,Shampoo,Shampoo Reprehenderit,5,78466,5,372714,82744,Debit Card,,
11126,9/15/2024,Yakshit Venkataraman,North,Delhi,Furniture,Sofa,Sofa Id,3,22428,5,63920,8467,Credit Card,,
11127,8/25/2025,Madhav Banik,East,Ranchi,Books,Biography,Biography Occaecati,5,13235,0,66175,11937,COD,,
11128,2/13/2025,Jayan Mani,North,Jaipur,Groceries,Oil,Oil Quam,1,2593,15,2204,349,Net Banking,,
11129,12/1/2024,Anay Mander,North,Delhi,Clothing,Women's Wear,Women's Wear Quo,1,51138,5,48581,5848,COD,,
11130,1/23/2024,Ira Babu,South,Coimbatore,Electronics,Smartwatch,Smartwatch Animi,2,42396,10,76313,14690,Debit Card,,
11131,4/15/2025,Elakshi Mangat,West,Goa,Beauty,Shampoo,Shampoo Vitae,4,19720,10,70992,14671,Net Banking,,
11132,8/22/2024,Lavanya Gour,East,Bhubaneswar,Home Decor,Vase,Vase Labore,5,61965,5,294334,42327,Debit Card,,
11133,8/23/2024,Ahana  Rastogi,South,Chennai,Toys,Action Figure,Action Figure Dolores,1,367,10,330,73,Debit Card,,
11134,1/30/2025,Jivika Guha,West,Goa,Beauty,Perfume,Perfume Autem,5,29336,0,146680,24225,Net Banking,,
11135,1/4/2025,Priyansh Sane,West,Ahmedabad,Sports,Football,Football Nulla,5,31246,5,148419,21233,UPI,,
11136,5/31/2025,Suhana Doshi,West,Mumbai,Groceries,Rice,Rice Reiciendis,2,25421,10,45758,3710,COD,,
11137,5/16/2024,Indrajit Chawla,East,Guwahati,Kitchen,Juicer,Juicer Molestiae,4,667,0,2668,612,Credit Card,,
11138,2/21/2025,Anaya Hegde,West,Mumbai,Clothing,Shoes,Shoes Fugit,1,16862,10,15176,2398,Debit Card,,
11139,8/23/2025,Mahika Kaul,North,Chandigarh,Clothing,Accessories,Accessories Facilis,5,78363,20,313452,17201,Debit Card,,
11140,2/12/2024,Ishaan Gopal,North,Amritsar,Toys,Action Figure,Action Figure Dicta,2,55648,15,94602,8635,Credit Card,,
11141,11/27/2023,Anika Saxena,West,Pune,Sports,Football,Football Dolor,5,21266,10,95697,18210,Net Banking,,
11142,3/25/2025,Miraya Sengupta,South,Bangalore,Books,Comics,Comics Omnis,5,26679,0,133395,16581,Net Banking,,
11143,9/27/2025,Shalv Aurora,South,Bangalore,Clothing,Shoes,Shoes Cumque,4,50092,5,190350,45546,COD,,
11144,4/29/2024,Prisha Hayre,North,Amritsar,Clothing,Men's Wear,Men's Wear Voluptatibus,5,69793,10,314069,73961,Debit Card,,
11145,10/16/2024,Gokul Bhatnagar,East,Ranchi,Beauty,Shampoo,Shampoo Fugit,5,74700,0,373500,43137,Net Banking,,
11146,1/9/2025,Hridaan Rege,East,Guwahati,Toys,RC Car,RC Car Maxime,3,51488,0,154464,27761,UPI,,
11147,8/22/2025,Raghav Majumdar,North,Delhi,Electronics,Smartwatch,Smartwatch Fugiat,2,28862,10,51952,9561,Debit Card,,
11148,3/9/2024,Renee Wali,North,Lucknow,Sports,Cricket Bat,Cricket Bat Et,1,13079,5,12425,2531,UPI,,
11149,2/28/2025,Manjari Choudhry,South,Coimbatore,Toys,RC Car,RC Car Aperiam,3,11574,10,31250,5558,Debit Card,,
11150,11/30/2024,Ahana  Chaudhry,North,Lucknow,Kitchen,Cookware Set,Cookware Set Aliquam,3,53759,20,129022,13193,Debit Card,,
11151,5/30/2025,Vaibhav Sehgal,South,Coimbatore,Books,Biography,Biography Explicabo,1,43311,20,34649,8177,Debit Card,,
11152,7/26/2025,Yasmin Doctor,West,Ahmedabad,Kitchen,Microwave,Microwave Aspernatur,2,78085,20,124936,30083,Credit Card,,
11153,2/15/2024,Yuvraj  Virk,East,Patna,Clothing,Women's Wear,Women's Wear Incidunt,4,68963,0,275852,30755,COD,,
11154,3/2/2024,Aarav Bahri,North,Jaipur,Clothing,Men's Wear,Men's Wear Ullam,3,75804,20,181930,41542,Credit Card,,
11155,8/16/2024,Prerak Sahni,North,Delhi,Electronics,Camera,Camera In,4,57096,20,182707,42984,COD,,
11156,3/12/2025,Ishita Sengupta,East,Patna,Sports,Cricket Bat,Cricket Bat Illo,1,74534,15,63354,14251,Debit Card,,
11157,11/16/2023,Sahil Chauhan,East,Kolkata,Clothing,Shoes,Shoes Consequatur,5,21734,20,86936,13753,Debit Card,,
11158,12/21/2023,Tushar Kakar,South,Coimbatore,Beauty,Lipstick,Lipstick Cupiditate,3,40591,0,121773,23092,Net Banking,,
11159,8/17/2024,Samarth Reddy,East,Guwahati,Groceries,Rice,Rice Reiciendis,4,18455,15,62747,14326,UPI,,
11160,7/18/2025,Indrans Kata,East,Kolkata,Home Decor,Lamp,Lamp Quaerat,5,57972,20,231888,28056,UPI,,
11161,12/11/2024,Fateh Rama,North,Amritsar,Toys,RC Car,RC Car Doloremque,2,21822,0,43644,2349,COD,,
11162,1/13/2025,Taran Balay,West,Mumbai,Clothing,Accessories,Accessories Assumenda,5,68790,15,292358,71421,COD,,
11163,1/31/2025,Kashvi Chaudry,North,Amritsar,Beauty,Foundation,Foundation Fugiat,2,10590,5,20121,1752,UPI,,
11164,11/26/2024,Riya Dalal,East,Guwahati,Sports,Tennis Racket,Tennis Racket Quos,2,23014,20,36822,4281,Net Banking,,
11165,12/31/2023,Riaan Batra,East,Ranchi,Electronics,Mobile,Mobile Quisquam,4,20037,5,76141,6902,UPI,,
11166,6/25/2025,Riya Sidhu,East,Guwahati,Kitchen,Microwave,Microwave Sit,1,63898,10,57508,6021,UPI,,
11167,1/13/2025,Manjari Kaur,West,Surat,Kitchen,Refrigerator,Refrigerator Modi,3,72177,5,205704,23606,COD,,
11168,9/2/2025,Pihu Bahl,North,Lucknow,Sports,Tennis Racket,Tennis Racket Recusandae,2,2816,0,5632,1115,UPI,,
11169,6/1/2024,Amira Varghese,North,Amritsar,Electronics,Camera,Camera Cupiditate,4,39711,15,135017,31623,Debit Card,,
11170,10/21/2023,Riaan Krishna,South,Thiruvananthapuram,Home Decor,Wall Art,Wall Art Dolor,1,19814,20,15851,2303,Debit Card,,
11171,8/7/2025,Vardaniya Bhagat,West,Pune,Clothing,Women's Wear,Women's Wear Voluptate,2,48515,10,87327,11100,UPI,,
11172,8/21/2024,Taimur Sachdeva,West,Surat,Books,Fiction,Fiction Numquam,3,1851,15,4720,384,Credit Card,,
11173,8/13/2024,Aarush Thakkar,North,Jaipur,Kitchen,Refrigerator,Refrigerator Necessitatibus,2,50476,20,80762,12752,Credit Card,,
11174,3/8/2025,Fateh Sama,West,Goa,Kitchen,Refrigerator,Refrigerator Molestias,2,47992,10,86386,6972,UPI,,
11175,5/12/2025,Rasha Chaudhari,West,Mumbai,Toys,Action Figure,Action Figure Numquam,4,8030,10,28908,3815,Credit Card,,
11176,12/14/2024,Shaan Edwin,South,Chennai,Toys,Puzzle,Puzzle Aliquid,1,8479,10,7631,1722,Credit Card,,
11177,1/27/2025,Jiya Bansal,West,Goa,Kitchen,Refrigerator,Refrigerator Aliquid,4,64522,20,206470,46387,COD,,
11178,7/5/2024,Shalv Gupta,North,Chandigarh,Books,Biography,Biography Tenetur,5,42094,5,199947,29877,Debit Card,,
11179,12/13/2024,Aniruddh Bhat,West,Mumbai,Groceries,Spices,Spices Sed,4,1122,20,3590,600,Credit Card,,
11180,5/18/2025,Yashvi Ravi,South,Thiruvananthapuram,Clothing,Shoes,Shoes Eaque,3,44699,5,127392,23442,Net Banking,,
11181,12/3/2024,Dharmajan Swaminathan,East,Bhubaneswar,Groceries,Wheat,Wheat Nam,5,27044,15,114937,20930,Debit Card,,
11182,7/16/2024,Baiju Sunder,East,Guwahati,Toys,Puzzle,Puzzle Nesciunt,4,29631,5,112598,13167,Net Banking,,
11183,3/24/2024,Divij Mallick,North,Lucknow,Kitchen,Mixer Grinder,Mixer Grinder Ullam,3,68227,0,204681,44312,Credit Card,,
11184,3/2/2025,Aarush Mall,North,Delhi,Sports,Tennis Racket,Tennis Racket Ipsam,4,77522,15,263575,59365,UPI,,
11185,12/12/2024,Neelofar Walia,West,Pune,Electronics,Mobile,Mobile Esse,1,79714,0,79714,17339,COD,,
11186,8/29/2025,Ryan Banik,North,Jaipur,Kitchen,Mixer Grinder,Mixer Grinder Dolorem,2,54554,5,103653,21673,Credit Card,,
11187,9/7/2024,Rati Tailor,South,Coimbatore,Home Decor,Lamp,Lamp Eius,2,34906,0,69812,14777,Credit Card,,
11188,1/7/2024,Amani Sabharwal,North,Amritsar,Books,Non-Fiction,Non-Fiction Ipsum,5,57791,0,288955,40434,Debit Card,,
11189,2/26/2024,Manikya Tella,North,Lucknow,Books,Textbook,Textbook Cum,5,24126,15,102536,17979,Net Banking,,
11190,3/5/2024,Tarini Kuruvilla,South,Bangalore,Sports,Tennis Racket,Tennis Racket Suscipit,3,21359,20,51262,6192,Net Banking,,
11191,11/19/2024,Zoya Aurora,North,Lucknow,Home Decor,Vase,Vase Occaecati,5,12148,5,57703,10004,Credit Card,,
11192,9/22/2024,Tara Chanda,East,Ranchi,Home Decor,Lamp,Lamp Totam,3,23208,15,59180,5773,COD,,
11193,9/22/2025,Ryan De,East,Ranchi,Kitchen,Cookware Set,Cookware Set Maiores,1,19909,5,18914,2260,Debit Card,,
11194,9/5/2024,Mohanlal Roy,North,Delhi,Furniture,Table,Table Soluta,2,76443,15,129953,18030,UPI,,
11195,12/30/2023,Tejas Dara,North,Jaipur,Clothing,Accessories,Accessories Enim,1,32422,5,30801,3639,Net Banking,,
11196,9/27/2025,Divij Raj,East,Bhubaneswar,Kitchen,Cookware Set,Cookware Set Neque,2,60597,10,109075,18051,COD,,
11197,5/23/2024,Ehsaan Talwar,North,Chandigarh,Toys,Doll,Doll Error,2,71880,20,115008,24998,Credit Card,,
11198,2/10/2024,Sara Sanghvi,West,Goa,Sports,Yoga Mat,Yoga Mat Aliquid,3,2465,20,5916,1168,Net Banking,,
11199,7/5/2024,Sana Raju,East,Kolkata,Books,Non-Fiction,Non-Fiction Error,1,38191,20,30553,5246,COD,,
11200,2/11/2025,Kismat Rau,West,Mumbai,Furniture,Chair,Chair Cumque,5,24539,10,110426,13002,Credit Card,,
11201,8/17/2024,Anahita Dasgupta,West,Ahmedabad,Groceries,Wheat,Wheat Possimus,5,9427,5,44778,4570,UPI,,
11202,12/14/2023,Renee Talwar,West,Mumbai,Electronics,Camera,Camera Sit,3,66689,20,160054,24509,Credit Card,,
11203,12/28/2024,Kabir Srinivasan,North,Chandigarh,Furniture,Chair,Chair Repellendus,4,13734,10,49442,9561,Credit Card,,
11204,5/18/2025,Ira Dash,South,Bangalore,Toys,Doll,Doll Ab,3,35732,10,96476,16943,Debit Card,,
11205,10/8/2024,Miraan Chokshi,North,Jaipur,Home Decor,Vase,Vase Ducimus,3,4037,20,9689,1864,Credit Card,,
11206,3/11/2024,Aaina Chandran,East,Bhubaneswar,Electronics,Headphones,Headphones A,3,15350,5,43748,8557,UPI,,
11207,10/16/2023,Kiara Sarkar,North,Delhi,Beauty,Perfume,Perfume Fugiat,2,38626,20,61802,12863,UPI,,
11208,5/2/2024,Ojas Konda,East,Kolkata,Sports,Dumbbells,Dumbbells Cum,1,67700,20,54160,7072,UPI,,
11209,5/22/2025,Dhruv Lad,West,Pune,Electronics,Smartwatch,Smartwatch Necessitatibus,3,63256,0,189768,44301,Credit Card,,
11210,6/23/2025,Chirag Karan,West,Pune,Toys,RC Car,RC Car Totam,4,43927,10,158137,22594,Debit Card,,
11211,12/24/2024,Suhana Bala,North,Amritsar,Kitchen,Cookware Set,Cookware Set Commodi,1,10891,5,10346,1096,COD,,
11212,4/22/2024,Riaan Rajagopal,East,Bhubaneswar,Kitchen,Refrigerator,Refrigerator Tempore,3,63114,0,189342,32966,COD,,
11213,5/20/2024,Aradhya Sane,North,Delhi,Clothing,Kids Wear,Kids Wear Harum,1,18112,15,15395,3539,Debit Card,,
11214,9/9/2024,Badal Banik,East,Patna,Electronics,Smartwatch,Smartwatch Neque,2,18606,20,29770,4564,Debit Card,,
11215,1/22/2024,Alisha Tata,West,Goa,Books,Comics,Comics Illo,4,7591,10,27328,4110,Debit Card,,
11216,1/12/2025,Gokul Bora,North,Amritsar,Clothing,Kids Wear,Kids Wear Nobis,1,64517,10,58065,6650,UPI,,
11217,6/7/2025,Dishani Tiwari,South,Thiruvananthapuram,Kitchen,Cookware Set,Cookware Set Ea,3,34872,0,104616,23986,UPI,,
11218,10/30/2023,Reyansh Bassi,South,Coimbatore,Kitchen,Refrigerator,Refrigerator Cumque,5,68467,0,342335,20450,UPI,,
11219,2/16/2024,Biju Sur,South,Coimbatore,Sports,Football,Football Dolore,2,44464,0,88928,6803,COD,,
11220,12/31/2024,Renee Gole,West,Mumbai,Electronics,Camera,Camera Tempora,1,34220,20,27376,6620,Net Banking,,
11221,10/7/2024,Shanaya Kant,West,Mumbai,Home Decor,Vase,Vase Ullam,1,26431,15,22466,1244,UPI,,
11222,7/20/2025,Shlok Thakkar,North,Jaipur,Furniture,Sofa,Sofa Sed,3,32377,0,97131,11166,COD,,
11223,1/13/2024,Jiya Mammen,North,Delhi,Furniture,Bed,Bed Culpa,1,12016,10,10814,642,COD,,
11224,2/17/2024,Darshit Wali,West,Goa,Kitchen,Cookware Set,Cookware Set In,3,8027,5,22877,4883,COD,,
11225,4/14/2024,Kartik Dayal,North,Jaipur,Home Decor,Clock,Clock Voluptates,2,36054,5,68503,16747,Credit Card,,
11226,1/21/2024,Rohan Karnik,East,Ranchi,Home Decor,Vase,Vase Enim,5,19221,15,81689,4494,Net Banking,,
11227,2/14/2025,Priyansh Barman,South,Chennai,Electronics,Laptop,Laptop Magnam,1,53001,0,53001,7914,Credit Card,,
11228,8/16/2024,Rohan Dayal,West,Ahmedabad,Home Decor,Wall Art,Wall Art Ipsa,1,40814,0,40814,7511,UPI,,
11229,6/29/2024,Jiya Agarwal,South,Bangalore,Clothing,Shoes,Shoes Neque,2,71859,20,114974,7335,COD,,
11230,7/5/2024,Divit Date,South,Chennai,Sports,Tennis Racket,Tennis Racket Quod,4,42753,15,145360,19340,UPI,,
11231,10/20/2023,Madhup Dasgupta,East,Kolkata,Sports,Cricket Bat,Cricket Bat Cum,4,31285,15,106369,16821,COD,,
11232,10/12/2024,Nirvi Sharma,North,Amritsar,Furniture,Bed,Bed Natus,3,66377,20,159305,28378,COD,,
11233,12/6/2024,Krish Ghosh,East,Guwahati,Sports,Cricket Bat,Cricket Bat Cumque,1,41325,10,37193,4468,UPI,,
11234,8/16/2025,Prerak Jha,North,Lucknow,Books,Biography,Biography Sequi,5,71204,5,338219,74571,Net Banking,,
11235,8/3/2025,Eva Brar,East,Bhubaneswar,Electronics,Smartwatch,Smartwatch Corrupti,5,76499,10,344246,71279,Net Banking,,
11236,8/27/2024,Nayantara Sura,West,Ahmedabad,Kitchen,Microwave,Microwave Provident,4,15315,10,55134,8566,Debit Card,,
11237,7/15/2025,Shayak Verma,South,Coimbatore,Kitchen,Microwave,Microwave Eveniet,2,11094,10,19969,4051,COD,,
11238,9/15/2024,Ayesha Sibal,West,Pune,Home Decor,Wall Art,Wall Art Voluptate,2,37711,0,75422,3784,Net Banking,,
11239,5/11/2024,Shray Amble,East,Guwahati,Toys,Board Game,Board Game Eveniet,4,30120,20,96384,6183,UPI,,
11240,2/7/2025,Indranil Banik,West,Mumbai,Electronics,Laptop,Laptop Deleniti,3,1789,15,4562,782,COD,,
11241,3/27/2025,Kabir Ratta,South,Thiruvananthapuram,Furniture,Sofa,Sofa Adipisci,2,27120,0,54240,3085,UPI,,
11242,9/4/2024,Nitya Chowdhury,East,Kolkata,Groceries,Spices,Spices Tenetur,4,13276,0,53104,4195,Credit Card,,
11243,7/8/2024,Kabir Sastry,South,Thiruvananthapuram,Beauty,Perfume,Perfume Debitis,3,1578,15,4024,867,Net Banking,,
11244,5/22/2024,Vivaan Kumer,East,Bhubaneswar,Kitchen,Juicer,Juicer Delectus,5,16068,15,68289,11640,UPI,,
11245,8/28/2024,Vedika Tank,North,Lucknow,Sports,Cricket Bat,Cricket Bat Facilis,4,37969,10,136688,26269,Net Banking,,
11246,3/11/2025,Armaan Sibal,South,Coimbatore,Home Decor,Lamp,Lamp Omnis,4,41958,10,151049,8096,Credit Card,,
11247,4/29/2025,Amira Chandran,South,Bangalore,Electronics,Laptop,Laptop Porro,3,79414,10,214418,20423,Debit Card,,
11248,11/27/2024,Abram Mani,North,Chandigarh,Sports,Football,Football Architecto,4,56787,15,193076,18581,COD,,
11249,6/26/2024,Rasha Dar,North,Jaipur,Kitchen,Juicer,Juicer Quis,4,15661,5,59512,4290,Net Banking,,
11250,4/8/2024,Krish Gulati,West,Goa,Beauty,Foundation,Foundation Velit,4,55121,15,187411,36537,Credit Card,,
11251,5/23/2025,Aaryahi Bhatia,West,Mumbai,Furniture,Chair,Chair Voluptatum,4,57942,15,197003,32957,COD,,
11252,9/24/2025,Ivana Saraf,West,Ahmedabad,Kitchen,Refrigerator,Refrigerator Ipsa,3,22966,0,68898,10902,Net Banking,,
11253,10/26/2023,Divyansh Sarraf,North,Jaipur,Toys,Action Figure,Action Figure Iure,3,43825,15,111754,7214,Credit Card,,
11254,8/3/2025,Manikya Halder,West,Pune,Electronics,Headphones,Headphones Corporis,5,19186,5,91134,9314,Credit Card,,
11255,8/24/2024,Ritvik Kapadia,East,Guwahati,Sports,Dumbbells,Dumbbells Est,3,52078,20,124987,11868,Net Banking,,
11256,9/23/2024,Anya Dua,South,Coimbatore,Groceries,Oil,Oil Iusto,4,49022,5,186284,39618,Net Banking,,
11257,4/15/2024,Charvi Gokhale,West,Surat,Kitchen,Cookware Set,Cookware Set Hic,1,28684,20,22947,4436,COD,,
11258,6/13/2024,Nakul Sura,East,Patna,Home Decor,Lamp,Lamp Molestiae,4,67475,5,256405,59426,UPI,,
11259,10/11/2023,Nayantara Majumdar,East,Patna,Sports,Football,Football Nostrum,5,29646,0,148230,9688,Net Banking,,
11260,6/15/2024,Jhanvi Chaudhuri,North,Chandigarh,Furniture,Cabinet,Cabinet Quaerat,3,43133,10,116459,19989,Credit Card,,
11261,8/6/2024,Samaira Gara,South,Bangalore,Beauty,Perfume,Perfume Porro,5,27702,10,124659,26106,UPI,,
11262,11/11/2023,Saanvi Konda,North,Chandigarh,Home Decor,Cushion,Cushion Quos,4,456,10,1642,198,Net Banking,,
11263,8/31/2024,Jiya Tella,East,Kolkata,Kitchen,Mixer Grinder,Mixer Grinder Aliquid,1,79297,0,79297,10226,UPI,,
11264,11/10/2024,Piya Sura,North,Chandigarh,Kitchen,Refrigerator,Refrigerator Minima,2,55685,5,105802,24399,UPI,,
11265,1/7/2025,Amira Gupta,East,Ranchi,Kitchen,Microwave,Microwave Ad,1,8039,20,6431,803,Net Banking,,
11266,11/13/2024,Pihu Chana,North,Jaipur,Home Decor,Wall Art,Wall Art Reprehenderit,2,22703,20,36325,3116,UPI,,
11267,2/4/2024,Saira Dara,West,Mumbai,Clothing,Shoes,Shoes At,2,39004,20,62406,9124,Credit Card,,
11268,8/19/2025,Divit Kumar,East,Ranchi,Books,Textbook,Textbook Labore,3,47015,5,133993,11479,UPI,,
11269,9/27/2024,Kashvi Kapoor,West,Mumbai,Electronics,Mobile,Mobile Dolorem,1,30002,20,24002,3934,UPI,,
11270,7/3/2024,Shaan Dube,North,Chandigarh,Sports,Yoga Mat,Yoga Mat Eaque,1,14626,15,12432,1606,COD,,
11271,1/1/2024,Jayant Dugar,North,Lucknow,Furniture,Table,Table Laudantium,5,29488,0,147440,23444,Debit Card,,
11272,5/30/2024,Vihaan Salvi,North,Chandigarh,Kitchen,Cookware Set,Cookware Set Voluptatem,3,28862,15,73598,6356,Net Banking,,
11273,5/11/2025,Ryan Goswami,East,Patna,Groceries,Sugar,Sugar Iste,4,3967,15,13488,3316,UPI,,
11274,12/10/2023,Drishya Doshi,East,Bhubaneswar,Beauty,Perfume,Perfume Aspernatur,4,27946,0,111784,12439,Credit Card,,
11275,1/1/2025,Ojas Chakraborty,North,Chandigarh,Groceries,Sugar,Sugar Quam,1,55905,20,44724,11011,Debit Card,,
11276,8/12/2025,Farhan Bajaj,West,Pune,Kitchen,Microwave,Microwave Quas,1,38764,15,32949,2585,Debit Card,,
11277,8/14/2025,Prisha Yohannan,South,Hyderabad,Clothing,Women's Wear,Women's Wear Perspiciatis,5,15036,10,67662,6107,Credit Card,,
11278,2/25/2024,Aradhya Rout,South,Bangalore,Beauty,Shampoo,Shampoo Molestiae,2,66296,15,112703,27946,Debit Card,,
11279,9/18/2024,Madhup Sem,East,Ranchi,Toys,RC Car,RC Car Qui,5,27902,10,125559,20223,Debit Card,,
11280,3/20/2024,Inaaya  Mannan,North,Lucknow,Sports,Cricket Bat,Cricket Bat Ullam,4,16273,20,52074,6810,Debit Card,,
11281,6/13/2024,Indranil Suresh,South,Hyderabad,Toys,Puzzle,Puzzle Perspiciatis,4,78241,0,312964,26867,Credit Card,,
11282,12/20/2024,Madhup Banerjee,West,Surat,Toys,RC Car,RC Car Nihil,5,55215,5,262271,60530,Net Banking,,
11283,2/14/2025,Ranbir Shenoy,East,Kolkata,Electronics,Laptop,Laptop Repudiandae,4,25647,10,92329,11027,UPI,,
11284,11/25/2024,Ehsaan Mahal,West,Pune,Kitchen,Cookware Set,Cookware Set A,4,52353,10,188471,33417,UPI,,
11285,10/1/2024,Taimur Dewan,West,Goa,Furniture,Bed,Bed Tenetur,2,39647,5,75329,15386,Net Banking,,
11286,12/31/2023,Yasmin Sankar,South,Chennai,Furniture,Bed,Bed Soluta,3,31790,20,76296,8592,Net Banking,,
11287,4/8/2025,Rati Thaker,South,Hyderabad,Groceries,Wheat,Wheat Temporibus,2,35707,15,60702,10338,Credit Card,,
11288,9/1/2025,Stuvan Tiwari,North,Lucknow,Beauty,Lipstick,Lipstick Voluptate,3,30776,5,87712,16777,Debit Card,,
11289,5/11/2024,Raghav Yogi,West,Goa,Kitchen,Cookware Set,Cookware Set Consequatur,4,46347,0,185388,21048,Credit Card,,
11290,11/6/2024,Abram Sura,West,Ahmedabad,Sports,Cricket Bat,Cricket Bat Iure,3,53954,0,161862,21216,Credit Card,,
11291,8/29/2025,Ishaan Bhatnagar,South,Thiruvananthapuram,Groceries,Wheat,Wheat Doloremque,3,21273,20,51055,10599,Credit Card,,
11292,9/28/2025,Vidur Hans,West,Surat,Toys,RC Car,RC Car Tempora,2,55763,15,94797,14127,UPI,,
11293,5/26/2024,Divij Kamdar,East,Guwahati,Books,Comics,Comics Dignissimos,4,57031,15,193905,17820,Credit Card,,
11294,12/29/2024,Dishani Sane,East,Bhubaneswar,Electronics,Laptop,Laptop Voluptatem,4,64662,0,258648,33869,Net Banking,,
11295,3/22/2024,Nitya Chatterjee,South,Coimbatore,Home Decor,Cushion,Cushion Deserunt,1,39720,20,31776,5638,Debit Card,,
11296,8/7/2024,Zaina Sastry,North,Amritsar,Clothing,Men's Wear,Men's Wear Voluptates,2,75270,0,150540,31539,COD,,
11297,8/26/2025,Jhanvi Sidhu,West,Pune,Books,Comics,Comics Debitis,4,19187,15,65236,4737,Credit Card,,
11298,9/23/2025,Shray Seth,North,Chandigarh,Sports,Yoga Mat,Yoga Mat Ipsam,5,22158,0,110790,8082,Credit Card,,
11299,1/1/2024,Ela Wadhwa,South,Thiruvananthapuram,Books,Comics,Comics Nostrum,2,33681,0,67362,9851,Net Banking,,
11300,5/21/2025,Nirvaan Ramanathan,South,Thiruvananthapuram,Clothing,Kids Wear,Kids Wear Ipsam,5,32102,5,152485,16564,UPI,,
11301,8/9/2025,Kiara Dani,West,Surat,Furniture,Cabinet,Cabinet Aliquid,4,69025,5,262295,43947,Credit Card,,
11302,6/5/2025,Riaan Malhotra,North,Amritsar,Home Decor,Clock,Clock Excepturi,2,29802,0,59604,5942,Debit Card,,
11303,2/27/2025,Dishani Thaman,East,Bhubaneswar,Beauty,Face Cream,Face Cream Dolorum,4,70931,15,241165,40413,Credit Card,,
11304,4/1/2025,Dhanush Thaker,South,Bangalore,Toys,Action Figure,Action Figure Qui,2,1129,0,2258,438,Debit Card,,
11305,1/20/2024,Kavya Sangha,North,Chandigarh,Furniture,Cabinet,Cabinet Quo,2,75247,0,150494,27593,UPI,,
11306,7/27/2024,Arhaan Dalal,South,Bangalore,Groceries,Oil,Oil Hic,1,38320,10,34488,6757,COD,,
11307,3/4/2025,Nitara Singhal,West,Ahmedabad,Clothing,Shoes,Shoes Iusto,2,53249,20,85198,11263,Debit Card,,
11308,4/23/2024,Vanya Choudhury,North,Delhi,Beauty,Lipstick,Lipstick Atque,3,46270,20,111048,10218,UPI,,
11309,5/29/2025,Aradhya Atwal,West,Pune,Home Decor,Clock,Clock Beatae,4,27248,5,103542,12563,Debit Card,,
11310,9/21/2024,Kartik Goyal,East,Guwahati,Furniture,Sofa,Sofa Ducimus,2,36932,5,70171,17214,Credit Card,,
11311,8/20/2024,Emir Tak,West,Surat,Groceries,Spices,Spices Consectetur,5,18389,0,91945,10927,COD,,
11312,11/5/2023,Raunak Sankar,South,Bangalore,Clothing,Women's Wear,Women's Wear Alias,5,14946,20,59784,12405,Debit Card,,
11313,3/4/2025,Yashvi Gade,West,Pune,Groceries,Spices,Spices Quam,4,9616,0,38464,7110,UPI,,
11314,10/21/2023,Amani Madan,North,Chandigarh,Beauty,Lipstick,Lipstick Amet,1,79998,10,71998,5444,Credit Card,,
11315,3/25/2025,Raunak Badami,North,Chandigarh,Home Decor,Clock,Clock Repellendus,4,58740,20,187968,44491,Net Banking,,
11316,12/7/2024,Piya Rout,East,Kolkata,Groceries,Oil,Oil Illo,2,25518,0,51036,4993,COD,,
11317,5/11/2024,Anvi Sehgal,North,Delhi,Beauty,Face Cream,Face Cream Voluptatum,5,34673,10,156029,23506,Credit Card,,
11318,12/15/2023,Baiju Goel,West,Ahmedabad,Sports,Yoga Mat,Yoga Mat Suscipit,3,70082,15,178709,14874,COD,,
11319,10/14/2024,Himmat Ratta,South,Chennai,Books,Textbook,Textbook Totam,3,18201,0,54603,7129,Debit Card,,
11320,5/18/2025,Sara Sidhu,East,Kolkata,Books,Non-Fiction,Non-Fiction Rem,4,59487,10,214153,44896,COD,,
11321,2/2/2024,Drishya Bahl,North,Lucknow,Sports,Cricket Bat,Cricket Bat Ratione,4,47183,0,188732,29552,COD,,
11322,3/21/2024,Heer Cheema,West,Mumbai,Toys,Doll,Doll Sit,1,17904,0,17904,2671,Credit Card,,
11323,4/14/2024,Siya Ahuja,South,Hyderabad,Books,Fiction,Fiction Accusamus,3,72148,0,216444,15676,UPI,,
11324,12/4/2023,Shaan Brahmbhatt,East,Ranchi,Clothing,Women's Wear,Women's Wear Sequi,5,60301,10,271355,29546,Debit Card,,
11325,1/26/2025,Stuvan Krish,North,Jaipur,Beauty,Foundation,Foundation Excepturi,3,57840,5,164844,38326,Net Banking,,
11326,12/2/2024,Sahil Deshpande,South,Chennai,Groceries,Rice,Rice Officia,4,3166,20,10131,758,Credit Card,,
11327,5/22/2024,Vanya Sekhon,North,Lucknow,Books,Comics,Comics Nulla,2,60662,5,115258,13503,Net Banking,,
11328,5/14/2024,Prerak Sarkar,West,Surat,Clothing,Kids Wear,Kids Wear Nostrum,5,36207,20,144828,19374,Credit Card,,
11329,9/6/2024,Trisha Dugar,North,Amritsar,Books,Textbook,Textbook Quae,2,38918,5,73944,14106,Debit Card,,
11330,2/5/2024,Rati Karan,East,Patna,Books,Textbook,Textbook Quo,5,35494,10,159723,21167,Net Banking,,
11331,8/15/2024,Renee Dhar,West,Surat,Books,Biography,Biography Animi,5,23933,5,113682,17313,COD,,
11332,11/17/2024,Krish Subramaniam,North,Delhi,Groceries,Rice,Rice Doloremque,5,18658,20,74632,14566,Credit Card,,
11333,5/16/2025,Adah Dâ€™Alia,West,Goa,Clothing,Kids Wear,Kids Wear Iste,3,41018,0,123054,8004,Credit Card,,
11334,8/29/2025,Rhea Savant,North,Jaipur,Beauty,Perfume,Perfume Minus,3,21252,20,51005,4226,Credit Card,,
11335,10/5/2024,Sahil Srivastava,North,Amritsar,Groceries,Wheat,Wheat Ullam,2,38122,0,76244,17850,COD,,
11336,7/3/2024,Inaaya  Zacharia,North,Chandigarh,Beauty,Shampoo,Shampoo Voluptatem,3,65725,15,167599,16850,Net Banking,,
11337,6/18/2025,Elakshi Suresh,South,Hyderabad,Kitchen,Cookware Set,Cookware Set Corporis,1,60692,0,60692,12144,UPI,,
11338,1/27/2025,Anahita Halder,West,Goa,Sports,Cricket Bat,Cricket Bat Dignissimos,1,37181,0,37181,7138,COD,,
11339,2/8/2025,Miraya Trivedi,East,Kolkata,Home Decor,Cushion,Cushion Velit,5,21701,15,92229,5254,COD,,
11340,12/29/2024,Anya Sagar,East,Patna,Toys,Puzzle,Puzzle Hic,2,40032,5,76061,7299,UPI,,
11341,1/2/2024,Arhaan Bhatnagar,West,Ahmedabad,Beauty,Shampoo,Shampoo Vero,1,6543,0,6543,424,Net Banking,,
11342,6/2/2024,Fateh Khanna,North,Amritsar,Beauty,Perfume,Perfume Itaque,4,59012,0,236048,19601,COD,,
11343,11/26/2024,Yuvraj  Madan,North,Chandigarh,Toys,RC Car,RC Car Exercitationem,4,13363,15,45434,9134,COD,,
11344,9/11/2024,Kartik Bedi,West,Mumbai,Kitchen,Refrigerator,Refrigerator Aliquam,3,48616,20,116678,14084,Credit Card,,
11345,4/6/2025,Indranil Handa,West,Goa,Books,Fiction,Fiction Eaque,1,26132,0,26132,2269,UPI,,
11346,5/3/2024,Zaina Kadakia,West,Pune,Home Decor,Lamp,Lamp Veritatis,5,61732,10,277794,35313,COD,,
11347,8/17/2024,Vardaniya Sethi,East,Guwahati,Books,Biography,Biography Repellat,3,12256,10,33091,2875,Credit Card,,
11348,10/28/2024,Siya Hora,North,Jaipur,Furniture,Chair,Chair Vero,4,2901,15,9863,1199,COD,,
11349,1/23/2025,Shlok Bajwa,West,Ahmedabad,Clothing,Accessories,Accessories Eligendi,1,28655,10,25790,5686,Net Banking,,
11350,6/1/2025,Siya Chad,South,Thiruvananthapuram,Toys,Doll,Doll Dignissimos,2,16766,20,26826,6021,COD,,
11351,1/20/2025,Vardaniya Master,North,Jaipur,Furniture,Bed,Bed Tenetur,4,74890,0,299560,30319,Credit Card,,
11352,12/30/2024,Stuvan Apte,North,Delhi,Furniture,Sofa,Sofa Tempora,5,78400,15,333200,72215,COD,,
11353,2/26/2024,Ranbir Kara,North,Chandigarh,Toys,Doll,Doll Quae,3,53443,5,152313,8913,Debit Card,,
11354,10/24/2023,Yashvi Sankaran,South,Thiruvananthapuram,Kitchen,Refrigerator,Refrigerator Quae,2,45753,5,86931,4380,COD,,
11355,7/24/2025,Tushar Goel,East,Bhubaneswar,Sports,Cricket Bat,Cricket Bat Inventore,3,47663,0,142989,29455,COD,,
11356,10/26/2024,Taimur Mann,South,Thiruvananthapuram,Kitchen,Juicer,Juicer Commodi,2,69740,20,111584,12090,Debit Card,,
11357,7/24/2024,Kiaan Wable,South,Hyderabad,Sports,Yoga Mat,Yoga Mat Repellat,1,23482,5,22308,2350,COD,,
11358,10/25/2023,Jiya Vyas,North,Chandigarh,Home Decor,Cushion,Cushion Et,2,47485,0,94970,12609,COD,,
11359,7/3/2024,Abram Chaudhary,North,Jaipur,Sports,Yoga Mat,Yoga Mat Rerum,1,30547,20,24438,1504,COD,,
11360,11/13/2024,Yakshit Singh,South,Bangalore,Sports,Dumbbells,Dumbbells Cumque,3,79296,0,237888,55089,UPI,,
11361,4/11/2025,Mannat Sandal,East,Kolkata,Toys,Puzzle,Puzzle Laborum,4,43841,20,140291,15961,Net Banking,,
11362,7/11/2024,Jayan Walla,North,Amritsar,Books,Biography,Biography Doloribus,5,61062,20,244248,35178,Net Banking,,
11363,12/18/2024,Azad Issac,East,Patna,Furniture,Chair,Chair Dolor,1,38588,10,34729,2648,UPI,,
11364,7/31/2025,Uthkarsh Bahl,West,Goa,Furniture,Bed,Bed Praesentium,2,13018,0,26036,4612,Net Banking,,
11365,10/28/2023,Hunar Dora,North,Amritsar,Groceries,Spices,Spices Dolore,2,63094,5,119879,17243,COD,,
11366,10/2/2024,Nirvi Kunda,East,Patna,Clothing,Men's Wear,Men's Wear Quia,1,32692,10,29423,5975,COD,,
11367,7/10/2025,Dhanush Karpe,North,Amritsar,Books,Non-Fiction,Non-Fiction Quo,1,47091,5,44736,10667,Credit Card,,
11368,7/9/2025,Vaibhav Keer,East,Guwahati,Electronics,Laptop,Laptop Facilis,4,37965,0,151860,9477,COD,,
11369,5/21/2025,Arnav Chakrabarti,East,Guwahati,Toys,Board Game,Board Game Accusantium,1,32354,5,30736,3811,UPI,,
11370,3/30/2025,Badal Din,North,Amritsar,Beauty,Shampoo,Shampoo Cumque,4,445,5,1691,359,Credit Card,,
11371,3/13/2025,Onkar Vasa,West,Surat,Home Decor,Clock,Clock Repudiandae,1,32556,15,27673,4235,Net Banking,,
11372,3/24/2024,Mannat Barad,South,Chennai,Electronics,Headphones,Headphones Aliquam,4,40124,15,136422,19061,COD,,
11373,11/12/2024,Bhavin Gill,West,Goa,Beauty,Face Cream,Face Cream Quod,4,65371,5,248410,48898,COD,,
11374,9/24/2024,Jivin Sarkar,North,Jaipur,Toys,Doll,Doll Amet,5,43156,0,215780,49196,COD,,
11375,1/3/2025,Renee Sen,West,Ahmedabad,Sports,Cricket Bat,Cricket Bat Voluptatem,2,32871,20,52594,8593,Credit Card,,
11376,12/17/2023,Aaryahi Khare,South,Chennai,Clothing,Shoes,Shoes Ratione,4,56993,10,205175,33028,COD,,
11377,5/6/2024,Prisha Chand,West,Mumbai,Sports,Yoga Mat,Yoga Mat Molestiae,1,51149,10,46034,3887,COD,,
11378,11/12/2024,Pranay Dash,North,Amritsar,Clothing,Women's Wear,Women's Wear Sit,5,74691,0,373455,47948,COD,,
11379,12/2/2023,Navya Deshpande,South,Chennai,Clothing,Accessories,Accessories Pariatur,5,59691,5,283532,43006,Debit Card,,
11380,7/24/2025,Lakshit Keer,West,Mumbai,Kitchen,Cookware Set,Cookware Set Sequi,5,27714,15,117785,21282,UPI,,
11381,4/8/2024,Eva Devan,South,Chennai,Home Decor,Lamp,Lamp Adipisci,1,19094,15,16230,1242,Credit Card,,
11382,3/30/2025,Renee Bhatt,South,Chennai,Clothing,Shoes,Shoes Numquam,3,69544,5,198200,22915,Debit Card,,
11383,12/10/2023,Kimaya Mander,South,Coimbatore,Beauty,Lipstick,Lipstick Vitae,4,45913,5,174469,9345,Debit Card,,
11384,3/9/2024,Darshit Kamdar,East,Patna,Home Decor,Lamp,Lamp Culpa,4,36107,15,122764,27355,Debit Card,,
11385,6/1/2024,Bhavin Ray,West,Surat,Furniture,Sofa,Sofa Aperiam,1,3801,10,3421,205,Credit Card,,
11386,6/18/2024,Bhavin Mani,East,Patna,Groceries,Spices,Spices Itaque,1,57929,15,49240,7741,COD,,
11387,7/2/2024,Madhup Hayer,West,Ahmedabad,Groceries,Wheat,Wheat Molestiae,5,21407,10,96332,12981,Net Banking,,
11388,5/14/2024,Abram Datta,North,Lucknow,Home Decor,Lamp,Lamp Nostrum,4,46703,5,177471,28394,Credit Card,,
11389,1/24/2025,Anay Gopal,North,Delhi,Beauty,Lipstick,Lipstick Deserunt,1,30391,15,25832,2886,UPI,,
11390,11/12/2024,Dishani Luthra,West,Pune,Home Decor,Vase,Vase Commodi,5,51544,10,231948,13321,Credit Card,,
11391,10/10/2024,Vanya Bose,North,Chandigarh,Toys,RC Car,RC Car Explicabo,2,15156,10,27281,6487,Credit Card,,
11392,1/3/2025,Kimaya Atwal,North,Chandigarh,Kitchen,Cookware Set,Cookware Set Consequatur,1,4842,0,4842,1159,Net Banking,,
11393,4/22/2025,Jivin Shukla,North,Jaipur,Toys,Puzzle,Puzzle Unde,4,47431,15,161265,9602,Debit Card,,
11394,4/12/2024,Lagan Kothari,East,Patna,Sports,Football,Football Vel,1,4254,5,4041,379,Net Banking,,
11395,1/17/2024,Elakshi Koshy,East,Bhubaneswar,Groceries,Sugar,Sugar Quis,2,66728,20,106765,25572,COD,,
11396,12/12/2024,Pihu Gaba,South,Coimbatore,Clothing,Kids Wear,Kids Wear Sapiente,4,34919,5,132692,8957,COD,,
11397,3/18/2024,Krish Gole,South,Bangalore,Sports,Cricket Bat,Cricket Bat Blanditiis,2,69831,15,118713,6713,COD,,
11398,2/10/2025,Saksham Hayre,South,Thiruvananthapuram,Books,Textbook,Textbook Expedita,5,16738,10,75321,15368,UPI,,
11399,9/23/2024,Hazel Kulkarni,South,Hyderabad,Furniture,Cabinet,Cabinet Dolor,1,27395,10,24656,2317,Net Banking,,
11400,2/10/2024,Bhavin Dasgupta,West,Ahmedabad,Groceries,Sugar,Sugar Tempora,4,36193,20,115818,11662,COD,,
11401,9/25/2024,Biju Chada,North,Chandigarh,Sports,Football,Football Saepe,3,1189,5,3389,236,Net Banking,,
11402,7/8/2025,Reyansh Deol,South,Bangalore,Books,Comics,Comics Corrupti,1,9126,10,8213,872,UPI,,
11403,12/16/2023,Uthkarsh Sen,West,Ahmedabad,Sports,Tennis Racket,Tennis Racket Excepturi,4,42688,20,136602,16887,Net Banking,,
11404,7/4/2025,Jivin Iyengar,East,Ranchi,Electronics,Laptop,Laptop Voluptatum,5,57067,5,271068,23096,Debit Card,,
11405,6/2/2025,Shlok Vaidya,West,Mumbai,Kitchen,Refrigerator,Refrigerator Explicabo,4,41620,0,166480,32962,UPI,,
11406,11/16/2024,Faiyaz Borde,North,Delhi,Electronics,Laptop,Laptop Adipisci,1,37428,5,35557,2975,COD,,
11407,12/13/2024,Arhaan Dhillon,West,Mumbai,Furniture,Bed,Bed Reprehenderit,3,17042,15,43457,10061,Credit Card,,
11408,3/8/2025,Jayant Sachar,South,Bangalore,Toys,Doll,Doll Omnis,2,72925,20,116680,10907,UPI,,
11409,7/9/2025,Romil Iyengar,East,Kolkata,Groceries,Oil,Oil Provident,5,42402,10,190809,26050,Credit Card,,
11410,7/28/2024,Seher Agate,North,Lucknow,Home Decor,Vase,Vase Ex,3,62626,0,187878,13929,COD,,
11411,12/11/2024,Samarth Chand,East,Ranchi,Books,Comics,Comics Laboriosam,1,27474,0,27474,4052,Net Banking,,
11412,11/5/2024,Kavya Manne,West,Surat,Beauty,Perfume,Perfume Laudantium,3,50954,20,122290,10101,Net Banking,,
11413,8/5/2025,Azad Chaudhry,South,Thiruvananthapuram,Toys,Doll,Doll Corporis,2,5007,20,8011,1969,COD,,
11414,2/20/2024,Kartik Bahl,West,Ahmedabad,Home Decor,Lamp,Lamp Dolorem,4,62119,10,223628,55725,Net Banking,,
11415,2/24/2025,Rhea Sanghvi,West,Pune,Beauty,Lipstick,Lipstick Iure,4,20217,0,80868,6743,UPI,,
11416,3/30/2025,Jayan Dara,North,Jaipur,Sports,Dumbbells,Dumbbells Distinctio,3,25307,20,60737,11777,COD,,
11417,1/2/2024,Jivika Dua,West,Pune,Beauty,Foundation,Foundation Quisquam,4,23916,0,95664,15179,COD,,
11418,9/8/2024,Saksham Rana,North,Chandigarh,Books,Comics,Comics Voluptatibus,3,6415,15,16358,1431,Credit Card,,
11419,12/15/2023,Mamooty Wagle,North,Delhi,Books,Non-Fiction,Non-Fiction Amet,4,43919,10,158108,23976,Net Banking,,
11420,10/18/2023,Hrishita Bhargava,North,Lucknow,Electronics,Mobile,Mobile Aperiam,5,43422,10,195399,16213,Debit Card,,
11421,11/21/2023,Taran Chaudhary,East,Guwahati,Sports,Tennis Racket,Tennis Racket Dignissimos,2,54001,0,108002,16629,COD,,
11422,7/20/2024,Diya Char,East,Patna,Toys,Puzzle,Puzzle Quaerat,4,13912,5,52866,3136,COD,,
11423,8/18/2024,Mishti Yogi,North,Amritsar,Sports,Tennis Racket,Tennis Racket Pariatur,3,44421,10,119937,14181,Net Banking,,
11424,7/1/2024,Mishti Keer,South,Coimbatore,Books,Fiction,Fiction Ipsam,4,26402,15,89767,11168,Credit Card,,
11425,10/20/2023,Rati Grewal,North,Lucknow,Books,Fiction,Fiction Quibusdam,2,48812,20,78099,5054,Debit Card,,
11426,8/31/2025,Chirag Chada,South,Chennai,Books,Fiction,Fiction Velit,2,16765,20,26824,3135,Net Banking,,
11427,3/15/2024,Azad Kota,West,Ahmedabad,Electronics,Headphones,Headphones Laudantium,4,70205,0,280820,59885,Net Banking,,
11428,5/24/2024,Sahil Raj,North,Delhi,Home Decor,Wall Art,Wall Art Unde,3,79374,15,202404,48726,Net Banking,,
11429,11/9/2024,Aayush Toor,East,Kolkata,Electronics,Mobile,Mobile Velit,1,50990,0,50990,11838,UPI,,
11430,1/15/2024,Nayantara Sandhu,East,Ranchi,Groceries,Sugar,Sugar Inventore,5,3019,0,15095,858,Net Banking,,
11431,10/22/2023,Anahi Sarma,West,Surat,Kitchen,Juicer,Juicer Illo,2,69886,0,139772,23488,Debit Card,,
11432,5/29/2024,Shaan Dua,West,Ahmedabad,Kitchen,Mixer Grinder,Mixer Grinder Iste,1,13377,0,13377,1758,Debit Card,,
11433,8/22/2025,Lakshit Deo,North,Amritsar,Clothing,Men's Wear,Men's Wear Error,3,53574,20,128578,25558,Net Banking,,
11434,8/13/2025,Alisha Dhar,East,Ranchi,Home Decor,Clock,Clock Iusto,4,16159,10,58172,10005,Credit Card,,
11435,9/18/2024,Tarini Doctor,West,Ahmedabad,Furniture,Bed,Bed Animi,4,54791,15,186289,12178,UPI,,
11436,6/2/2024,Krish Solanki,South,Coimbatore,Books,Comics,Comics Molestiae,2,50012,15,85020,4701,Credit Card,,
11437,3/18/2025,Saksham Kumar,West,Goa,Toys,RC Car,RC Car Iure,4,73997,5,281189,55794,COD,,
11438,7/14/2024,Hunar Goda,South,Thiruvananthapuram,Clothing,Women's Wear,Women's Wear Nostrum,5,51750,10,232875,13220,COD,,
11439,2/19/2024,Uthkarsh Bhat,South,Chennai,Beauty,Face Cream,Face Cream Corrupti,3,33780,10,91206,17899,COD,,
11440,6/13/2025,Tarini Mall,East,Bhubaneswar,Clothing,Women's Wear,Women's Wear Sint,4,58069,5,220662,34600,Net Banking,,
11441,2/13/2025,Romil Divan,West,Surat,Sports,Tennis Racket,Tennis Racket Atque,3,6783,20,16279,1773,Credit Card,,
11442,9/19/2024,Jivika Badami,East,Bhubaneswar,Beauty,Foundation,Foundation Perspiciatis,3,46887,0,140661,34963,Net Banking,,
11443,2/24/2025,Pranay Kumer,South,Bangalore,Books,Fiction,Fiction Perspiciatis,5,48885,10,219983,20736,Credit Card,,
11444,9/14/2024,Alia Chacko,East,Bhubaneswar,Clothing,Women's Wear,Women's Wear Ea,3,50793,5,144760,31253,UPI,,
11445,4/18/2024,Mamooty Kari,West,Pune,Furniture,Sofa,Sofa Exercitationem,1,16997,0,16997,2959,Credit Card,,
11446,8/14/2024,Vaibhav Sheth,South,Chennai,Beauty,Shampoo,Shampoo Incidunt,1,54181,5,51472,12268,Debit Card,,
11447,7/4/2025,Ranbir Saraf,South,Chennai,Kitchen,Juicer,Juicer Tempora,3,79851,20,191642,30466,UPI,,
11448,10/23/2023,Kashvi Rout,South,Bangalore,Electronics,Headphones,Headphones Accusantium,5,67709,0,338545,81869,Credit Card,,
11449,6/21/2024,Himmat Tak,South,Coimbatore,Toys,RC Car,RC Car Fugit,3,10708,5,30518,3486,Credit Card,,
11450,3/17/2025,Anvi Mallick,West,Pune,Beauty,Foundation,Foundation Cumque,3,69600,5,198360,38148,COD,,
11451,9/27/2025,Azad Ravel,North,Delhi,Toys,Puzzle,Puzzle Labore,4,38431,20,122979,20582,UPI,,
11452,3/29/2024,Manjari Ahuja,North,Delhi,Clothing,Kids Wear,Kids Wear Impedit,3,47134,20,113122,12565,Debit Card,,
11453,12/7/2023,Piya Saha,East,Guwahati,Toys,Doll,Doll Ab,1,51243,15,43557,6661,Net Banking,,
11454,8/28/2024,Farhan Chhabra,South,Chennai,Beauty,Lipstick,Lipstick Eveniet,2,10564,10,19015,4366,Net Banking,,
11455,11/9/2024,Anahi Vala,North,Chandigarh,Toys,Action Figure,Action Figure Laudantium,5,11067,0,55335,5950,Net Banking,,
11456,5/8/2025,Faiyaz Aggarwal,North,Chandigarh,Sports,Tennis Racket,Tennis Racket Repellendus,2,56125,15,95413,8223,Credit Card,,
11457,8/22/2024,Mannat Sani,East,Patna,Furniture,Cabinet,Cabinet Ab,2,73299,10,131938,18463,Net Banking,,
11458,10/12/2023,Gatik Bhardwaj,West,Mumbai,Beauty,Lipstick,Lipstick Occaecati,1,23413,20,18730,2265,Credit Card,,
11459,3/22/2024,Shanaya Bains,North,Delhi,Home Decor,Cushion,Cushion Deserunt,5,23691,15,100687,16586,COD,,
11460,9/29/2024,Nitara Chatterjee,North,Lucknow,Beauty,Foundation,Foundation Ipsa,3,45701,20,109682,23826,COD,,
11461,5/25/2025,Myra Borra,North,Jaipur,Home Decor,Clock,Clock Rerum,2,31987,0,63974,13001,Net Banking,,
11462,1/6/2025,Sahil Sem,West,Mumbai,Books,Fiction,Fiction Officiis,3,65969,20,158326,33279,Debit Card,,
11463,11/30/2024,Heer Dar,South,Coimbatore,Books,Comics,Comics Voluptates,1,13459,10,12113,2408,Credit Card,,
11464,6/11/2024,Shayak Agrawal,South,Chennai,Electronics,Camera,Camera Porro,1,28915,10,26024,1622,UPI,,
11465,6/9/2025,Tara Salvi,South,Thiruvananthapuram,Groceries,Rice,Rice Ex,1,56277,5,53463,12216,Credit Card,,
11466,9/23/2024,Faiyaz Gole,South,Coimbatore,Clothing,Women's Wear,Women's Wear Sapiente,1,48636,10,43772,5427,Net Banking,,
11467,4/30/2024,Sumer Doshi,East,Bhubaneswar,Toys,Doll,Doll Ad,4,46758,15,158977,39374,Credit Card,,
11468,9/8/2024,Pranay Goel,South,Chennai,Toys,Doll,Doll Sit,2,67375,15,114538,10230,COD,,
11469,4/11/2024,Jivin Dutt,South,Thiruvananthapuram,Sports,Football,Football Ducimus,4,73545,10,264762,36604,UPI,,
11470,11/3/2024,Ira Loke,North,Amritsar,Books,Fiction,Fiction Voluptatibus,3,33816,15,86231,6887,COD,,
11471,10/13/2024,Kartik Batta,North,Lucknow,Groceries,Spices,Spices Fugit,5,627,0,3135,448,Credit Card,,
11472,12/24/2024,Parinaaz Sankaran,North,Jaipur,Furniture,Table,Table Ipsa,4,44313,20,141802,31103,Debit Card,,
11473,10/27/2024,Aradhya Setty,North,Amritsar,Beauty,Foundation,Foundation Saepe,4,34284,10,123422,14489,Credit Card,,
11474,6/1/2025,Ayesha Grover,North,Delhi,Toys,Doll,Doll Eveniet,4,47008,20,150426,29176,UPI,,
11475,1/3/2024,Ishita Trivedi,North,Delhi,Beauty,Shampoo,Shampoo Ullam,2,69366,10,124859,9131,UPI,,
11476,11/8/2023,Umang Varty,East,Patna,Kitchen,Cookware Set,Cookware Set Voluptates,5,65778,5,312446,68447,Net Banking,,
11477,7/28/2024,Parinaaz Sodhi,East,Kolkata,Sports,Yoga Mat,Yoga Mat Distinctio,3,1200,0,3600,499,UPI,,
11478,2/1/2024,Eshani Kari,North,Lucknow,Books,Fiction,Fiction Quas,2,31819,15,54092,12966,Credit Card,,
11479,6/10/2025,Zeeshan Bal,North,Delhi,Home Decor,Cushion,Cushion Iure,4,47922,0,191688,17388,COD,,
11480,5/2/2025,Navya Bahl,North,Chandigarh,Groceries,Spices,Spices Totam,3,33133,10,89459,19425,Credit Card,,
11481,3/7/2025,Rati Solanki,East,Kolkata,Home Decor,Wall Art,Wall Art Corrupti,1,67503,15,57378,3708,UPI,,
11482,12/18/2023,Inaaya  Wagle,South,Thiruvananthapuram,Sports,Yoga Mat,Yoga Mat Sint,4,28665,5,108927,6013,Debit Card,,
11483,3/25/2025,Seher Hora,East,Patna,Kitchen,Microwave,Microwave Labore,4,57143,0,228572,29245,COD,,
11484,10/16/2023,Keya Basu,North,Amritsar,Toys,Board Game,Board Game Hic,3,33778,20,81067,6242,UPI,,
11485,3/1/2025,Chirag Desai,North,Amritsar,Groceries,Oil,Oil Earum,1,13630,0,13630,1198,COD,,
11486,6/17/2025,Alia Khare,South,Bangalore,Kitchen,Juicer,Juicer Consequatur,3,47961,10,129495,13233,Debit Card,,
11487,5/4/2025,Nishith Vala,North,Lucknow,Clothing,Men's Wear,Men's Wear Iure,3,58707,20,140897,27019,COD,,
11488,5/27/2025,Rania Vig,East,Bhubaneswar,Furniture,Chair,Chair Minima,5,21305,10,95873,9531,Credit Card,,
11489,1/2/2024,Zeeshan Dubey,South,Bangalore,Toys,Board Game,Board Game Officiis,3,55777,5,158964,20036,Net Banking,,
11490,1/29/2025,Shalv Varty,South,Coimbatore,Electronics,Smartwatch,Smartwatch Magni,3,67587,20,162209,18564,UPI,,
11491,12/23/2023,Vivaan Upadhyay,North,Lucknow,Home Decor,Wall Art,Wall Art Soluta,2,31379,15,53344,11506,Net Banking,,
11492,5/12/2025,Myra Anand,North,Chandigarh,Furniture,Sofa,Sofa Molestiae,2,70131,0,140262,18548,Credit Card,,
11493,2/10/2024,Anay Kamdar,West,Surat,Toys,RC Car,RC Car Eum,5,63338,20,253352,41373,Credit Card,,
11494,4/9/2025,Rania Rege,South,Chennai,Beauty,Face Cream,Face Cream Earum,1,45240,10,40716,2991,UPI,,
11495,2/16/2024,Ayesha Sant,South,Coimbatore,Toys,Puzzle,Puzzle Dolores,1,25879,15,21997,2045,Debit Card,,
11496,5/1/2024,Mohanlal Suresh,West,Surat,Kitchen,Refrigerator,Refrigerator Et,3,24895,15,63482,10261,Net Banking,,
11497,6/7/2024,Misha Gulati,East,Patna,Home Decor,Cushion,Cushion Consectetur,3,56151,20,134762,14587,Credit Card,,
11498,3/26/2024,Misha Sem,South,Chennai,Groceries,Wheat,Wheat Debitis,2,72161,20,115458,27372,Debit Card,,
11499,8/13/2025,Madhup Tata,South,Chennai,Kitchen,Refrigerator,Refrigerator Reiciendis,1,79632,10,71669,11329,Credit Card,,
11500,3/6/2024,Aarav Batra,South,Coimbatore,Home Decor,Clock,Clock Exercitationem,1,31128,15,26459,3222,UPI,,
11501,8/27/2025,Urvi Shenoy,West,Pune,Electronics,Smartwatch,Smartwatch At,1,13595,5,12915,1870,Debit Card,,
11502,11/16/2024,Damini Loke,West,Ahmedabad,Books,Biography,Biography Neque,1,6343,0,6343,871,UPI,,
11503,11/4/2023,Dhanush Sankaran,East,Kolkata,Electronics,Laptop,Laptop Similique,2,68154,15,115862,28242,UPI,,
11504,6/7/2024,Jayesh Ganguly,North,Delhi,Clothing,Women's Wear,Women's Wear Placeat,1,74854,10,67369,4446,COD,,
11505,11/6/2024,Taimur Anand,South,Thiruvananthapuram,Clothing,Men's Wear,Men's Wear Quaerat,5,27661,20,110644,7473,UPI,,
11506,3/2/2024,Dhanush Khanna,South,Bangalore,Home Decor,Clock,Clock Odit,3,19872,10,53654,12127,Net Banking,,
11507,1/25/2025,Yashvi Sastry,South,Hyderabad,Beauty,Perfume,Perfume Similique,2,69790,5,132601,14414,Debit Card,,
11508,6/10/2024,Urvi Chad,South,Chennai,Groceries,Sugar,Sugar Et,5,7842,15,33329,7453,Net Banking,,
11509,4/16/2025,Zaina Chokshi,West,Ahmedabad,Sports,Tennis Racket,Tennis Racket Quos,1,46483,10,41835,7939,Credit Card,,
11510,7/26/2025,Mamooty Maharaj,West,Ahmedabad,Toys,Board Game,Board Game Veniam,3,55155,10,148919,14928,Credit Card,,
11511,1/29/2024,Anaya Singh,East,Patna,Home Decor,Clock,Clock Impedit,1,43008,20,34406,1761,Credit Card,,
11512,2/26/2025,Yasmin Yogi,South,Coimbatore,Sports,Tennis Racket,Tennis Racket Molestiae,4,56586,15,192392,41425,UPI,,
11513,12/1/2024,Krish Chada,South,Chennai,Sports,Yoga Mat,Yoga Mat Ipsam,2,21036,15,35761,4486,Debit Card,,
11514,8/15/2025,Tejas Gupta,South,Thiruvananthapuram,Beauty,Lipstick,Lipstick Deleniti,1,8435,0,8435,1710,Credit Card,,
11515,12/15/2024,Taran Lad,South,Thiruvananthapuram,Furniture,Bed,Bed Labore,1,59069,20,47255,10614,Debit Card,,
11516,11/2/2024,Miraya Hans,North,Chandigarh,Groceries,Spices,Spices Cumque,4,72844,10,262238,28564,Net Banking,,
11517,1/18/2024,Kavya Sastry,South,Coimbatore,Books,Textbook,Textbook Quia,4,56495,20,180784,10462,Net Banking,,
11518,9/18/2024,Kabir Sandal,North,Lucknow,Beauty,Foundation,Foundation Libero,2,58411,10,105140,7281,COD,,
11519,1/31/2025,Anahi Ram,East,Bhubaneswar,Toys,Puzzle,Puzzle Perspiciatis,1,74254,15,63116,14966,Credit Card,,
11520,8/17/2024,Madhup Tiwari,South,Thiruvananthapuram,Groceries,Oil,Oil Tempora,2,27743,5,52712,8356,Debit Card,,
11521,10/20/2024,Samar Sachdeva,South,Hyderabad,Electronics,Smartwatch,Smartwatch Ipsa,1,78463,15,66694,13966,UPI,,
11522,4/10/2025,Damini Sekhon,West,Surat,Clothing,Women's Wear,Women's Wear Nulla,3,70431,15,179599,11602,Net Banking,,
11523,2/1/2024,Manikya Kannan,South,Coimbatore,Groceries,Spices,Spices Eveniet,1,48348,15,41096,6503,UPI,,
11524,10/3/2025,Pranay Saraf,West,Mumbai,Beauty,Foundation,Foundation Veritatis,5,18837,15,80057,13932,Net Banking,,
11525,7/31/2024,Anika Bansal,West,Goa,Sports,Yoga Mat,Yoga Mat Enim,3,11450,0,34350,2833,UPI,,
11526,1/5/2024,Yakshit Dara,North,Delhi,Kitchen,Cookware Set,Cookware Set Possimus,2,77558,20,124093,11166,Debit Card,,
11527,7/1/2025,Gatik Savant,West,Surat,Furniture,Cabinet,Cabinet Quasi,2,13108,20,20973,2194,Net Banking,,
11528,8/27/2025,Aarav Bail,West,Pune,Electronics,Mobile,Mobile Dolores,3,57883,15,147602,12104,Net Banking,,
11529,7/10/2025,Hunar Mani,East,Guwahati,Clothing,Women's Wear,Women's Wear Ratione,3,42725,10,115358,13829,Credit Card,,
11530,4/14/2024,Heer Raj,West,Goa,Beauty,Perfume,Perfume Error,3,55957,0,167871,10701,Credit Card,,
11531,5/24/2025,Baiju Bhakta,East,Guwahati,Sports,Tennis Racket,Tennis Racket Perferendis,4,56766,15,193004,46228,Net Banking,,
11532,5/29/2025,Vanya Shan,North,Chandigarh,Clothing,Accessories,Accessories Deserunt,2,74359,10,133846,22114,Credit Card,,
11533,9/2/2025,Yuvraj  Bhavsar,South,Bangalore,Electronics,Mobile,Mobile Architecto,2,16331,5,31029,5368,Credit Card,,
11534,10/4/2023,Advik Sarraf,West,Surat,Furniture,Bed,Bed Sapiente,5,44511,20,178044,41210,COD,,
11535,10/8/2023,Pari Kalita,North,Jaipur,Furniture,Chair,Chair Dicta,4,42955,5,163229,26318,UPI,,
11536,3/17/2024,Anahi Dixit,West,Surat,Groceries,Wheat,Wheat Nulla,5,58177,0,290885,63620,Debit Card,,
11537,9/4/2025,Piya Kakar,South,Thiruvananthapuram,Toys,Action Figure,Action Figure Est,4,54053,5,205401,21439,UPI,,
11538,7/1/2025,Taimur Talwar,North,Delhi,Electronics,Headphones,Headphones Incidunt,5,29477,0,147385,21637,Net Banking,,
11539,6/12/2024,Jayant Sood,South,Bangalore,Electronics,Mobile,Mobile Quidem,4,56039,5,212948,52225,COD,,
11540,1/20/2025,Kiara Garde,South,Hyderabad,Sports,Football,Football Corporis,1,65150,5,61893,4293,Net Banking,,
11541,7/17/2024,Romil Sani,West,Goa,Kitchen,Refrigerator,Refrigerator Molestias,3,54345,0,163035,34457,Debit Card,,
11542,5/16/2025,Alisha Sarma,South,Bangalore,Sports,Football,Football Magni,4,45467,5,172775,20564,Credit Card,,
11543,4/14/2024,Saanvi Seth,North,Jaipur,Toys,Board Game,Board Game Alias,3,53536,20,128486,31527,Credit Card,,
11544,3/8/2025,Veer Luthra,North,Jaipur,Books,Textbook,Textbook Non,3,56465,15,143986,21968,COD,,
11545,9/13/2025,Jivin Chandran,North,Jaipur,Books,Biography,Biography Officia,2,68644,10,123559,13468,Credit Card,,
11546,5/31/2025,Siya Desai,South,Hyderabad,Furniture,Table,Table Molestiae,4,63192,20,202214,15631,Debit Card,,
11547,8/16/2025,Kabir Ramaswamy,West,Goa,Groceries,Rice,Rice Corporis,3,57535,0,172605,42853,Credit Card,,
11548,6/13/2025,Priyansh Singhal,East,Patna,Kitchen,Cookware Set,Cookware Set Asperiores,1,4957,15,4213,663,Net Banking,,
11549,6/28/2025,Zaina Dave,West,Mumbai,Electronics,Headphones,Headphones Accusantium,3,68401,10,184683,30436,Debit Card,,
11550,4/18/2025,Samarth Khare,North,Delhi,Books,Comics,Comics Eos,5,30383,0,151915,35359,Net Banking,,
11551,7/17/2024,Nehmat Tiwari,East,Kolkata,Books,Textbook,Textbook Blanditiis,1,75876,0,75876,8554,Debit Card,,
11552,2/13/2025,Advika Sidhu,North,Delhi,Home Decor,Vase,Vase Quisquam,4,78123,5,296867,35530,Credit Card,,
11553,5/6/2024,Charvi Rama,West,Goa,Clothing,Men's Wear,Men's Wear Quisquam,3,66674,15,170019,37823,Net Banking,,
11554,3/19/2024,Lagan Sidhu,North,Amritsar,Kitchen,Cookware Set,Cookware Set Optio,1,53914,10,48523,3280,Debit Card,,
11555,2/5/2024,Nehmat Batra,South,Thiruvananthapuram,Toys,Board Game,Board Game A,5,42355,0,211775,41919,Debit Card,,
11556,1/8/2025,Zaina Agarwal,West,Ahmedabad,Books,Biography,Biography Similique,2,14604,20,23366,3270,Credit Card,,
11557,12/18/2024,Devansh Kakar,East,Bhubaneswar,Books,Comics,Comics Iste,2,56144,15,95445,12913,Net Banking,,
11558,3/26/2024,Lakshay Kurian,North,Jaipur,Electronics,Mobile,Mobile Maxime,4,69488,0,277952,62479,Net Banking,,
11559,8/3/2024,Arhaan Loyal,North,Jaipur,Groceries,Wheat,Wheat Provident,1,54783,15,46566,3985,Debit Card,,
11560,11/15/2023,Miraya Gera,North,Jaipur,Electronics,Headphones,Headphones Explicabo,4,31813,15,108164,26474,Net Banking,,
11561,6/28/2024,Trisha Dewan,West,Pune,Home Decor,Lamp,Lamp Exercitationem,3,22087,0,66261,14117,Debit Card,,
11562,4/25/2025,Taran Sahni,North,Lucknow,Sports,Football,Football Natus,5,42219,15,179431,14017,UPI,,
11563,2/3/2025,Samiha Yadav,East,Guwahati,Home Decor,Lamp,Lamp Placeat,1,67580,20,54064,4728,Net Banking,,
11564,3/22/2024,Tara Sanghvi,West,Surat,Beauty,Lipstick,Lipstick Quos,2,36046,20,57674,9876,COD,,
11565,12/24/2024,Ishaan Dhaliwal,South,Coimbatore,Sports,Tennis Racket,Tennis Racket Corrupti,3,45233,10,122129,13141,Net Banking,,
11566,3/31/2024,Yashvi Dewan,North,Amritsar,Beauty,Foundation,Foundation Dolorem,5,8191,5,38907,9435,UPI,,
11567,12/12/2024,Purab Kari,South,Thiruvananthapuram,Home Decor,Wall Art,Wall Art Ipsum,2,51678,20,82685,10797,Debit Card,,
11568,10/27/2023,Adira Chander,East,Guwahati,Furniture,Table,Table Similique,4,15799,10,56876,11137,COD,,
11569,12/1/2023,Anika Lala,South,Coimbatore,Beauty,Perfume,Perfume Sequi,3,42318,20,101563,23837,Debit Card,,
11570,12/1/2023,Tara Sagar,West,Ahmedabad,Sports,Cricket Bat,Cricket Bat Aliquid,5,39187,20,156748,36612,Net Banking,,
11571,6/13/2025,Lakshit Salvi,North,Delhi,Sports,Dumbbells,Dumbbells Facere,3,72783,10,196514,25236,UPI,,
11572,5/5/2024,Indrans Reddy,North,Lucknow,Furniture,Table,Table Voluptas,1,62101,15,52786,7000,UPI,,
11573,7/25/2024,Riaan Choudhry,East,Ranchi,Toys,Action Figure,Action Figure Pariatur,2,10088,15,17150,1071,COD,,
11574,3/21/2025,Anay Sangha,North,Lucknow,Sports,Football,Football A,4,79712,0,318848,36875,Debit Card,,
11575,7/9/2025,Inaaya  Zachariah,West,Goa,Home Decor,Lamp,Lamp Fugit,5,46998,20,187992,39194,UPI,,
11576,10/20/2024,Navya Sampath,North,Jaipur,Sports,Yoga Mat,Yoga Mat Facilis,4,74530,5,283214,66074,Net Banking,,
11577,8/18/2025,Uthkarsh Khosla,South,Thiruvananthapuram,Home Decor,Cushion,Cushion Explicabo,2,3891,0,7782,1097,Credit Card,,
11578,2/5/2024,Dhanuk Shukla,East,Guwahati,Home Decor,Vase,Vase Dignissimos,5,42882,0,214410,51786,COD,,
11579,5/12/2025,Miraya Raju,West,Goa,Books,Fiction,Fiction Aperiam,5,37420,0,187100,33418,UPI,,
11580,3/24/2025,Arnav Karpe,North,Amritsar,Clothing,Accessories,Accessories Ratione,3,41464,20,99514,18527,UPI,,
11581,6/4/2025,Azad Viswanathan,North,Delhi,Electronics,Headphones,Headphones Aliquid,2,7577,0,15154,2026,UPI,,
11582,10/10/2023,Lavanya Sabharwal,North,Amritsar,Groceries,Spices,Spices Quidem,4,24513,20,78442,11585,COD,,
11583,7/31/2024,Priyansh Sidhu,West,Goa,Groceries,Oil,Oil Id,5,46871,0,234355,12870,Net Banking,,
11584,3/2/2024,Bhamini Subramaniam,East,Patna,Sports,Yoga Mat,Yoga Mat Velit,2,44818,15,76191,7521,COD,,
11585,12/28/2024,Indrajit Grewal,South,Thiruvananthapuram,Groceries,Spices,Spices Iste,3,22804,0,68412,12356,Debit Card,,
11586,10/16/2023,Nakul Krishnan,West,Ahmedabad,Groceries,Wheat,Wheat Nam,4,2456,10,8842,1589,Net Banking,,
11587,8/7/2025,Taran Dhingra,North,Jaipur,Books,Comics,Comics Excepturi,3,61404,10,165791,23146,UPI,,
11588,8/11/2024,Shlok Bhatia,South,Chennai,Books,Biography,Biography Consequatur,2,6809,0,13618,1033,Debit Card,,
11589,7/18/2025,Umang Kapadia,East,Kolkata,Books,Fiction,Fiction Quod,5,64990,0,324950,37183,Debit Card,,
11590,9/15/2025,Purab Sarraf,South,Hyderabad,Sports,Football,Football Similique,1,51441,20,41153,6786,COD,,
11591,9/23/2024,Kanav Hayer,North,Amritsar,Kitchen,Mixer Grinder,Mixer Grinder Quisquam,2,67850,20,108560,21693,UPI,,
11592,10/19/2024,Samaira Jain,North,Chandigarh,Home Decor,Lamp,Lamp Nostrum,4,53753,20,172010,18486,COD,,
11593,8/16/2024,Mehul Johal,South,Hyderabad,Toys,Board Game,Board Game Rem,2,35273,10,63491,11507,Debit Card,,
11594,8/24/2025,Chirag Sarma,East,Guwahati,Beauty,Foundation,Foundation Ullam,1,77782,0,77782,7989,Net Banking,,
11595,5/21/2025,Himmat Ramanathan,South,Chennai,Home Decor,Cushion,Cushion Ad,4,5300,20,16960,2057,COD,,
11596,8/9/2025,Aarav Sami,West,Surat,Home Decor,Lamp,Lamp Voluptatibus,3,61760,0,185280,10419,Debit Card,,
11597,6/10/2025,Dhanush Talwar,East,Bhubaneswar,Books,Biography,Biography Odit,3,5715,20,13716,2129,Credit Card,,
11598,12/19/2024,Jiya Sem,South,Bangalore,Kitchen,Cookware Set,Cookware Set Facere,3,68753,5,195946,40263,COD,,
11599,5/11/2025,Divyansh Chowdhury,West,Surat,Electronics,Headphones,Headphones Illo,4,19750,15,67150,8068,Credit Card,,
11600,4/11/2024,Mishti Sha,East,Ranchi,Books,Biography,Biography Facere,1,13191,15,11212,1890,COD,,
11601,4/11/2025,Saksham Chandra,East,Bhubaneswar,Electronics,Mobile,Mobile Libero,4,33682,0,134728,11246,Net Banking,,
11602,10/5/2023,Ishita Bala,North,Delhi,Beauty,Foundation,Foundation Dignissimos,4,56760,15,192984,23986,Credit Card,,
11603,2/8/2024,Veer Dara,West,Mumbai,Groceries,Rice,Rice Adipisci,1,38881,0,38881,4094,UPI,,
11604,2/19/2024,Rohan Lad,South,Chennai,Groceries,Sugar,Sugar Dicta,1,60906,5,57861,9906,Debit Card,,
11605,7/1/2024,Shlok Singhal,North,Delhi,Groceries,Rice,Rice Exercitationem,4,32310,15,109854,11446,UPI,,
11606,2/22/2024,Kiaan Saini,East,Guwahati,Furniture,Sofa,Sofa Nobis,5,39963,5,189824,20131,Debit Card,,
11607,10/27/2024,Kanav Kale,North,Jaipur,Furniture,Chair,Chair Voluptatum,4,12256,0,49024,4941,UPI,,
11608,11/11/2024,Ojas Jaggi,East,Guwahati,Groceries,Rice,Rice Voluptatibus,2,63511,0,127022,30831,Net Banking,,
11609,12/7/2023,Kismat Jaggi,North,Lucknow,Furniture,Cabinet,Cabinet Explicabo,1,76977,0,76977,9755,Debit Card,,
11610,9/15/2024,Pihu Shan,North,Delhi,Books,Comics,Comics Dolorem,2,6351,0,12702,925,Net Banking,,
11611,9/10/2024,Saira Salvi,East,Ranchi,Sports,Cricket Bat,Cricket Bat Necessitatibus,1,44695,15,37991,3809,Debit Card,,
11612,8/27/2025,Jivika Lalla,West,Goa,Groceries,Spices,Spices Omnis,5,57377,15,243852,39830,COD,,
11613,3/14/2025,Kavya Rao,West,Mumbai,Sports,Cricket Bat,Cricket Bat Ex,5,7268,15,30889,4149,Credit Card,,
11614,6/23/2024,Parinaaz Sule,East,Guwahati,Sports,Dumbbells,Dumbbells Perferendis,3,20458,5,58305,11038,Net Banking,,
11615,9/12/2025,Farhan Yadav,North,Lucknow,Groceries,Wheat,Wheat Repellat,3,42172,5,120190,19481,COD,,
11616,8/7/2025,Hazel Varty,East,Patna,Home Decor,Wall Art,Wall Art Fuga,3,20044,15,51112,10326,COD,,
11617,1/30/2025,Ishita Divan,South,Hyderabad,Clothing,Shoes,Shoes Ullam,1,54250,0,54250,4679,UPI,,
11618,5/21/2024,Krish Randhawa,East,Ranchi,Sports,Dumbbells,Dumbbells Vero,2,35691,0,71382,4565,UPI,,
11619,8/5/2025,Hrishita Vora,East,Ranchi,Home Decor,Clock,Clock Atque,1,49454,0,49454,11369,Debit Card,,
11620,7/28/2025,Raunak Tara,North,Chandigarh,Sports,Football,Football Ea,2,77408,10,139334,16926,Net Banking,,
11621,2/26/2025,Keya Bhalla,West,Mumbai,Home Decor,Vase,Vase Occaecati,2,24823,10,44681,7182,UPI,,
11622,9/2/2025,Kashvi Bera,East,Ranchi,Electronics,Mobile,Mobile Modi,3,47062,0,141186,8558,Credit Card,,
11623,8/7/2024,Yasmin Borde,North,Lucknow,Clothing,Men's Wear,Men's Wear Quidem,3,63805,15,162703,29052,Credit Card,,
11624,5/26/2024,Riya Manda,South,Bangalore,Books,Fiction,Fiction Doloremque,4,78933,0,315732,42110,COD,,
11625,3/27/2025,Indrans Lalla,North,Amritsar,Clothing,Men's Wear,Men's Wear Eaque,1,61502,0,61502,8436,Net Banking,,
11626,1/9/2024,Dharmajan Bhandari,West,Ahmedabad,Sports,Cricket Bat,Cricket Bat Earum,2,66194,5,125769,19628,Credit Card,,
11627,9/7/2024,Rasha Dhingra,East,Bhubaneswar,Home Decor,Vase,Vase Tempore,5,42552,20,170208,27051,Net Banking,,
11628,8/27/2024,Kabir Chauhan,West,Goa,Sports,Yoga Mat,Yoga Mat Esse,4,44013,20,140842,21148,Net Banking,,
11629,9/25/2025,Neelofar Batta,West,Ahmedabad,Furniture,Bed,Bed Rem,2,60635,10,109143,13551,Credit Card,,
11630,3/30/2024,Hiran Rama,North,Jaipur,Beauty,Foundation,Foundation Assumenda,1,66646,15,56649,10434,COD,,
11631,1/17/2025,Shaan Varty,North,Delhi,Electronics,Smartwatch,Smartwatch Veniam,2,72481,0,144962,30909,Credit Card,,
11632,10/22/2023,Alia Shenoy,South,Chennai,Electronics,Smartwatch,Smartwatch Aliquid,3,56472,0,169416,24115,Debit Card,,
11633,6/1/2025,Elakshi Lanka,East,Bhubaneswar,Kitchen,Microwave,Microwave At,3,57285,10,154670,30425,UPI,,
11634,7/22/2025,Jayesh Batra,North,Lucknow,Kitchen,Mixer Grinder,Mixer Grinder Alias,1,32892,20,26314,6364,Credit Card,,
11635,9/1/2024,Prisha Chaudhary,East,Patna,Beauty,Shampoo,Shampoo Eveniet,3,3650,5,10403,2260,COD,,
11636,1/20/2025,Drishya Ahluwalia,North,Chandigarh,Clothing,Accessories,Accessories Error,2,50608,5,96155,18348,UPI,,
11637,3/16/2024,Advik Jha,West,Ahmedabad,Sports,Football,Football Esse,5,28103,10,126464,10751,Credit Card,,
11638,10/14/2023,Renee Ramesh,East,Patna,Electronics,Smartwatch,Smartwatch Quia,5,61575,10,277088,65900,COD,,
11639,7/21/2025,Zara Sehgal,North,Lucknow,Kitchen,Cookware Set,Cookware Set Necessitatibus,1,60303,20,48242,4372,Net Banking,,
11640,8/31/2024,Jayant Karnik,North,Lucknow,Toys,Action Figure,Action Figure Aliquam,5,42684,20,170736,35803,UPI,,
11641,6/6/2024,Gokul Dixit,North,Delhi,Furniture,Chair,Chair Iusto,2,9148,20,14637,3549,Debit Card,,
11642,12/15/2024,Romil Sankar,North,Lucknow,Furniture,Bed,Bed Numquam,4,62391,15,212129,39302,Net Banking,,
11643,2/25/2024,Saksham Balan,South,Chennai,Electronics,Smartwatch,Smartwatch Cumque,2,37011,5,70321,10953,Credit Card,,
11644,10/6/2023,Anahita Sathe,North,Jaipur,Home Decor,Cushion,Cushion Ratione,1,24438,10,21994,5464,Net Banking,,
11645,6/28/2025,Armaan Bawa,East,Ranchi,Furniture,Chair,Chair Iure,1,72063,5,68460,5223,Net Banking,,
11646,8/23/2025,Anvi Bawa,North,Lucknow,Groceries,Spices,Spices Expedita,1,55914,0,55914,3181,Net Banking,,
11647,11/2/2023,Shalv Gole,East,Kolkata,Electronics,Headphones,Headphones Corporis,3,79420,20,190608,41601,Credit Card,,
11648,10/19/2023,Vaibhav Banik,East,Kolkata,Beauty,Foundation,Foundation Assumenda,4,42925,0,171700,28767,Debit Card,,
11649,3/15/2025,Shalv Rattan,West,Mumbai,Furniture,Sofa,Sofa Quisquam,4,48402,0,193608,22576,COD,,
11650,12/27/2023,Vivaan Biswas,North,Delhi,Furniture,Chair,Chair Aut,2,33002,20,52803,12398,UPI,,
11651,10/23/2024,Myra Chaudhuri,West,Surat,Kitchen,Cookware Set,Cookware Set Beatae,3,5548,0,16644,2668,Net Banking,,
11652,4/11/2024,Kaira Goswami,East,Bhubaneswar,Beauty,Face Cream,Face Cream Tempora,5,75565,15,321151,40473,Credit Card,,
11653,1/26/2024,Nayantara Sunder,West,Surat,Books,Comics,Comics Impedit,1,39595,0,39595,2517,COD,,
11654,1/21/2025,Zara Dugar,South,Chennai,Toys,Doll,Doll Odio,2,2060,0,4120,226,Net Banking,,
11655,1/12/2025,Kiara Rout,South,Thiruvananthapuram,Beauty,Perfume,Perfume Eius,3,68438,0,205314,33448,Net Banking,,
11656,2/12/2025,Yuvraj  Majumdar,South,Chennai,Groceries,Oil,Oil Ex,3,19152,10,51710,6634,Debit Card,,
11657,12/25/2023,Yuvraj  Kanda,East,Kolkata,Home Decor,Vase,Vase Reiciendis,2,57033,5,108363,11472,Debit Card,,
11658,5/18/2025,Samarth Basu,East,Patna,Electronics,Mobile,Mobile Blanditiis,2,2115,5,4019,594,UPI,,
11659,5/24/2025,Jayant Kothari,North,Lucknow,Books,Fiction,Fiction Voluptates,5,74783,0,373915,43358,Net Banking,,
11660,12/17/2023,Rhea Sarma,West,Pune,Toys,Action Figure,Action Figure Dolorem,3,19701,10,53193,3178,Credit Card,,
11661,3/14/2024,Faiyaz Garde,East,Patna,Groceries,Oil,Oil Corporis,5,2411,20,9644,693,Net Banking,,
11662,6/10/2024,Shanaya Ranganathan,West,Surat,Books,Fiction,Fiction Praesentium,5,11866,20,47464,9469,Net Banking,,
11663,1/14/2025,Alisha Grewal,South,Chennai,Furniture,Chair,Chair Quaerat,5,33773,20,135092,32752,Credit Card,,
11664,12/19/2024,Riya Sankaran,East,Kolkata,Toys,RC Car,RC Car Optio,4,72509,10,261032,59195,COD,,
11665,2/8/2025,Advik Kakar,South,Chennai,Groceries,Spices,Spices Exercitationem,2,53752,0,107504,25624,Debit Card,,
11666,12/6/2023,Zara Bhat,South,Chennai,Clothing,Women's Wear,Women's Wear Officiis,1,63433,0,63433,15133,Net Banking,,
11667,7/7/2024,Anvi Kalita,North,Jaipur,Toys,RC Car,RC Car Eius,5,59997,20,239988,46159,Credit Card,,
11668,2/2/2024,Baiju Sandhu,West,Ahmedabad,Furniture,Bed,Bed Illum,1,60156,10,54140,11831,COD,,
11669,4/18/2025,Yuvaan Thaman,North,Amritsar,Electronics,Headphones,Headphones Officia,4,69718,10,250985,36370,COD,,
11670,7/15/2024,Rasha Buch,North,Jaipur,Electronics,Mobile,Mobile Nesciunt,2,49573,20,79317,18206,UPI,,
11671,1/12/2024,Prisha Kala,East,Guwahati,Sports,Football,Football Quia,3,18632,10,50306,5124,Net Banking,,
11672,7/18/2025,Anvi Biswas,West,Surat,Sports,Dumbbells,Dumbbells Repellendus,4,79376,10,285754,63249,COD,,
11673,11/2/2023,Elakshi Comar,East,Bhubaneswar,Kitchen,Juicer,Juicer Odio,1,46364,5,44046,8914,Debit Card,,
11674,3/4/2024,Vedika Khalsa,North,Jaipur,Electronics,Laptop,Laptop Perspiciatis,3,39158,20,93979,17449,Debit Card,,
11675,10/19/2023,Anika Talwar,East,Bhubaneswar,Furniture,Cabinet,Cabinet Ratione,2,27775,20,44440,2545,UPI,,
11676,2/29/2024,Prerak Magar,West,Pune,Toys,Board Game,Board Game Culpa,5,11231,0,56155,4903,Credit Card,,
11677,10/27/2024,Aaryahi Madan,West,Goa,Kitchen,Cookware Set,Cookware Set Omnis,1,70622,10,63560,4851,COD,,
11678,5/9/2025,Ranbir Khatri,North,Lucknow,Home Decor,Clock,Clock Quisquam,2,7565,20,12104,2076,COD,,
11679,11/7/2024,Biju Uppal,South,Coimbatore,Books,Fiction,Fiction Velit,1,65926,20,52741,4635,UPI,,
11680,5/11/2024,Priyansh Srinivas,West,Mumbai,Sports,Tennis Racket,Tennis Racket Asperiores,3,49393,5,140770,32407,Credit Card,,
11681,12/2/2024,Shanaya Sidhu,East,Bhubaneswar,Books,Comics,Comics Unde,3,48500,15,123675,20159,Net Banking,,
11682,3/1/2024,Miraya Bhalla,South,Bangalore,Clothing,Accessories,Accessories Repellendus,4,69110,20,221152,54249,COD,,
11683,1/7/2025,Nitya Basak,East,Bhubaneswar,Books,Biography,Biography Ipsa,1,69737,5,66250,10451,Debit Card,,
11684,11/18/2023,Anahita Datta,North,Lucknow,Clothing,Kids Wear,Kids Wear Eos,2,60494,15,102840,18090,COD,,
11685,12/28/2023,Aaryahi Ben,North,Lucknow,Home Decor,Vase,Vase Ut,4,58841,5,223596,28226,Net Banking,,
11686,4/3/2024,Prerak Arora,East,Bhubaneswar,Furniture,Sofa,Sofa Repellendus,3,55235,10,149135,19304,Debit Card,,
11687,9/27/2024,Vivaan Bobal,North,Lucknow,Books,Non-Fiction,Non-Fiction Reiciendis,4,73314,20,234605,29815,COD,,
11688,4/9/2024,Zeeshan Bail,East,Kolkata,Home Decor,Vase,Vase Officiis,2,30171,5,57325,11541,COD,,
11689,5/24/2025,Aaina Bir,South,Chennai,Furniture,Sofa,Sofa Praesentium,5,57761,20,231044,57568,Debit Card,,
11690,5/9/2025,Hiran Goda,South,Hyderabad,Groceries,Sugar,Sugar Cupiditate,3,5256,20,12614,1472,Credit Card,,
11691,1/21/2025,Alisha Devi,North,Lucknow,Beauty,Foundation,Foundation Odit,4,25253,0,101012,6703,Credit Card,,
11692,1/21/2025,Damini Sengupta,East,Patna,Clothing,Women's Wear,Women's Wear Incidunt,5,42333,10,190499,33378,Net Banking,,
11693,3/30/2024,Purab Dixit,North,Chandigarh,Home Decor,Clock,Clock Maiores,3,57740,10,155898,11347,COD,,
11694,1/30/2025,Manikya Mahal,East,Ranchi,Clothing,Men's Wear,Men's Wear Architecto,3,78167,20,187601,28058,UPI,,
11695,7/20/2025,Lakshay Arya,West,Goa,Electronics,Camera,Camera Optio,5,71884,10,323478,42505,Net Banking,,
11696,11/22/2024,Ishaan Singhal,East,Kolkata,Electronics,Laptop,Laptop Recusandae,3,11886,0,35658,5755,UPI,,
11697,5/10/2025,Jivika Baral,East,Guwahati,Beauty,Lipstick,Lipstick Labore,3,50394,15,128505,7003,Net Banking,,
11698,7/12/2025,Krish Mall,South,Hyderabad,Home Decor,Vase,Vase Quam,2,2618,15,4451,1050,Debit Card,,
11699,10/18/2023,Taran Aggarwal,West,Ahmedabad,Toys,Action Figure,Action Figure Mollitia,1,12301,0,12301,2273,UPI,,
11700,8/19/2024,Hansh Ram,South,Chennai,Sports,Tennis Racket,Tennis Racket Modi,5,77628,20,310512,69855,Net Banking,,
11701,10/29/2024,Mohanlal Sampath,North,Delhi,Groceries,Rice,Rice Nam,5,74166,20,296664,54818,COD,,
11702,8/29/2024,Pari Anand,West,Mumbai,Groceries,Wheat,Wheat Quod,4,75821,10,272956,60122,UPI,,
11703,4/17/2025,Samaira Ramanathan,West,Surat,Beauty,Face Cream,Face Cream Distinctio,3,22061,20,52946,3283,UPI,,
11704,7/25/2025,Khushi Sridhar,West,Mumbai,Clothing,Shoes,Shoes Necessitatibus,1,62796,0,62796,12979,Credit Card,,
11705,12/28/2023,Riya Dhawan,North,Amritsar,Electronics,Smartwatch,Smartwatch Rerum,3,35808,10,96682,9240,Debit Card,,
11706,11/12/2023,Bhavin Chahal,West,Ahmedabad,Kitchen,Juicer,Juicer Vitae,1,62675,15,53274,2838,Net Banking,,
11707,4/26/2024,Shray Salvi,West,Goa,Groceries,Spices,Spices Nostrum,3,30204,10,81551,16619,COD,,
11708,12/31/2024,Pihu Gopal,North,Amritsar,Electronics,Smartwatch,Smartwatch Dolorum,3,4373,20,10495,1731,Debit Card,,
11709,8/24/2025,Siya Bhatt,West,Ahmedabad,Kitchen,Mixer Grinder,Mixer Grinder Neque,2,59417,0,118834,19244,UPI,,
11710,10/17/2024,Umang Saran,East,Guwahati,Clothing,Women's Wear,Women's Wear Pariatur,1,67171,10,60454,9287,UPI,,
11711,4/12/2024,Dhanush Kaul,West,Pune,Books,Fiction,Fiction Quisquam,4,31565,10,113634,11752,Credit Card,,
11712,6/3/2024,Heer Saini,South,Hyderabad,Clothing,Men's Wear,Men's Wear Ipsam,1,35100,15,29835,2153,Net Banking,,
11713,12/19/2023,Shlok Sarna,West,Goa,Books,Comics,Comics Iste,2,65407,15,111192,24561,Credit Card,,
11714,9/8/2025,Taran Setty,East,Patna,Clothing,Kids Wear,Kids Wear Fugit,1,19871,0,19871,1381,Debit Card,,
11715,8/12/2025,Kimaya Divan,West,Ahmedabad,Furniture,Bed,Bed Ullam,3,79930,0,239790,40315,Net Banking,,
11716,6/7/2024,Anahi Bail,North,Jaipur,Kitchen,Cookware Set,Cookware Set Ducimus,4,27694,15,94160,7837,UPI,,
11717,4/7/2025,Baiju Kakar,North,Delhi,Beauty,Perfume,Perfume Labore,3,75973,5,216523,30634,Debit Card,,
11718,9/27/2025,Arhaan Venkataraman,South,Thiruvananthapuram,Home Decor,Lamp,Lamp Quos,1,4952,20,3962,319,Debit Card,,
11719,9/19/2025,Anika Lanka,East,Ranchi,Kitchen,Refrigerator,Refrigerator Modi,1,11418,10,10276,707,Credit Card,,
11720,4/17/2024,Ranbir Tailor,West,Goa,Home Decor,Wall Art,Wall Art Aspernatur,1,21299,0,21299,3062,Credit Card,,
11721,8/5/2024,Dhanush Kothari,South,Chennai,Beauty,Face Cream,Face Cream Labore,3,32002,10,86405,12311,Net Banking,,
11722,4/19/2025,Stuvan Raman,East,Guwahati,Furniture,Table,Table Debitis,3,22224,20,53338,7881,Debit Card,,
11723,6/12/2024,Samarth Raval,North,Chandigarh,Furniture,Cabinet,Cabinet Dignissimos,3,45795,5,130516,22802,Net Banking,,
11724,6/30/2025,Shanaya Seshadri,West,Mumbai,Beauty,Perfume,Perfume Numquam,3,19952,10,53870,9809,COD,,
11725,10/23/2023,Inaaya  Cheema,South,Coimbatore,Toys,Doll,Doll Quia,2,21170,5,40223,5391,COD,,
11726,3/12/2025,Jivin Manne,South,Bangalore,Kitchen,Juicer,Juicer Harum,1,48597,0,48597,3777,UPI,,
11727,5/7/2025,Raunak Dalal,West,Pune,Electronics,Mobile,Mobile Aut,3,37237,0,111711,26905,UPI,,
11728,1/10/2024,Mannat Dugar,North,Lucknow,Home Decor,Clock,Clock Enim,5,66835,10,300758,47167,Debit Card,,
11729,7/11/2024,Myra Sharaf,East,Bhubaneswar,Electronics,Camera,Camera Quod,3,6082,10,16421,2105,COD,,
11730,10/2/2024,Dhanush Sandal,South,Hyderabad,Furniture,Table,Table Cum,2,39347,5,74759,4954,UPI,,
11731,9/23/2024,Lagan Bora,East,Guwahati,Home Decor,Cushion,Cushion Eligendi,5,79720,15,338810,56858,UPI,,
11732,12/4/2024,Samar Sant,North,Amritsar,Sports,Football,Football Qui,3,65579,10,177063,16632,COD,,
11733,5/17/2024,Anya Dyal,North,Lucknow,Books,Textbook,Textbook Debitis,4,70452,10,253627,43553,Net Banking,,
11734,5/27/2025,Dishani Sethi,North,Lucknow,Home Decor,Wall Art,Wall Art Amet,4,78577,10,282877,41965,UPI,,
11735,8/21/2025,Tanya Sha,North,Lucknow,Sports,Tennis Racket,Tennis Racket Commodi,4,1220,15,4148,1007,Debit Card,,
11736,8/1/2024,Gokul Bava,West,Surat,Toys,Doll,Doll Debitis,2,9079,15,15434,2682,Debit Card,,
11737,6/11/2024,Madhav Gandhi,North,Lucknow,Books,Biography,Biography Nam,3,8645,5,24638,5117,UPI,,
11738,5/23/2024,Jivin Shah,North,Chandigarh,Clothing,Men's Wear,Men's Wear Eum,3,35294,10,95294,12177,Credit Card,,
11739,2/2/2025,Zeeshan Sule,North,Delhi,Home Decor,Wall Art,Wall Art Quae,3,24777,15,63181,3552,COD,,
11740,11/25/2024,Parinaaz Dhingra,West,Goa,Kitchen,Cookware Set,Cookware Set Culpa,1,40154,15,34131,3337,Debit Card,,
11741,11/22/2023,Hrishita Yohannan,West,Surat,Kitchen,Microwave,Microwave Cumque,4,17598,20,56314,11499,Credit Card,,
11742,3/6/2024,Emir Vasa,South,Hyderabad,Groceries,Oil,Oil Fuga,2,18380,15,31246,6160,Credit Card,,
11743,7/21/2024,Saksham Lal,West,Mumbai,Home Decor,Vase,Vase Nihil,5,23101,10,103955,13413,Net Banking,,
11744,2/18/2024,Kimaya Aurora,North,Lucknow,Home Decor,Vase,Vase Adipisci,3,35662,10,96287,22652,Credit Card,,
11745,8/3/2025,Advika Sood,South,Thiruvananthapuram,Beauty,Foundation,Foundation Quisquam,5,65191,5,309657,52876,UPI,,
11746,9/2/2025,Keya Gupta,East,Kolkata,Kitchen,Mixer Grinder,Mixer Grinder Animi,3,68529,0,205587,29841,Net Banking,,
11747,2/27/2024,Onkar Bandi,North,Chandigarh,Electronics,Smartwatch,Smartwatch Illo,4,2174,20,6957,761,UPI,,
11748,12/11/2023,Darshit Iyengar,South,Coimbatore,Furniture,Chair,Chair Culpa,4,29786,5,113187,16560,Debit Card,,
11749,7/17/2024,Ehsaan Karpe,West,Surat,Clothing,Women's Wear,Women's Wear Eligendi,5,15192,0,75960,4292,UPI,,
11750,7/21/2025,Manikya Kumer,North,Lucknow,Beauty,Lipstick,Lipstick Facere,4,29286,10,105430,8293,COD,,
11751,9/26/2025,Samaira Rana,South,Chennai,Electronics,Mobile,Mobile Rem,2,26412,0,52824,5742,COD,,
11752,3/4/2024,Vedika Sridhar,East,Ranchi,Books,Biography,Biography Nihil,4,36828,0,147312,31263,Debit Card,,
11753,3/21/2025,Tejas Ramesh,East,Kolkata,Home Decor,Clock,Clock Corporis,2,10021,10,18038,1794,Credit Card,,
11754,2/21/2024,Kashvi Sabharwal,East,Ranchi,Clothing,Shoes,Shoes Architecto,3,29543,15,75335,13642,UPI,,
11755,1/11/2025,Emir Bhat,West,Mumbai,Sports,Football,Football Animi,2,49322,5,93712,16471,COD,,
11756,12/10/2024,Shanaya Sura,North,Jaipur,Electronics,Laptop,Laptop Reprehenderit,5,1349,0,6745,1631,UPI,,
11757,12/18/2023,Zaina Dora,East,Patna,Kitchen,Refrigerator,Refrigerator Ad,5,23772,0,118860,16062,Net Banking,,
11758,12/20/2023,Taran Bhandari,South,Coimbatore,Groceries,Sugar,Sugar Quaerat,1,45377,0,45377,4593,Net Banking,,
11759,3/3/2025,Kanav Hari,South,Bangalore,Electronics,Mobile,Mobile Debitis,1,28367,10,25530,5464,Debit Card,,
11760,8/7/2025,Farhan Saran,West,Ahmedabad,Beauty,Shampoo,Shampoo Molestias,5,62836,15,267053,64508,Net Banking,,
11761,4/30/2025,Reyansh Shan,East,Ranchi,Kitchen,Refrigerator,Refrigerator Doloribus,4,8239,5,31308,4765,COD,,
11762,10/24/2024,Dharmajan Doctor,East,Kolkata,Toys,Action Figure,Action Figure Deserunt,4,6178,10,22241,1545,Debit Card,,
11763,6/9/2024,Kiara Bhandari,West,Pune,Groceries,Rice,Rice Labore,3,56900,5,162165,25330,Net Banking,,
11764,10/1/2024,Mishti Halder,West,Pune,Clothing,Men's Wear,Men's Wear Incidunt,5,74469,15,316493,60045,Debit Card,,
11765,12/11/2023,Kartik Tella,East,Patna,Clothing,Shoes,Shoes Consectetur,1,47489,0,47489,5912,Credit Card,,
11766,3/16/2024,Hansh Randhawa,West,Ahmedabad,Furniture,Sofa,Sofa Animi,5,54566,0,272830,49265,COD,,
11767,3/7/2025,Samar Tripathi,South,Hyderabad,Kitchen,Juicer,Juicer Quisquam,4,62426,15,212248,37717,Credit Card,,
11768,7/27/2024,Dhanuk Rama,North,Lucknow,Sports,Yoga Mat,Yoga Mat Perferendis,2,43055,10,77499,13480,Credit Card,,
11769,9/30/2024,Ranbir Jain,East,Guwahati,Beauty,Face Cream,Face Cream Dolores,1,32958,20,26366,4228,Credit Card,,
11770,8/28/2024,Kashvi Zachariah,West,Surat,Home Decor,Lamp,Lamp Enim,4,22195,20,71024,7183,Debit Card,,
11771,4/22/2024,Faiyaz Saha,West,Pune,Home Decor,Wall Art,Wall Art A,5,69074,5,328102,47968,COD,,
11772,9/23/2024,Hazel Choudhury,North,Amritsar,Electronics,Laptop,Laptop Ea,4,19492,5,74070,7417,Debit Card,,
11773,10/2/2024,Vidur Zacharia,East,Guwahati,Electronics,Camera,Camera Dolore,1,37286,5,35422,1776,UPI,,
11774,1/25/2025,Hunar Savant,East,Ranchi,Kitchen,Cookware Set,Cookware Set Numquam,1,70842,10,63758,5162,Debit Card,,
11775,6/5/2025,Vedika Biswas,South,Chennai,Kitchen,Cookware Set,Cookware Set Saepe,2,77457,5,147168,36465,Net Banking,,
11776,6/28/2025,Shlok Ghose,South,Bangalore,Beauty,Perfume,Perfume Qui,3,25770,5,73445,10608,COD,,
11777,11/21/2023,Yasmin Sidhu,South,Hyderabad,Beauty,Lipstick,Lipstick Error,5,43315,10,194918,36019,COD,,
11778,11/28/2024,Nitya Amble,East,Bhubaneswar,Groceries,Spices,Spices Magni,3,41481,5,118221,27086,Debit Card,,
11779,3/20/2024,Nehmat Jhaveri,West,Pune,Clothing,Kids Wear,Kids Wear Vel,2,70132,5,133251,26250,UPI,,
11780,6/24/2025,Aradhya Choudhry,North,Chandigarh,Furniture,Sofa,Sofa Quisquam,3,64534,0,193602,40568,UPI,,
11781,9/9/2025,Shamik Korpal,North,Chandigarh,Furniture,Chair,Chair Impedit,1,29842,0,29842,2580,UPI,,
11782,5/3/2025,Jayant Sahni,East,Kolkata,Kitchen,Juicer,Juicer Aperiam,1,27937,5,26540,4014,Debit Card,,
11783,3/2/2025,Amani Sunder,West,Surat,Electronics,Headphones,Headphones Non,2,5195,15,8832,891,Credit Card,,
11784,5/6/2024,Anvi Sridhar,North,Jaipur,Books,Fiction,Fiction Quis,4,76358,15,259617,46079,COD,,
11785,6/6/2025,Saira Dyal,North,Chandigarh,Clothing,Women's Wear,Women's Wear Et,2,41704,15,70897,17619,UPI,,
11786,4/21/2024,Jayant Khatri,North,Chandigarh,Furniture,Sofa,Sofa Quod,2,15174,15,25796,2741,Debit Card,,
11787,9/6/2024,Yasmin Sur,North,Lucknow,Electronics,Mobile,Mobile Suscipit,4,26438,20,84602,8386,Credit Card,,
11788,1/20/2024,Lavanya Bora,West,Ahmedabad,Furniture,Sofa,Sofa Asperiores,5,43694,20,174776,8841,Net Banking,,
11789,9/9/2024,Kabir Hans,East,Patna,Beauty,Foundation,Foundation Officiis,4,42789,0,171156,13519,Credit Card,,
11790,2/13/2025,Kabir Deep,West,Ahmedabad,Toys,Doll,Doll Temporibus,3,20970,5,59765,5967,COD,,
11791,1/22/2025,Alisha Thaker,East,Guwahati,Books,Biography,Biography Impedit,2,6852,20,10963,1957,Debit Card,,
11792,5/11/2024,Yakshit Lall,North,Lucknow,Clothing,Men's Wear,Men's Wear Nobis,1,49258,5,46795,11139,Net Banking,,
11793,12/27/2023,Seher Chadha,North,Delhi,Toys,Action Figure,Action Figure Aut,1,60989,0,60989,4948,COD,,
11794,10/25/2023,Renee Zachariah,North,Lucknow,Furniture,Bed,Bed Tenetur,5,62338,5,296106,54529,Debit Card,,
11795,3/12/2025,Mishti Sant,East,Patna,Groceries,Sugar,Sugar Ratione,2,20957,10,37723,3664,UPI,,
11796,12/26/2024,Tushar Behl,South,Coimbatore,Clothing,Accessories,Accessories Sint,2,43221,20,69154,5670,COD,,
11797,1/12/2024,Aarna Shah,East,Kolkata,Electronics,Headphones,Headphones At,1,61848,0,61848,5579,COD,,
11798,4/28/2024,Manikya Gupta,North,Chandigarh,Books,Fiction,Fiction Eos,2,66724,10,120103,19913,COD,,
11799,1/12/2024,Rati Kapadia,East,Patna,Clothing,Men's Wear,Men's Wear Quis,2,47344,10,85219,6845,Credit Card,,
11800,7/22/2025,Lavanya Varma,North,Chandigarh,Beauty,Lipstick,Lipstick Rem,5,32392,10,145764,16625,COD,,
11801,11/23/2023,Taimur Mand,East,Guwahati,Electronics,Camera,Camera Enim,4,35583,0,142332,21316,COD,,
11802,3/5/2025,Miraan Ram,West,Surat,Clothing,Shoes,Shoes Quo,3,78762,0,236286,52845,Debit Card,,
11803,12/23/2024,Dhruv Sen,West,Pune,Electronics,Laptop,Laptop Itaque,1,52503,10,47253,9975,Net Banking,,
11804,10/17/2024,Lakshay Salvi,South,Bangalore,Furniture,Cabinet,Cabinet Sed,3,25534,15,65112,6437,Debit Card,,
11805,4/9/2025,Azad Handa,West,Surat,Electronics,Smartwatch,Smartwatch Omnis,5,48997,5,232736,27681,Net Banking,,
11806,8/3/2024,Adira Bir,West,Surat,Clothing,Men's Wear,Men's Wear Laborum,3,69771,15,177916,26218,COD,,
11807,8/25/2025,Nitara Chadha,East,Guwahati,Kitchen,Refrigerator,Refrigerator At,1,20801,20,16641,2573,COD,,
11808,3/17/2024,Samaira Vaidya,North,Jaipur,Furniture,Sofa,Sofa Ea,5,34862,20,139448,24703,Debit Card,,
11809,7/9/2024,Neysa Baral,North,Jaipur,Toys,Doll,Doll Tempore,5,20070,10,90315,5812,Debit Card,,
11810,7/17/2025,Akarsh Agarwal,West,Surat,Furniture,Chair,Chair Explicabo,4,76025,5,288895,16879,Debit Card,,
11811,1/12/2025,Zeeshan Sidhu,West,Surat,Furniture,Chair,Chair Perferendis,1,50455,5,47932,10324,COD,,
11812,4/8/2025,Devansh Agate,North,Chandigarh,Beauty,Lipstick,Lipstick Veniam,2,20137,15,34233,5035,UPI,,
11813,8/23/2024,Lavanya Mammen,North,Chandigarh,Groceries,Oil,Oil Ullam,1,22607,20,18086,2273,Credit Card,,
11814,6/6/2024,Saanvi Chacko,East,Guwahati,Clothing,Women's Wear,Women's Wear Vel,5,51172,10,230274,17085,Debit Card,,
11815,2/9/2025,Shayak Bath,South,Thiruvananthapuram,Electronics,Mobile,Mobile Nesciunt,1,54660,20,43728,7216,Credit Card,,
11816,8/7/2025,Shaan Badal,North,Chandigarh,Groceries,Rice,Rice Similique,4,3915,5,14877,2554,Credit Card,,
11817,9/29/2025,Mohanlal Grover,South,Chennai,Beauty,Lipstick,Lipstick Voluptatibus,3,43605,20,104652,6766,COD,,
11818,12/26/2024,Nirvaan Krishnan,West,Ahmedabad,Beauty,Face Cream,Face Cream Ea,1,64442,10,57998,5290,Debit Card,,
11819,4/19/2025,Anay Bhagat,East,Kolkata,Home Decor,Vase,Vase Sunt,5,38304,0,191520,40664,Debit Card,,
11820,10/18/2024,Neelofar Goswami,North,Delhi,Sports,Dumbbells,Dumbbells Ipsa,3,31712,20,76109,7332,Credit Card,,
11821,6/9/2024,Khushi Boase,East,Bhubaneswar,Electronics,Headphones,Headphones Neque,4,20329,0,81316,9938,Debit Card,,
11822,7/26/2025,Veer Bora,North,Chandigarh,Beauty,Lipstick,Lipstick Repellendus,1,55533,0,55533,10283,Debit Card,,
11823,9/15/2025,Jiya Gopal,South,Bangalore,Home Decor,Lamp,Lamp Fugit,4,11748,10,42293,7895,Credit Card,,
11824,5/9/2025,Akarsh Chauhan,East,Guwahati,Sports,Cricket Bat,Cricket Bat Possimus,1,36603,15,31113,2979,Credit Card,,
11825,5/29/2025,Ayesha Vasa,East,Patna,Beauty,Face Cream,Face Cream Ipsam,5,17593,10,79169,10614,UPI,,
11826,4/3/2025,Bhamini Devi,West,Pune,Clothing,Men's Wear,Men's Wear Excepturi,4,49156,15,167130,13429,COD,,
11827,8/9/2025,Yuvaan Toor,East,Bhubaneswar,Beauty,Face Cream,Face Cream Quia,1,69990,20,55992,12191,COD,,
11828,11/18/2023,Gatik Choudhry,West,Goa,Electronics,Smartwatch,Smartwatch Unde,1,15975,0,15975,1907,UPI,,
11829,4/11/2024,Akarsh Viswanathan,East,Bhubaneswar,Sports,Cricket Bat,Cricket Bat Molestiae,3,703,0,2109,523,Debit Card,,
11830,4/19/2025,Purab Shenoy,East,Kolkata,Furniture,Cabinet,Cabinet Nostrum,5,66702,20,266808,57998,Net Banking,,
11831,8/21/2024,Samarth Thakur,East,Ranchi,Clothing,Men's Wear,Men's Wear Eius,5,76759,10,345416,17880,Debit Card,,
11832,8/8/2025,Arhaan Basu,East,Patna,Electronics,Mobile,Mobile Quae,3,71820,10,193914,19363,Net Banking,,
11833,9/12/2025,Prisha Andra,East,Patna,Electronics,Camera,Camera Aperiam,3,24181,15,61662,6035,Net Banking,,
11834,7/30/2025,Vidur Hans,South,Hyderabad,Toys,Board Game,Board Game Nulla,4,60195,0,240780,14790,UPI,,
11835,9/5/2024,Inaaya  Borah,North,Chandigarh,Kitchen,Microwave,Microwave Illum,2,19243,20,30789,5286,Credit Card,,
11836,5/4/2025,Ahana  Yohannan,South,Coimbatore,Beauty,Perfume,Perfume Nihil,5,45145,5,214439,50724,Net Banking,,
11837,1/5/2025,Tanya Swamy,West,Pune,Beauty,Face Cream,Face Cream Excepturi,4,26100,0,104400,18021,COD,,
11838,2/9/2024,Onkar Keer,North,Lucknow,Toys,Doll,Doll Quisquam,4,30438,5,115664,7811,Credit Card,,
11839,8/1/2025,Mamooty Banik,West,Mumbai,Toys,Board Game,Board Game Aliquid,5,50296,10,226332,13421,Credit Card,,
11840,2/28/2025,Kashvi Bir,East,Patna,Clothing,Shoes,Shoes Aliquam,1,63288,15,53795,9995,COD,,
11841,10/31/2023,Hansh Sundaram,South,Hyderabad,Toys,Doll,Doll Odio,4,71030,5,269914,65934,Net Banking,,
11842,10/11/2023,Yuvraj  Manda,South,Bangalore,Clothing,Men's Wear,Men's Wear Saepe,5,75726,20,302904,32229,Net Banking,,
11843,9/26/2025,Ranbir Srinivasan,South,Coimbatore,Toys,Doll,Doll Nemo,1,20686,5,19652,3465,Debit Card,,
11844,11/11/2023,Abram Badal,South,Chennai,Kitchen,Juicer,Juicer Quas,5,73393,20,293572,37545,Credit Card,,
11845,2/17/2025,Alisha Basak,East,Guwahati,Beauty,Foundation,Foundation Magnam,4,27500,15,93500,13146,Debit Card,,
11846,7/27/2025,Taimur Bhardwaj,South,Bangalore,Electronics,Laptop,Laptop Consectetur,1,64643,5,61411,13219,Net Banking,,
11847,11/30/2023,Myra Bhatt,East,Patna,Toys,Doll,Doll Labore,3,72191,10,194916,21472,Net Banking,,
11848,3/21/2024,Zoya Reddy,North,Chandigarh,Beauty,Lipstick,Lipstick Iure,2,41905,5,79620,8370,UPI,,
11849,4/10/2024,Charvi Balasubramanian,North,Jaipur,Home Decor,Lamp,Lamp Voluptatibus,5,69536,10,312912,52683,COD,,
11850,6/21/2024,Dhanuk Raja,South,Thiruvananthapuram,Books,Non-Fiction,Non-Fiction Dicta,1,18563,20,14850,3463,Debit Card,,
11851,11/23/2024,Anaya Sridhar,East,Kolkata,Books,Biography,Biography Dignissimos,3,35613,20,85471,19381,UPI,,
11852,6/5/2024,Raghav Chada,South,Bangalore,Clothing,Accessories,Accessories Exercitationem,5,19507,5,92658,22299,Credit Card,,
11853,1/8/2024,Trisha Gandhi,North,Jaipur,Home Decor,Clock,Clock Fuga,4,25807,20,82582,9531,Net Banking,,
11854,3/4/2025,Akarsh Shanker,West,Ahmedabad,Furniture,Chair,Chair Quibusdam,2,58550,5,111245,25389,Debit Card,,
11855,4/26/2024,Sahil Hegde,North,Delhi,Beauty,Perfume,Perfume Quos,3,56821,10,153417,18309,Credit Card,,
11856,1/8/2024,Aarush Gupta,North,Amritsar,Beauty,Perfume,Perfume Eligendi,4,35223,20,112714,17154,UPI,,
11857,12/5/2024,Veer Sharaf,West,Ahmedabad,Electronics,Camera,Camera Et,1,1808,15,1537,224,Debit Card,,
11858,4/1/2025,Nitara Krish,East,Ranchi,Beauty,Shampoo,Shampoo Nihil,2,39244,20,62790,12979,Credit Card,,
11859,4/1/2025,Yasmin Ratta,South,Coimbatore,Sports,Dumbbells,Dumbbells Amet,1,41913,20,33530,2572,COD,,
11860,7/27/2024,Nakul Agarwal,South,Coimbatore,Home Decor,Lamp,Lamp Aliquid,3,15521,5,44235,10642,Credit Card,,
11861,7/15/2024,Miraan Goda,East,Patna,Home Decor,Vase,Vase Dolorem,2,67530,5,128307,17731,Debit Card,,
11862,7/5/2024,Aayush Dass,South,Bangalore,Clothing,Shoes,Shoes Dolorum,3,22539,15,57474,9466,Debit Card,,
11863,3/14/2024,Vritika Bhalla,East,Bhubaneswar,Toys,Board Game,Board Game Accusantium,3,66499,5,189522,45137,Credit Card,,
11864,12/14/2023,Taimur Mall,South,Coimbatore,Kitchen,Juicer,Juicer Odio,1,23237,0,23237,3227,UPI,,
11865,9/23/2024,Vedika Dave,South,Thiruvananthapuram,Kitchen,Microwave,Microwave Itaque,3,39248,15,100082,6031,COD,,
11866,1/24/2024,Krish Deshpande,West,Mumbai,Clothing,Men's Wear,Men's Wear Cumque,1,17022,20,13618,1112,Net Banking,,
11867,7/24/2024,Uthkarsh Batta,West,Surat,Groceries,Oil,Oil Reiciendis,3,76417,5,217788,11120,UPI,,
11868,2/7/2024,Azad Baral,North,Jaipur,Groceries,Rice,Rice Quas,5,18794,20,75176,6252,Net Banking,,
11869,9/18/2025,Baiju Thakur,North,Delhi,Beauty,Perfume,Perfume Natus,4,28073,15,95448,6677,Credit Card,,
11870,8/12/2025,Shamik Badal,West,Mumbai,Sports,Yoga Mat,Yoga Mat Voluptate,3,33253,5,94771,5250,Credit Card,,
11871,9/7/2025,Vardaniya Dave,North,Lucknow,Furniture,Sofa,Sofa Dolor,4,563,0,2252,338,Net Banking,,
11872,7/20/2024,Shray Sastry,South,Hyderabad,Kitchen,Juicer,Juicer Libero,2,28228,0,56456,3886,Net Banking,,
11873,6/4/2025,Priyansh Dhingra,South,Hyderabad,Furniture,Chair,Chair Iure,1,59311,20,47449,3560,Net Banking,,
11874,11/22/2024,Indranil Batta,West,Goa,Groceries,Spices,Spices Et,2,36625,20,58600,8408,Credit Card,,
11875,1/29/2025,Hazel Kunda,North,Lucknow,Furniture,Table,Table Ipsa,5,6695,5,31801,6994,UPI,,
11876,12/11/2024,Rasha Seshadri,West,Surat,Beauty,Face Cream,Face Cream Occaecati,1,49130,20,39304,9688,COD,,
11877,9/24/2025,Ivan Ramesh,East,Patna,Toys,Action Figure,Action Figure Odit,3,62967,15,160566,32719,Credit Card,,
11878,12/17/2023,Ahana  Kumar,North,Delhi,Groceries,Spices,Spices Earum,3,45575,20,109380,5927,Net Banking,,
11879,12/2/2024,Drishya Cheema,South,Coimbatore,Groceries,Oil,Oil Debitis,1,42535,10,38282,7876,Debit Card,,
11880,8/3/2024,Emir Sastry,South,Hyderabad,Toys,Doll,Doll Eos,3,62542,20,150101,28260,Debit Card,,
11881,11/19/2023,Aaina Comar,North,Jaipur,Electronics,Laptop,Laptop Quibusdam,4,46724,5,177551,43134,Debit Card,,
11882,8/11/2025,Trisha Bora,East,Kolkata,Kitchen,Microwave,Microwave Optio,5,14265,15,60626,13804,COD,,
11883,3/6/2025,Miraan Mahajan,North,Jaipur,Books,Non-Fiction,Non-Fiction Soluta,3,58902,5,167871,13692,Credit Card,,
11884,10/8/2024,Purab Batta,South,Chennai,Groceries,Oil,Oil Pariatur,4,33323,20,106634,10159,Credit Card,,
11885,9/8/2025,Sahil Bhatti,South,Coimbatore,Groceries,Rice,Rice Aut,1,28781,0,28781,3126,Debit Card,,
11886,10/1/2025,Advik Chaudhuri,South,Hyderabad,Groceries,Oil,Oil Vel,5,75768,15,322014,19696,Net Banking,,
11887,5/27/2025,Zaina Dua,South,Thiruvananthapuram,Groceries,Rice,Rice Ut,1,46661,20,37329,4374,COD,,
11888,4/5/2024,Pari Kalita,East,Guwahati,Sports,Football,Football Molestiae,3,9234,10,24932,2441,UPI,,
11889,7/17/2024,Zain Brar,North,Delhi,Furniture,Cabinet,Cabinet Id,1,18288,20,14630,1675,Debit Card,,
11890,8/18/2025,Lakshay Bobal,West,Goa,Home Decor,Lamp,Lamp Quae,5,72569,5,344703,34712,COD,,
11891,2/4/2025,Armaan Sankaran,North,Chandigarh,Sports,Football,Football Provident,3,21214,15,54096,2906,UPI,,
11892,9/3/2025,Lakshit Jha,North,Delhi,Groceries,Sugar,Sugar Magni,5,21669,0,108345,17017,Debit Card,,
11893,11/4/2023,Anay Ratti,West,Mumbai,Kitchen,Juicer,Juicer Sit,1,69671,10,62704,12713,Debit Card,,
11894,9/14/2025,Siya Malhotra,South,Chennai,Furniture,Table,Table Eius,2,29652,0,59304,10543,Debit Card,,
11895,11/17/2024,Fateh Dhar,West,Surat,Home Decor,Clock,Clock At,2,11885,20,19016,4633,Debit Card,,
11896,3/25/2025,Anahita Sampath,West,Ahmedabad,Kitchen,Cookware Set,Cookware Set Beatae,1,70870,10,63783,15237,UPI,,
11897,3/11/2025,Arnav Shanker,West,Ahmedabad,Sports,Football,Football Et,2,33866,20,54186,8205,UPI,,
11898,9/3/2025,Mahika Char,West,Ahmedabad,Books,Textbook,Textbook Consequuntur,2,36661,20,58658,10719,COD,,
11899,6/12/2024,Azad Comar,South,Coimbatore,Groceries,Wheat,Wheat Fugit,2,4163,5,7910,1750,Debit Card,,
11900,1/1/2025,Renee Balakrishnan,North,Amritsar,Home Decor,Clock,Clock Sed,3,12006,5,34217,5128,UPI,,
11901,3/4/2025,Nishith Das,North,Lucknow,Home Decor,Vase,Vase Tenetur,1,33317,0,33317,1943,COD,,
11902,7/29/2025,Aarav Choudhry,North,Lucknow,Clothing,Accessories,Accessories Ipsum,4,44656,5,169693,14287,Credit Card,,
11903,6/6/2024,Tiya Kannan,East,Kolkata,Groceries,Spices,Spices Voluptates,2,25209,5,47897,6336,Net Banking,,
11904,7/19/2024,Aaina Vasa,East,Patna,Sports,Dumbbells,Dumbbells Suscipit,1,31183,15,26506,3839,Debit Card,,
11905,2/28/2024,Anya Goyal,South,Thiruvananthapuram,Books,Fiction,Fiction Facere,1,67256,5,63893,11117,Net Banking,,
11906,10/19/2023,Zeeshan Roy,West,Goa,Kitchen,Cookware Set,Cookware Set Autem,5,44343,5,210629,21870,UPI,,
11907,8/26/2024,Onkar Bail,East,Guwahati,Electronics,Camera,Camera Nobis,4,54532,5,207222,45485,UPI,,
11908,3/11/2024,Adah Basak,North,Lucknow,Books,Non-Fiction,Non-Fiction Quo,3,73480,20,176352,35659,Debit Card,,
11909,1/4/2024,Ira Ray,North,Jaipur,Toys,Doll,Doll Debitis,3,44101,5,125688,22363,Net Banking,,
11910,2/16/2024,Kimaya Ratta,West,Ahmedabad,Books,Fiction,Fiction Amet,5,2099,5,9970,791,Net Banking,,
11911,4/21/2024,Eshani Kala,North,Delhi,Groceries,Oil,Oil Fugiat,4,28663,5,108919,14287,COD,,
11912,1/19/2025,Heer Ghosh,South,Coimbatore,Furniture,Sofa,Sofa Ex,4,49615,10,178614,26419,COD,,
11913,8/15/2024,Ritvik Bajaj,North,Lucknow,Beauty,Shampoo,Shampoo Qui,5,52822,15,224494,13876,COD,,
11914,8/9/2024,Zoya Kashyap,West,Pune,Sports,Football,Football Magni,2,10340,0,20680,3091,COD,,
11915,5/3/2024,Pranay Sarma,North,Jaipur,Groceries,Spices,Spices Corporis,1,2782,20,2226,263,Credit Card,,
11916,6/1/2025,Khushi Chad,North,Delhi,Toys,Doll,Doll Quasi,4,78165,15,265761,39305,Net Banking,,
11917,9/27/2024,Jayant Khurana,East,Bhubaneswar,Furniture,Sofa,Sofa Perspiciatis,5,71677,0,358385,44018,UPI,,
11918,6/13/2025,Navya Raval,East,Bhubaneswar,Groceries,Spices,Spices Laudantium,2,4535,0,9070,1769,Credit Card,,
11919,2/13/2025,Nitara Mani,North,Lucknow,Home Decor,Wall Art,Wall Art Similique,4,12570,15,42738,5354,UPI,,
11920,9/22/2025,Dhanush Dani,South,Chennai,Clothing,Kids Wear,Kids Wear Sapiente,1,10976,20,8781,2062,UPI,,
11921,4/8/2024,Kiaan Luthra,North,Amritsar,Furniture,Bed,Bed Corrupti,4,49298,20,157754,17600,COD,,
11922,2/25/2025,Jayant Sandal,East,Guwahati,Beauty,Foundation,Foundation Deleniti,2,19780,15,33626,4094,UPI,,
11923,2/25/2025,Ivana Bail,East,Kolkata,Furniture,Table,Table Aliquam,5,7327,5,34803,3478,Net Banking,,
11924,8/17/2025,Samar Bose,North,Lucknow,Books,Textbook,Textbook Praesentium,4,2684,0,10736,1917,COD,,
11925,10/18/2024,Shray Hora,West,Goa,Kitchen,Juicer,Juicer Nostrum,4,18853,20,60330,14570,Net Banking,,
11926,3/3/2024,Divij Bawa,East,Bhubaneswar,Groceries,Spices,Spices Hic,5,9519,5,45215,3433,Debit Card,,
11927,8/8/2024,Hansh Bal,South,Chennai,Toys,Board Game,Board Game Quidem,2,49354,0,98708,19972,UPI,,
11928,4/16/2024,Hazel Shanker,South,Bangalore,Kitchen,Refrigerator,Refrigerator Officia,3,78566,15,200343,15779,Net Banking,,
11929,12/4/2024,Farhan Bhatti,North,Lucknow,Books,Textbook,Textbook Dolore,1,74231,20,59385,4117,Credit Card,,
11930,6/14/2025,Vaibhav Chaudhari,South,Coimbatore,Furniture,Bed,Bed Quaerat,2,11243,0,22486,2266,Net Banking,,
11931,9/3/2024,Purab Chaudhari,North,Amritsar,Groceries,Spices,Spices Pariatur,3,26265,0,78795,13932,Credit Card,,
11932,3/13/2025,Shray Date,South,Chennai,Groceries,Sugar,Sugar Quisquam,1,19192,0,19192,3002,Debit Card,,
11933,1/18/2025,Kanav Mander,North,Delhi,Clothing,Kids Wear,Kids Wear Enim,5,13658,10,61461,13012,UPI,,
11934,4/28/2025,Ryan Gera,East,Guwahati,Toys,Puzzle,Puzzle Cupiditate,2,40023,10,72041,14845,COD,,
11935,8/3/2025,Kiara Sarma,South,Bangalore,Books,Biography,Biography Tempora,5,37719,10,169736,33451,UPI,,
11936,4/2/2025,Lagan Chatterjee,North,Lucknow,Books,Biography,Biography Aliquam,3,72335,10,195305,32369,Credit Card,,
11937,3/13/2025,Krish Wable,East,Bhubaneswar,Electronics,Smartwatch,Smartwatch Voluptate,4,9586,10,34510,6229,Credit Card,,
11938,1/8/2024,Kismat Tara,South,Chennai,Sports,Yoga Mat,Yoga Mat Totam,2,69109,15,117485,27955,COD,,
11939,12/19/2024,Ranbir Dada,West,Mumbai,Sports,Dumbbells,Dumbbells Aperiam,4,26276,15,89338,4923,Credit Card,,
11940,6/8/2025,Yuvraj  Hayre,North,Amritsar,Home Decor,Lamp,Lamp Sit,5,36039,10,162176,30401,Net Banking,,
11941,1/25/2024,Vanya Bhavsar,South,Bangalore,Electronics,Headphones,Headphones Et,4,33905,20,108496,23988,Debit Card,,
11942,2/16/2025,Jivin Dara,West,Surat,Toys,RC Car,RC Car Quaerat,4,4623,10,16643,878,Net Banking,,
11943,12/3/2024,Keya Biswas,West,Mumbai,Beauty,Lipstick,Lipstick Eos,3,29871,10,80652,5187,COD,,
11944,4/11/2024,Aradhya Borah,North,Amritsar,Books,Non-Fiction,Non-Fiction Pariatur,4,14894,10,53618,5274,Credit Card,,
11945,12/26/2024,Taran Anand,South,Coimbatore,Furniture,Chair,Chair Excepturi,1,71238,20,56990,8632,COD,,
11946,4/29/2025,Anay Anand,North,Jaipur,Groceries,Spices,Spices Quae,4,22317,15,75878,15650,Credit Card,,
11947,1/13/2025,Tarini Kuruvilla,East,Guwahati,Electronics,Smartwatch,Smartwatch Numquam,3,5408,20,12979,801,Debit Card,,
11948,6/10/2025,Veer Basu,North,Amritsar,Books,Biography,Biography Quibusdam,5,71043,5,337454,69191,Debit Card,,
11949,12/8/2023,Anya Karpe,North,Chandigarh,Kitchen,Cookware Set,Cookware Set Beatae,3,39343,0,118029,19795,COD,,
11950,3/16/2024,Mamooty Bhat,North,Jaipur,Beauty,Lipstick,Lipstick Aut,4,44419,10,159908,11870,Net Banking,,
11951,8/28/2024,Devansh Lad,North,Jaipur,Home Decor,Clock,Clock Debitis,4,23082,10,83095,11243,UPI,,
11952,7/10/2025,Adah Chhabra,East,Bhubaneswar,Toys,Action Figure,Action Figure Quos,1,27037,20,21630,5064,Credit Card,,
11953,11/18/2024,Rasha Bora,North,Chandigarh,Books,Textbook,Textbook Soluta,5,70647,5,335573,18607,COD,,
11954,6/1/2025,Shlok Dalal,North,Jaipur,Beauty,Perfume,Perfume Deserunt,1,60017,10,54015,8448,UPI,,
11955,4/2/2024,Hiran Gole,East,Patna,Furniture,Bed,Bed Alias,2,33562,5,63768,11910,Debit Card,,
11956,8/31/2024,Hridaan Dugal,West,Goa,Clothing,Shoes,Shoes Odio,4,71751,0,287004,23632,COD,,
11957,9/6/2024,Seher Lall,West,Mumbai,Furniture,Table,Table Soluta,1,39397,0,39397,8560,UPI,,
11958,11/2/2023,Nishith Srinivas,East,Guwahati,Sports,Yoga Mat,Yoga Mat Harum,4,13045,5,49571,8195,COD,,
11959,12/29/2023,Damini Bhatti,North,Lucknow,Kitchen,Microwave,Microwave Possimus,2,12469,10,22444,1748,Credit Card,,
11960,2/28/2024,Kanav Srinivas,North,Amritsar,Kitchen,Cookware Set,Cookware Set Incidunt,1,11182,15,9505,1020,COD,,
11961,3/17/2025,Shamik Varughese,North,Delhi,Books,Textbook,Textbook Veritatis,1,15722,0,15722,3740,Credit Card,,
11962,6/28/2025,Anya Bedi,West,Surat,Clothing,Men's Wear,Men's Wear Itaque,1,71414,10,64273,15073,Credit Card,,
11963,2/10/2024,Zaina Sibal,East,Ranchi,Sports,Tennis Racket,Tennis Racket Vitae,3,63450,0,190350,40629,Credit Card,,
11964,5/15/2025,Lagan Doctor,West,Ahmedabad,Clothing,Men's Wear,Men's Wear Quasi,4,70267,5,267015,32752,Net Banking,,
11965,9/6/2025,Veer Ghosh,West,Ahmedabad,Kitchen,Mixer Grinder,Mixer Grinder Quis,1,55661,20,44529,7784,Net Banking,,
11966,12/7/2023,Umang Sood,West,Mumbai,Furniture,Sofa,Sofa Qui,4,32435,10,116766,14779,Net Banking,,
11967,4/18/2024,Nitya Amble,South,Chennai,Furniture,Table,Table Voluptate,1,52961,0,52961,12025,Credit Card,,
11968,5/30/2024,Biju Kadakia,West,Surat,Furniture,Sofa,Sofa Quam,2,52166,10,93899,5784,UPI,,
11969,7/2/2025,Badal Dey,West,Goa,Toys,Action Figure,Action Figure Iste,3,7681,15,19587,4319,UPI,,
11970,9/18/2025,Advik Ramesh,East,Ranchi,Groceries,Rice,Rice Exercitationem,2,1301,20,2082,134,Debit Card,,
11971,12/7/2023,Keya Iyer,South,Bangalore,Clothing,Women's Wear,Women's Wear Asperiores,1,17080,20,13664,2635,UPI,,
11972,2/27/2024,Amira Dayal,East,Kolkata,Home Decor,Cushion,Cushion Similique,3,19834,0,59502,11272,COD,,
11973,7/10/2024,Rhea Loke,North,Lucknow,Books,Comics,Comics Quia,4,59456,15,202150,13460,Credit Card,,
11974,9/21/2024,Nirvi Lata,East,Guwahati,Books,Biography,Biography Accusamus,2,32510,15,55267,11807,Debit Card,,
11975,12/18/2024,Tarini Sura,South,Hyderabad,Books,Biography,Biography Corporis,2,64090,10,115362,6164,UPI,,
11976,7/11/2024,Pihu Tiwari,East,Kolkata,Beauty,Shampoo,Shampoo Possimus,2,40984,5,77870,13675,Net Banking,,
11977,7/20/2024,Ryan Bhalla,East,Kolkata,Books,Fiction,Fiction Blanditiis,4,8348,5,31722,1879,COD,,
11978,12/31/2023,Nayantara Wali,North,Chandigarh,Electronics,Headphones,Headphones Est,5,17971,0,89855,19466,Net Banking,,
11979,3/2/2024,Shayak Hans,West,Goa,Kitchen,Refrigerator,Refrigerator Voluptatibus,4,24557,5,93317,20910,Debit Card,,
11980,10/1/2025,Aradhya Raju,West,Pune,Clothing,Kids Wear,Kids Wear Molestiae,2,3464,10,6235,1298,Debit Card,,
11981,1/22/2024,Riya Acharya,North,Delhi,Books,Biography,Biography Modi,5,33302,5,158185,25831,COD,,
11982,12/23/2023,Navya Bhardwaj,North,Chandigarh,Home Decor,Vase,Vase Quo,4,49278,20,157690,24925,Debit Card,,
11983,7/18/2024,Lagan Lata,South,Hyderabad,Electronics,Mobile,Mobile Error,2,46501,20,74402,6366,Debit Card,,
11984,10/25/2024,Devansh Krish,North,Amritsar,Sports,Tennis Racket,Tennis Racket Neque,4,1290,15,4386,357,UPI,,
11985,9/9/2025,Lagan Gill,North,Chandigarh,Sports,Dumbbells,Dumbbells Veritatis,1,5808,0,5808,396,Debit Card,,
11986,12/30/2024,Mamooty Tata,South,Coimbatore,Groceries,Sugar,Sugar Reprehenderit,3,11177,20,26825,6147,Debit Card,,
11987,1/12/2025,Samarth Sangha,East,Kolkata,Toys,RC Car,RC Car Fugiat,5,5730,10,25785,3229,Net Banking,,
11988,1/7/2025,Adira Boase,North,Amritsar,Electronics,Camera,Camera Quod,2,59430,15,101031,15449,Net Banking,,
11989,12/14/2023,Ritvik Kumar,West,Surat,Toys,Puzzle,Puzzle Placeat,4,72871,15,247761,50949,Net Banking,,
11990,1/11/2025,Indrajit Mall,South,Hyderabad,Toys,Puzzle,Puzzle Commodi,3,78303,20,187927,20657,UPI,,
11991,2/13/2024,Yuvraj  Behl,South,Coimbatore,Sports,Dumbbells,Dumbbells Exercitationem,5,66271,10,298220,52820,Debit Card,,
11992,1/17/2024,Alisha Mann,East,Patna,Clothing,Kids Wear,Kids Wear Vitae,4,8537,20,27318,4599,UPI,,
11993,3/19/2024,Vardaniya Bhalla,West,Mumbai,Groceries,Spices,Spices Vero,3,58993,0,176979,25699,Net Banking,,
11994,3/27/2024,Diya Dhillon,East,Bhubaneswar,Kitchen,Mixer Grinder,Mixer Grinder Minus,1,15496,20,12397,916,Credit Card,,
11995,9/11/2024,Divij Vyas,West,Mumbai,Home Decor,Lamp,Lamp Exercitationem,4,67203,5,255371,24419,UPI,,
11996,4/2/2025,Kartik Subramaniam,South,Coimbatore,Clothing,Kids Wear,Kids Wear Voluptatem,1,26544,15,22562,4482,Credit Card,,
11997,7/21/2025,Madhup Sachar,South,Coimbatore,Books,Non-Fiction,Non-Fiction Voluptas,2,59533,10,107159,22780,UPI,,
11998,4/24/2024,Saksham Bhakta,North,Delhi,Toys,Doll,Doll Aspernatur,1,70606,10,63545,9291,UPI,,
11999,6/11/2024,Armaan Kale,West,Ahmedabad,Home Decor,Lamp,Lamp Animi,3,71976,10,194335,40185,COD,,
12000,12/6/2023,Aayush Gill,West,Mumbai,Clothing,Kids Wear,Kids Wear Nemo,4,49170,10,177012,25877,UPI,,
12001,7/21/2024,Alisha Bahri,South,Chennai,Beauty,Perfume,Perfume Officia,5,17746,0,88730,13746,Net Banking,,
12002,7/11/2024,Raghav Biswas,North,Jaipur,Beauty,Lipstick,Lipstick Nam,1,60158,20,48126,5161,Net Banking,,
12003,9/23/2024,Sara Majumdar,East,Bhubaneswar,Groceries,Wheat,Wheat Repellendus,3,23063,0,69189,13824,Credit Card,,
12004,2/22/2025,Seher Dugal,East,Kolkata,Groceries,Oil,Oil Magni,3,53346,5,152036,34819,UPI,,
12005,9/21/2025,Ritvik Thaker,North,Jaipur,Electronics,Headphones,Headphones Illo,5,72758,10,327411,50383,Net Banking,,
12006,11/2/2024,Lakshit Varma,South,Hyderabad,Toys,Board Game,Board Game Repudiandae,1,68469,20,54775,7708,COD,,
12007,2/16/2025,Anahi Gaba,North,Chandigarh,Home Decor,Wall Art,Wall Art Adipisci,2,30269,20,48430,11646,Debit Card,,
12008,11/3/2023,Faiyaz Soni,North,Delhi,Beauty,Perfume,Perfume Deserunt,4,62112,5,236026,17099,UPI,,
12009,5/1/2025,Rati Buch,South,Thiruvananthapuram,Sports,Cricket Bat,Cricket Bat In,5,24115,5,114546,17747,COD,,
12010,2/9/2024,Vedika Wagle,South,Chennai,Home Decor,Vase,Vase Ex,4,45944,5,174587,23685,UPI,,
12011,11/7/2024,Lakshit Bala,West,Ahmedabad,Furniture,Table,Table Cupiditate,4,58858,0,235432,42511,Debit Card,,
12012,5/17/2024,Shaan Bera,South,Thiruvananthapuram,Home Decor,Lamp,Lamp Sapiente,4,36627,10,131857,29931,UPI,,
12013,9/18/2025,Hrishita Sibal,West,Pune,Kitchen,Juicer,Juicer Voluptates,1,34368,5,32650,3499,UPI,,
12014,4/8/2024,Jivika Shukla,West,Surat,Beauty,Shampoo,Shampoo Accusantium,2,32220,20,51552,12762,COD,,
12015,4/17/2024,Ela Dua,East,Ranchi,Clothing,Kids Wear,Kids Wear Ex,2,18505,5,35160,7773,Credit Card,,
12016,5/18/2025,Diya Sibal,South,Coimbatore,Kitchen,Juicer,Juicer Ratione,2,41747,20,66795,14777,Net Banking,,
12017,8/31/2024,Dharmajan Hayer,North,Jaipur,Clothing,Accessories,Accessories Minima,5,70650,15,300263,15685,Credit Card,,
12018,1/27/2024,Anay Sastry,South,Coimbatore,Home Decor,Vase,Vase Illo,1,53261,15,45272,3147,COD,,
12019,6/17/2024,Ira Varkey,North,Jaipur,Toys,RC Car,RC Car Labore,3,4334,20,10402,2317,Debit Card,,
12020,3/21/2025,Dishani Dugar,North,Amritsar,Sports,Dumbbells,Dumbbells Aliquid,5,42957,15,182567,15612,Debit Card,,
12021,5/2/2025,Anvi Srinivasan,West,Surat,Kitchen,Mixer Grinder,Mixer Grinder Non,5,3244,10,14598,3173,Credit Card,,
12022,10/1/2025,Samiha Sanghvi,West,Mumbai,Furniture,Table,Table Perferendis,2,8401,15,14282,2481,COD,,
12023,5/3/2025,Hazel Sundaram,North,Amritsar,Toys,Action Figure,Action Figure Exercitationem,2,55717,20,89147,8305,COD,,
12024,12/25/2023,Ivana Sankaran,West,Ahmedabad,Sports,Dumbbells,Dumbbells Voluptatem,1,12463,0,12463,2374,UPI,,
12025,10/10/2023,Divij Tara,East,Patna,Clothing,Women's Wear,Women's Wear Impedit,3,48250,0,144750,33955,COD,,
12026,11/16/2024,Vidur Khanna,South,Bangalore,Sports,Dumbbells,Dumbbells Soluta,1,18572,15,15786,3124,UPI,,
12027,10/29/2024,Gokul Baral,North,Delhi,Electronics,Headphones,Headphones Incidunt,4,64001,10,230404,36782,Credit Card,,
12028,12/16/2023,Ivan Sharaf,West,Surat,Furniture,Bed,Bed Dolores,1,70622,0,70622,7829,Credit Card,,
12029,1/5/2024,Raunak Kar,South,Thiruvananthapuram,Beauty,Face Cream,Face Cream Esse,1,1544,5,1467,97,Credit Card,,
12030,1/24/2025,Armaan Bhalla,North,Chandigarh,Clothing,Shoes,Shoes Praesentium,1,58479,10,52631,3786,UPI,,
12031,9/20/2024,Aarna Sha,West,Surat,Groceries,Rice,Rice Nobis,5,75993,0,379965,64504,COD,,
12032,11/11/2023,Vanya Joshi,North,Lucknow,Books,Textbook,Textbook Soluta,3,31894,15,81330,18781,Net Banking,,
12033,10/27/2024,Pari Basak,West,Goa,Kitchen,Refrigerator,Refrigerator Minima,3,71258,20,171019,28222,COD,,
12034,8/4/2025,Chirag Chaudhry,North,Amritsar,Sports,Football,Football Optio,4,21950,5,83410,14277,COD,,
12035,8/29/2024,Purab Bala,North,Chandigarh,Clothing,Men's Wear,Men's Wear Illum,5,54657,10,245957,60079,UPI,,
12036,1/21/2024,Pari Sundaram,South,Thiruvananthapuram,Books,Biography,Biography A,5,28722,5,136430,20182,UPI,,
12037,6/7/2025,Jivin Sridhar,West,Goa,Clothing,Men's Wear,Men's Wear At,2,48585,5,92312,9970,Net Banking,,
12038,1/23/2024,Purab Yohannan,North,Lucknow,Groceries,Sugar,Sugar Ipsam,3,76089,5,216854,53712,Credit Card,,
12039,8/21/2025,Kimaya Sanghvi,East,Bhubaneswar,Furniture,Cabinet,Cabinet Ducimus,3,27455,15,70010,6127,Debit Card,,
12040,7/17/2025,Ivana Bobal,South,Coimbatore,Beauty,Lipstick,Lipstick Ex,1,15713,0,15713,3341,Net Banking,,
12041,6/6/2025,Yakshit Sidhu,South,Thiruvananthapuram,Clothing,Men's Wear,Men's Wear Fugit,3,4084,5,11639,1430,COD,,
12042,4/13/2024,Baiju Madan,South,Hyderabad,Furniture,Bed,Bed Blanditiis,5,48454,15,205930,27568,COD,,
12043,7/2/2024,Aayush Bassi,East,Ranchi,Books,Non-Fiction,Non-Fiction Inventore,5,10529,0,52645,10728,Net Banking,,
12044,12/3/2023,Khushi Guha,North,Chandigarh,Groceries,Rice,Rice Culpa,5,19998,0,99990,9342,Net Banking,,
12045,12/30/2024,Priyansh Kade,East,Bhubaneswar,Clothing,Shoes,Shoes Accusamus,5,69794,0,348970,61507,UPI,,
12046,8/22/2025,Dhanush Chand,South,Bangalore,Groceries,Sugar,Sugar Itaque,1,51498,15,43773,6146,Debit Card,,
12047,10/18/2023,Fateh Bakshi,South,Hyderabad,Beauty,Perfume,Perfume Optio,1,47301,20,37841,2687,Net Banking,,
12048,5/9/2024,Anahita Jaggi,North,Amritsar,Groceries,Wheat,Wheat Accusantium,2,18605,0,37210,3316,Debit Card,,
12049,5/12/2025,Saira Hegde,South,Coimbatore,Beauty,Foundation,Foundation Praesentium,1,38419,5,36498,4524,UPI,,
12050,12/4/2023,Bhavin Chanda,West,Surat,Beauty,Face Cream,Face Cream Harum,5,42020,10,189090,43030,Credit Card,,
12051,7/23/2024,Ritvik Dugal,South,Chennai,Books,Non-Fiction,Non-Fiction Unde,1,2469,0,2469,438,Net Banking,,
12052,9/26/2025,Trisha Raval,East,Kolkata,Furniture,Sofa,Sofa Hic,5,45068,15,191539,13333,Debit Card,,
12053,10/30/2023,Hazel Deshpande,South,Hyderabad,Electronics,Headphones,Headphones Voluptatem,3,28772,10,77684,9107,Debit Card,,
12054,6/5/2024,Indrajit Ramaswamy,East,Bhubaneswar,Groceries,Rice,Rice Eaque,4,14718,15,50041,8296,Debit Card,,
12055,7/26/2024,Neysa Bassi,South,Hyderabad,Sports,Tennis Racket,Tennis Racket Reprehenderit,3,8259,20,19822,4289,COD,,
12056,12/6/2024,Ayesha Kar,East,Guwahati,Home Decor,Wall Art,Wall Art Sunt,4,67604,15,229854,49713,Debit Card,,
12057,8/17/2024,Damini Kumar,North,Delhi,Groceries,Wheat,Wheat Iusto,4,56055,20,179376,27145,Debit Card,,
12058,11/10/2023,Shamik Hayer,East,Guwahati,Beauty,Perfume,Perfume Quod,5,18989,5,90198,18901,Net Banking,,
12059,4/5/2024,Zeeshan Roy,West,Goa,Furniture,Sofa,Sofa Nobis,4,9993,20,31978,2719,COD,,
12060,1/14/2024,Nitya Kale,East,Kolkata,Electronics,Headphones,Headphones Illo,1,79977,10,71979,16673,Net Banking,,
12061,7/29/2025,Seher Chacko,North,Jaipur,Home Decor,Wall Art,Wall Art Iusto,2,75748,15,128772,16647,COD,,
12062,12/24/2023,Indrajit Bhalla,East,Ranchi,Groceries,Sugar,Sugar Perspiciatis,3,27010,20,64824,11768,UPI,,
12063,5/20/2025,Zeeshan Dash,North,Amritsar,Furniture,Sofa,Sofa Odit,4,71994,10,259178,51431,COD,,
12064,1/30/2024,Vritika Gala,North,Delhi,Furniture,Chair,Chair Tempore,2,47526,0,95052,18929,Net Banking,,
12065,3/26/2024,Shamik Acharya,North,Lucknow,Home Decor,Cushion,Cushion Iste,1,38318,5,36402,2870,Credit Card,,
12066,3/29/2025,Taran Sharma,North,Chandigarh,Kitchen,Cookware Set,Cookware Set Illo,1,56883,5,54039,11664,Net Banking,,
12067,10/18/2024,Dhanuk Bhatnagar,East,Guwahati,Clothing,Women's Wear,Women's Wear Magnam,1,18708,20,14966,2805,Credit Card,,
12068,7/22/2025,Aarav Vaidya,West,Mumbai,Furniture,Table,Table Perspiciatis,4,60603,10,218171,32197,Debit Card,,
12069,5/24/2025,Rania Bir,North,Delhi,Groceries,Sugar,Sugar Suscipit,5,79431,5,377297,75188,Credit Card,,
12070,4/27/2024,Rania Vala,North,Jaipur,Toys,Puzzle,Puzzle Quos,4,20901,15,71063,4326,Net Banking,,
12071,1/29/2024,Madhav Jha,East,Bhubaneswar,Toys,Action Figure,Action Figure Quidem,2,23718,15,40321,7534,Net Banking,,
12072,7/24/2024,Lakshit Sarma,West,Ahmedabad,Sports,Yoga Mat,Yoga Mat Maxime,5,3533,5,16782,2231,Debit Card,,
12073,5/15/2024,Aradhya Sethi,North,Delhi,Beauty,Lipstick,Lipstick Deleniti,5,7131,0,35655,1892,Debit Card,,
12074,4/12/2025,Reyansh Dash,West,Mumbai,Groceries,Oil,Oil Laborum,5,578,5,2746,583,Debit Card,,
12075,9/5/2025,Urvi Chada,North,Amritsar,Home Decor,Clock,Clock Aliquam,3,24189,20,58054,9054,COD,,
12076,7/16/2024,Hrishita Mangal,East,Kolkata,Home Decor,Wall Art,Wall Art Explicabo,4,75193,0,300772,16853,Net Banking,,
12077,5/20/2024,Eshani Chopra,East,Guwahati,Beauty,Shampoo,Shampoo Commodi,3,67112,15,171136,39687,COD,,
12078,4/29/2024,Dhanush Agate,North,Amritsar,Toys,Action Figure,Action Figure Praesentium,2,67207,15,114252,27398,UPI,,
12079,12/12/2023,Jayant Kota,North,Chandigarh,Sports,Yoga Mat,Yoga Mat Laborum,5,31268,10,140706,19746,Net Banking,,
12080,12/13/2024,Rati Mangal,West,Pune,Home Decor,Cushion,Cushion Rem,5,76437,10,343967,71314,Credit Card,,
12081,6/7/2024,Shray Karnik,East,Guwahati,Furniture,Bed,Bed Ipsa,5,33383,15,141878,34615,Debit Card,,
12082,3/27/2025,Uthkarsh Dara,West,Ahmedabad,Sports,Football,Football Occaecati,4,11114,20,35565,6332,COD,,
12083,6/18/2024,Yakshit Garg,South,Hyderabad,Toys,Board Game,Board Game Qui,4,17629,5,66990,7861,UPI,,
12084,4/10/2025,Dhanush Kuruvilla,East,Ranchi,Toys,RC Car,RC Car Dolorum,3,40924,15,104356,22904,COD,,
12085,4/26/2025,Hazel Ramakrishnan,West,Pune,Sports,Football,Football Iste,1,41878,10,37690,2499,COD,,
12086,8/1/2025,Siya Chakrabarti,North,Delhi,Kitchen,Cookware Set,Cookware Set Error,4,47351,5,179934,40754,UPI,,
12087,11/22/2023,Nishith Sachar,West,Surat,Clothing,Accessories,Accessories Nulla,2,14660,15,24922,2430,UPI,,
12088,6/19/2024,Shalv Saha,West,Mumbai,Groceries,Oil,Oil Eveniet,4,15163,0,60652,8463,UPI,,
12089,1/3/2025,Amira Sibal,South,Bangalore,Electronics,Camera,Camera Laboriosam,1,57139,15,48568,8800,COD,,
12090,9/18/2025,Ishaan Krish,West,Goa,Clothing,Accessories,Accessories Ipsam,4,66247,10,238489,19509,COD,,
12091,5/31/2024,Badal Dhar,South,Bangalore,Sports,Tennis Racket,Tennis Racket Vero,5,45080,5,214130,20872,Credit Card,,
12092,4/2/2025,Divyansh Bhattacharyya,North,Amritsar,Kitchen,Refrigerator,Refrigerator Quasi,3,36266,20,87038,21271,Net Banking,,
12093,7/7/2025,Miraan Bora,East,Kolkata,Home Decor,Cushion,Cushion Rem,3,60918,5,173616,40216,COD,,
12094,1/26/2024,Lakshit Kuruvilla,East,Patna,Electronics,Mobile,Mobile Repudiandae,4,33066,0,132264,27057,UPI,,
12095,11/11/2024,Neysa Bhasin,North,Delhi,Clothing,Men's Wear,Men's Wear Voluptas,1,62548,0,62548,10623,Credit Card,,
12096,5/5/2024,Eva Gopal,East,Patna,Groceries,Rice,Rice Tenetur,3,468,5,1334,73,Credit Card,,
12097,11/23/2023,Kiara Tank,West,Pune,Toys,Action Figure,Action Figure Quasi,3,49321,5,140565,23009,Net Banking,,
12098,1/27/2025,Tanya Banerjee,East,Guwahati,Clothing,Women's Wear,Women's Wear Vel,1,16956,15,14413,1339,UPI,,
12099,11/19/2023,Hiran Khalsa,North,Delhi,Beauty,Face Cream,Face Cream Harum,5,5964,20,23856,2508,UPI,,
12100,9/1/2024,Tushar Dutt,South,Bangalore,Electronics,Mobile,Mobile Velit,2,74137,10,133447,27311,Debit Card,,
12101,10/30/2024,Advika Borra,South,Bangalore,Clothing,Shoes,Shoes Sint,2,22106,0,44212,2947,Debit Card,,
12102,3/1/2024,Reyansh Singh,East,Patna,Home Decor,Cushion,Cushion Maxime,4,25479,20,81533,4699,Credit Card,,
12103,1/10/2025,Onkar Zachariah,South,Coimbatore,Furniture,Sofa,Sofa Doloremque,3,32223,5,91836,19859,Debit Card,,
12104,4/30/2024,Shlok Venkataraman,South,Bangalore,Toys,Action Figure,Action Figure Ullam,4,56442,15,191903,44004,UPI,,
12105,2/5/2024,Lakshit Dâ€™Alia,South,Hyderabad,Sports,Football,Football Veniam,3,64252,10,173480,13901,Debit Card,,
12106,9/21/2025,Kaira Srinivas,South,Coimbatore,Groceries,Spices,Spices Quos,3,23606,15,60195,10533,UPI,,
12107,11/4/2023,Vidur Deo,West,Surat,Kitchen,Juicer,Juicer Delectus,4,25373,20,81194,19540,Net Banking,,
12108,7/29/2024,Anya Korpal,South,Hyderabad,Home Decor,Cushion,Cushion Doloribus,3,77524,10,209315,50440,UPI,,
12109,12/10/2023,Saanvi Dara,North,Chandigarh,Kitchen,Refrigerator,Refrigerator Exercitationem,5,42801,5,203305,32804,Debit Card,,
12110,10/11/2024,Elakshi Dugar,North,Jaipur,Clothing,Kids Wear,Kids Wear Praesentium,5,45661,0,228305,54011,Debit Card,,
12111,6/26/2025,Lagan Iyer,South,Hyderabad,Clothing,Shoes,Shoes Earum,4,2984,0,11936,2485,Net Banking,,
12112,10/10/2023,Aarav Sankar,South,Hyderabad,Furniture,Cabinet,Cabinet Officia,3,43812,15,111721,5915,UPI,,
12113,4/20/2025,Anvi Rattan,East,Patna,Toys,Board Game,Board Game Omnis,2,12348,5,23461,1481,UPI,,
12114,4/29/2025,Anay Ghosh,West,Goa,Beauty,Perfume,Perfume Beatae,1,60771,5,57732,5846,Debit Card,,
12115,3/11/2024,Kanav Badal,West,Surat,Books,Non-Fiction,Non-Fiction At,2,16930,10,30474,4152,Net Banking,,
12116,11/4/2023,Indrans Rege,North,Chandigarh,Home Decor,Lamp,Lamp Dolore,1,51604,10,46444,2450,COD,,
12117,7/30/2025,Vaibhav Dey,West,Pune,Kitchen,Juicer,Juicer Cum,1,19755,15,16792,1037,UPI,,
12118,12/12/2023,Aaryahi Batta,West,Pune,Toys,Action Figure,Action Figure Dolore,3,4379,10,11823,2568,COD,,
12119,1/15/2025,Devansh Buch,North,Chandigarh,Beauty,Perfume,Perfume Animi,5,8354,10,37593,8319,Net Banking,,
12120,7/16/2025,Kiaan Swamy,North,Lucknow,Beauty,Perfume,Perfume Similique,5,12720,10,57240,4778,UPI,,
12121,10/12/2024,Aarna Kota,West,Goa,Sports,Football,Football Soluta,3,59034,15,150537,30666,Net Banking,,
12122,1/28/2024,Charvi Amble,South,Hyderabad,Sports,Cricket Bat,Cricket Bat Quidem,3,28393,5,80920,13853,Credit Card,,
12123,5/19/2025,Piya Sami,West,Surat,Books,Comics,Comics Doloremque,3,34251,15,87340,19961,COD,,
12124,5/23/2025,Jhanvi Aggarwal,North,Lucknow,Home Decor,Vase,Vase Exercitationem,2,22548,0,45096,4335,Credit Card,,
12125,7/4/2025,Jayan Desai,East,Guwahati,Toys,RC Car,RC Car Possimus,1,17031,20,13625,2127,Net Banking,,
12126,4/13/2024,Raghav Grewal,North,Lucknow,Furniture,Bed,Bed Enim,4,43796,10,157666,30790,COD,,
12127,1/10/2024,Bhamini Doshi,North,Delhi,Beauty,Shampoo,Shampoo Vero,4,2442,5,9280,1874,Debit Card,,
12128,3/28/2025,Lavanya Tella,North,Chandigarh,Sports,Cricket Bat,Cricket Bat Est,4,10644,0,42576,9423,COD,,
12129,4/6/2025,Vanya Vig,East,Kolkata,Clothing,Men's Wear,Men's Wear Culpa,1,77527,0,77527,7657,Credit Card,,
12130,8/12/2024,Drishya Gill,North,Lucknow,Beauty,Shampoo,Shampoo Consequuntur,4,36963,5,140459,31023,COD,,
12131,5/3/2025,Samaira Singhal,North,Delhi,Beauty,Shampoo,Shampoo Numquam,1,51106,15,43440,8399,Credit Card,,
12132,9/5/2024,Nehmat Tiwari,North,Chandigarh,Toys,Doll,Doll Illum,3,74020,20,177648,25633,COD,,
12133,9/15/2024,Aarush Doshi,South,Chennai,Kitchen,Cookware Set,Cookware Set Distinctio,2,23153,20,37045,4078,Debit Card,,
12134,12/19/2024,Ivana Vasa,North,Amritsar,Toys,RC Car,RC Car Inventore,5,56737,10,255317,54734,Debit Card,,
12135,10/28/2023,Anvi Bobal,West,Surat,Clothing,Women's Wear,Women's Wear Nihil,5,39339,10,177026,22467,Debit Card,,
12136,3/15/2024,Adira Chacko,East,Ranchi,Kitchen,Juicer,Juicer Dignissimos,3,39848,5,113567,14374,Debit Card,,
12137,10/20/2024,Anay Chad,South,Chennai,Books,Comics,Comics Sapiente,3,76533,20,183679,33188,Credit Card,,
12138,1/30/2024,Adah Shroff,West,Goa,Home Decor,Clock,Clock Atque,1,71876,10,64688,9687,UPI,,
12139,11/2/2023,Ranbir Balakrishnan,North,Lucknow,Toys,RC Car,RC Car Odit,3,63739,0,191217,36674,COD,,
12140,2/17/2025,Anya Lala,East,Bhubaneswar,Clothing,Shoes,Shoes Repellat,3,48469,0,145407,7390,Debit Card,,
12141,7/17/2024,Saanvi Wali,West,Mumbai,Home Decor,Wall Art,Wall Art Nostrum,2,30411,5,57781,11145,Debit Card,,
12142,12/15/2024,Amira Chakraborty,South,Chennai,Kitchen,Juicer,Juicer Facilis,4,29873,15,101568,24764,Net Banking,,
12143,7/20/2025,Mamooty Balakrishnan,East,Patna,Clothing,Kids Wear,Kids Wear Dolor,5,51128,5,242858,40261,COD,,
12144,3/22/2024,Chirag Char,North,Chandigarh,Toys,Action Figure,Action Figure Accusantium,5,71439,15,303616,70173,COD,,
12145,10/16/2023,Nakul Tella,North,Chandigarh,Home Decor,Vase,Vase Minus,2,29477,20,47163,8202,UPI,,
12146,4/19/2025,Seher Chopra,South,Thiruvananthapuram,Home Decor,Vase,Vase Dolorem,1,72116,20,57693,12205,Net Banking,,
12147,7/22/2024,Jayesh Bajaj,East,Kolkata,Clothing,Shoes,Shoes Veritatis,5,46037,5,218676,49813,COD,,
12148,3/14/2024,Vanya Bir,North,Amritsar,Clothing,Accessories,Accessories Eaque,4,72637,0,290548,37770,UPI,,
12149,12/3/2024,Jayan Bhakta,West,Pune,Sports,Cricket Bat,Cricket Bat Distinctio,3,31598,15,80575,14639,Net Banking,,
12150,6/13/2025,Hrishita Luthra,East,Kolkata,Books,Fiction,Fiction Quisquam,2,70431,10,126776,24909,Debit Card,,
12151,5/1/2024,Rati Raju,North,Chandigarh,Home Decor,Cushion,Cushion Consectetur,3,69875,20,167700,12131,Debit Card,,
12152,3/13/2025,Chirag Bail,East,Ranchi,Sports,Cricket Bat,Cricket Bat Odit,5,20239,20,80956,10317,Debit Card,,
12153,4/12/2025,Kiara Ahluwalia,North,Chandigarh,Electronics,Mobile,Mobile Culpa,1,17421,5,16550,856,UPI,,
12154,1/24/2024,Shalv Dutta,South,Coimbatore,Clothing,Women's Wear,Women's Wear Odio,3,9700,15,24735,5477,COD,,
12155,3/8/2024,Dharmajan Setty,East,Bhubaneswar,Furniture,Chair,Chair Officia,5,69207,15,294130,44409,COD,,
12156,5/1/2024,Madhav Deo,West,Pune,Furniture,Table,Table Numquam,5,30470,15,129498,23265,Credit Card,,
12157,9/13/2024,Ranbir Babu,South,Chennai,Clothing,Women's Wear,Women's Wear Quaerat,2,66296,5,125962,30173,Net Banking,,
12158,10/8/2024,Lakshit Walia,South,Thiruvananthapuram,Clothing,Men's Wear,Men's Wear Nobis,1,74433,10,66990,16451,Net Banking,,
12159,8/17/2025,Anay Vaidya,South,Coimbatore,Clothing,Accessories,Accessories Sunt,4,68975,20,220720,39863,Debit Card,,
12160,10/24/2024,Kaira Acharya,West,Goa,Sports,Cricket Bat,Cricket Bat Sint,1,25464,0,25464,1997,Net Banking,,
12161,10/18/2024,Armaan Bora,South,Chennai,Books,Biography,Biography Nihil,3,14789,0,44367,6707,Debit Card,,
12162,1/15/2025,Kanav Shankar,North,Delhi,Furniture,Bed,Bed Iusto,5,35352,0,176760,25858,Credit Card,,
12163,7/2/2024,Hridaan Bhatia,North,Jaipur,Groceries,Sugar,Sugar Dolores,2,61395,5,116651,8827,Credit Card,,
12164,4/29/2025,Aarav Ahuja,South,Coimbatore,Sports,Cricket Bat,Cricket Bat Excepturi,4,54075,15,183855,38102,COD,,
12165,4/4/2024,Neelofar Ray,East,Kolkata,Furniture,Table,Table Veritatis,4,70677,15,240302,39889,UPI,,
12166,8/28/2024,Nitara Upadhyay,West,Pune,Toys,Doll,Doll Cupiditate,2,37627,5,71491,9283,Net Banking,,
12167,3/28/2025,Charvi Mallick,North,Lucknow,Home Decor,Vase,Vase Animi,2,79358,0,158716,38918,COD,,
12168,3/31/2024,Ishita Vyas,North,Delhi,Clothing,Accessories,Accessories Quasi,5,43448,15,184654,25042,Debit Card,,
12169,1/23/2025,Rhea Cherian,West,Mumbai,Home Decor,Wall Art,Wall Art Atque,2,72776,15,123719,27011,UPI,,
12170,3/24/2025,Shanaya Ray,East,Guwahati,Furniture,Bed,Bed Et,4,11796,5,44825,3162,Credit Card,,
12171,1/21/2024,Damini Vala,East,Kolkata,Books,Fiction,Fiction Nostrum,3,63827,5,181907,9477,Debit Card,,
12172,3/17/2025,Lakshay Devi,North,Jaipur,Books,Biography,Biography Illum,2,51134,15,86928,14222,Net Banking,,
12173,5/24/2024,Vidur Tripathi,North,Chandigarh,Home Decor,Clock,Clock Optio,2,30124,5,57236,10385,Debit Card,,
12174,3/29/2024,Alia Ray,North,Chandigarh,Electronics,Camera,Camera Debitis,4,29711,5,112902,24805,Net Banking,,
12175,6/5/2025,Gokul Sawhney,West,Goa,Furniture,Cabinet,Cabinet Ea,5,58495,20,233980,56095,UPI,,
12176,8/10/2024,Ryan Choudhry,North,Amritsar,Books,Textbook,Textbook Error,1,30997,20,24798,2699,Debit Card,,
12177,12/9/2024,Indrans Konda,East,Bhubaneswar,Home Decor,Wall Art,Wall Art Cum,5,72809,10,327641,54717,Net Banking,,
12178,2/23/2024,Faiyaz Dayal,East,Patna,Home Decor,Vase,Vase Esse,5,15450,20,61800,6873,COD,,
12179,4/22/2025,Advik Borde,East,Ranchi,Beauty,Perfume,Perfume Assumenda,5,29745,10,133853,22784,Debit Card,,
12180,9/13/2025,Hazel Barman,East,Patna,Clothing,Kids Wear,Kids Wear Sit,5,79880,10,359460,64220,COD,,
12181,12/9/2024,Nishith Tara,West,Surat,Books,Fiction,Fiction Perferendis,2,71171,0,142342,33034,COD,,
12182,2/3/2024,Yuvaan Raman,East,Guwahati,Electronics,Smartwatch,Smartwatch Eum,3,36421,0,109263,17686,Net Banking,,
12183,3/6/2025,Oorja Balakrishnan,East,Ranchi,Toys,Doll,Doll Tempore,2,59223,20,94757,9992,Debit Card,,
12184,6/10/2025,Vihaan Chaudry,East,Guwahati,Furniture,Cabinet,Cabinet Magnam,4,41211,0,164844,12852,UPI,,
12185,3/30/2024,Aarav Randhawa,West,Ahmedabad,Sports,Yoga Mat,Yoga Mat Cupiditate,5,20918,5,99361,10639,UPI,,
12186,3/3/2024,Pranay Dey,South,Bangalore,Electronics,Headphones,Headphones Qui,5,44435,5,211066,28845,UPI,,
12187,12/22/2024,Pari Saini,East,Ranchi,Beauty,Perfume,Perfume Facilis,4,47036,0,188144,10687,UPI,,
12188,1/28/2024,Arnav Arya,East,Kolkata,Kitchen,Juicer,Juicer Minus,5,26338,0,131690,10872,COD,,
12189,8/14/2024,Dhanush Vyas,South,Bangalore,Beauty,Shampoo,Shampoo Corporis,5,10496,15,44608,7828,Debit Card,,
12190,2/5/2025,Vedika Borde,West,Pune,Sports,Tennis Racket,Tennis Racket Facere,4,52397,5,199109,20195,Debit Card,,
12191,1/26/2025,Aradhya Bhandari,South,Thiruvananthapuram,Electronics,Headphones,Headphones Inventore,1,34995,15,29746,2159,UPI,,
12192,11/17/2023,Veer Dugal,South,Thiruvananthapuram,Clothing,Men's Wear,Men's Wear Praesentium,5,58541,10,263435,53824,COD,,
12193,2/6/2024,Lakshay Raj,East,Bhubaneswar,Sports,Tennis Racket,Tennis Racket Corporis,2,25689,5,48809,11535,COD,,
12194,10/29/2023,Tiya Jayaraman,North,Chandigarh,Groceries,Sugar,Sugar Dicta,4,13733,15,46692,10966,Net Banking,,
12195,9/26/2024,Advika Dhar,East,Ranchi,Books,Non-Fiction,Non-Fiction Nihil,4,78511,15,266937,50474,UPI,,
12196,11/23/2024,Hrishita Tailor,South,Thiruvananthapuram,Sports,Tennis Racket,Tennis Racket Pariatur,1,34123,20,27298,3135,Net Banking,,
12197,10/12/2023,Shlok Dave,West,Goa,Furniture,Sofa,Sofa Sequi,1,6843,10,6159,1494,Debit Card,,
12198,12/15/2024,Ishaan Rege,West,Surat,Home Decor,Clock,Clock Modi,1,10908,0,10908,652,Credit Card,,
12199,9/14/2025,Trisha Lad,North,Amritsar,Electronics,Headphones,Headphones Error,4,27529,20,88093,12881,Net Banking,,
12200,7/5/2025,Reyansh Gill,West,Mumbai,Furniture,Chair,Chair Nisi,4,62541,10,225148,32910,COD,,
12201,4/23/2024,Darshit Mand,North,Amritsar,Furniture,Bed,Bed Eos,5,1232,5,5852,647,Debit Card,,
12202,4/23/2025,Riaan Bassi,North,Delhi,Clothing,Women's Wear,Women's Wear Illum,4,74726,15,254068,14389,Net Banking,,
12203,12/10/2024,Adira Choudhry,North,Jaipur,Kitchen,Cookware Set,Cookware Set Corporis,1,17341,0,17341,2656,Credit Card,,
12204,4/11/2025,Hrishita Kumar,North,Amritsar,Clothing,Shoes,Shoes A,1,43547,0,43547,2180,UPI,,
12205,2/27/2024,Mohanlal Rout,South,Bangalore,Sports,Cricket Bat,Cricket Bat Harum,1,22284,15,18941,4681,UPI,,
12206,10/27/2023,Vritika Varma,West,Goa,Clothing,Kids Wear,Kids Wear Illo,2,51030,15,86751,8604,COD,,
12207,3/27/2025,Raghav Viswanathan,West,Goa,Toys,Doll,Doll Necessitatibus,3,51990,15,132575,16701,Credit Card,,
12208,11/5/2024,Tiya Sarna,North,Delhi,Clothing,Accessories,Accessories Ipsam,5,51926,10,233667,36076,UPI,,
12209,3/22/2024,Manjari Agarwal,South,Bangalore,Beauty,Face Cream,Face Cream Libero,1,51009,15,43358,8234,COD,,
12210,3/29/2025,Siya Banerjee,West,Goa,Beauty,Shampoo,Shampoo Est,2,30788,5,58497,8993,Credit Card,,
12211,1/23/2024,Myra Rout,East,Kolkata,Sports,Dumbbells,Dumbbells Quas,1,41976,20,33581,5185,COD,,
12212,7/4/2025,Ivana Hayer,South,Chennai,Home Decor,Lamp,Lamp Tempore,1,12879,15,10947,1290,UPI,,
12213,5/25/2025,Tanya Kar,East,Ranchi,Books,Comics,Comics Perferendis,3,15591,20,37418,2571,Credit Card,,
12214,1/23/2024,Tanya Gala,East,Guwahati,Groceries,Spices,Spices Alias,4,34766,5,132111,18786,UPI,,
12215,3/7/2025,Piya Deshmukh,South,Bangalore,Home Decor,Cushion,Cushion Aliquam,5,76737,20,306948,64843,Net Banking,,
12216,9/3/2024,Umang Bail,North,Amritsar,Electronics,Camera,Camera Rem,4,41374,5,157221,11773,Credit Card,,
12217,2/18/2025,Shalv Varughese,South,Coimbatore,Sports,Yoga Mat,Yoga Mat Natus,5,20898,0,104490,20917,COD,,
12218,8/9/2025,Riya Dey,West,Goa,Furniture,Cabinet,Cabinet Cupiditate,5,24456,15,103938,20419,Debit Card,,
12219,8/6/2024,Zaina Soman,North,Chandigarh,Home Decor,Clock,Clock Labore,1,27272,5,25908,3411,Debit Card,,
12220,12/2/2023,Saira Kant,North,Jaipur,Kitchen,Refrigerator,Refrigerator Adipisci,4,10292,0,41168,9098,UPI,,
12221,6/14/2024,Aayush Krish,South,Hyderabad,Toys,RC Car,RC Car Cupiditate,1,27923,20,22338,1361,Net Banking,,
12222,12/11/2024,Badal Rajan,South,Thiruvananthapuram,Furniture,Cabinet,Cabinet Occaecati,4,42692,20,136614,9703,Credit Card,,
12223,1/9/2025,Prisha Lalla,West,Mumbai,Sports,Cricket Bat,Cricket Bat Minima,1,23775,10,21398,1454,Net Banking,,
12224,9/15/2025,Hansh Yadav,East,Ranchi,Electronics,Mobile,Mobile Iste,4,44235,5,168093,9290,UPI,,
12225,1/17/2025,Adira Sathe,South,Hyderabad,Electronics,Headphones,Headphones Minus,3,20810,20,49944,8637,Net Banking,,
12226,7/31/2024,Ehsaan Dugar,East,Ranchi,Sports,Football,Football Expedita,5,77672,5,368942,39518,Credit Card,,
12227,3/20/2025,Anahita Manne,West,Mumbai,Beauty,Foundation,Foundation Non,2,31668,5,60169,10761,COD,,
12228,11/17/2023,Sana Walia,South,Thiruvananthapuram,Electronics,Smartwatch,Smartwatch Magni,5,27424,10,123408,18240,Net Banking,,
12229,7/22/2024,Yasmin Kaul,West,Surat,Kitchen,Microwave,Microwave Officia,4,2038,15,6929,895,Credit Card,,
12230,8/21/2025,Divij Ray,West,Surat,Sports,Cricket Bat,Cricket Bat Unde,4,33014,10,118850,29593,Debit Card,,
12231,12/30/2023,Anika Tata,West,Surat,Beauty,Lipstick,Lipstick Vero,3,11474,20,27538,3394,Credit Card,,
12232,5/12/2025,Advik Choudhary,West,Surat,Groceries,Sugar,Sugar Eius,4,33093,0,132372,9159,Debit Card,,
12233,1/13/2025,Darshit Ahluwalia,East,Bhubaneswar,Clothing,Shoes,Shoes Ad,1,10386,20,8309,1406,Credit Card,,
12234,3/15/2024,Priyansh Badal,South,Hyderabad,Electronics,Laptop,Laptop Eligendi,3,62517,20,150041,11646,Debit Card,,
12235,11/24/2024,Bhavin Agate,North,Lucknow,Home Decor,Cushion,Cushion Quos,5,77983,20,311932,44766,COD,,
12236,11/28/2023,Kaira Rajagopalan,East,Bhubaneswar,Kitchen,Refrigerator,Refrigerator Aut,2,1661,10,2990,550,Net Banking,,
12237,6/26/2024,Inaaya  Doshi,South,Thiruvananthapuram,Clothing,Shoes,Shoes Temporibus,4,11933,0,47732,3952,Credit Card,,
12238,2/5/2024,Aniruddh Mangat,East,Bhubaneswar,Electronics,Mobile,Mobile Numquam,2,12851,0,25702,4306,Debit Card,,
12239,7/16/2025,Vidur Dutt,East,Patna,Home Decor,Clock,Clock Amet,2,36430,20,58288,10180,COD,,
12240,9/26/2024,Navya Kibe,South,Coimbatore,Books,Biography,Biography Cupiditate,2,64649,10,116368,8713,COD,,
12241,1/28/2024,Pranay Andra,West,Surat,Groceries,Spices,Spices Consequuntur,5,30825,10,138713,22274,Net Banking,,
12242,9/23/2025,Devansh Borah,East,Guwahati,Books,Non-Fiction,Non-Fiction Iure,3,21339,20,51214,6056,Debit Card,,
12243,10/4/2023,Ela Jain,South,Chennai,Sports,Yoga Mat,Yoga Mat Ab,3,18949,0,56847,4260,Credit Card,,
12244,10/11/2023,Bhamini Doshi,West,Mumbai,Kitchen,Cookware Set,Cookware Set Fugit,2,47502,0,95004,11676,Credit Card,,
12245,1/16/2025,Vedika Gokhale,West,Mumbai,Sports,Football,Football Pariatur,2,48262,0,96524,20917,Credit Card,,
12246,12/27/2023,Jayesh Basak,East,Bhubaneswar,Electronics,Smartwatch,Smartwatch Ipsam,1,78504,10,70654,16910,UPI,,
12247,4/27/2025,Nehmat Krish,North,Lucknow,Toys,Puzzle,Puzzle Voluptatem,1,48498,15,41223,2711,UPI,,
12248,5/31/2025,Riya Dasgupta,West,Ahmedabad,Beauty,Face Cream,Face Cream Fuga,3,32464,15,82783,18138,Debit Card,,
12249,11/16/2023,Armaan Chaudhry,North,Lucknow,Groceries,Wheat,Wheat Magnam,5,68366,0,341830,20138,Debit Card,,
12250,8/7/2024,Alia Datta,West,Surat,Beauty,Foundation,Foundation Perspiciatis,3,78061,10,210765,15074,UPI,,
12251,11/21/2023,Rania Vohra,West,Ahmedabad,Toys,Doll,Doll Quasi,3,52131,15,132934,17718,COD,,
12252,4/8/2024,Stuvan Dash,South,Hyderabad,Groceries,Spices,Spices Aut,2,25645,0,51290,5415,COD,,
12253,3/1/2025,Navya Barman,North,Jaipur,Sports,Dumbbells,Dumbbells Provident,1,13203,15,11223,1010,Debit Card,,
12254,12/16/2023,Divit Jaggi,South,Bangalore,Electronics,Laptop,Laptop Tenetur,2,9533,0,19066,4208,Credit Card,,
12255,8/2/2025,Kiara Ratti,West,Ahmedabad,Groceries,Sugar,Sugar Non,2,34813,10,62663,4321,UPI,,
12256,1/7/2024,Sumer Sanghvi,North,Jaipur,Beauty,Shampoo,Shampoo Aperiam,4,60017,10,216061,28678,Debit Card,,
12257,8/17/2025,Aradhya Krish,North,Chandigarh,Books,Biography,Biography Facilis,5,14035,0,70175,16803,Net Banking,,
12258,5/10/2024,Vritika Dugal,South,Hyderabad,Books,Biography,Biography Atque,2,76063,20,121701,11308,Credit Card,,
12259,11/21/2024,Jayan Bhatnagar,North,Chandigarh,Groceries,Rice,Rice Eum,3,30739,10,82995,14335,COD,,
12260,8/20/2024,Faiyaz Gour,South,Bangalore,Groceries,Rice,Rice Quia,4,36080,0,144320,9360,COD,,
12261,3/18/2025,Ela Gulati,East,Ranchi,Clothing,Women's Wear,Women's Wear Quia,4,72114,15,245188,52691,Net Banking,,
12262,12/5/2024,Yuvraj  Varma,West,Mumbai,Sports,Football,Football Sit,2,61185,10,110133,22334,Debit Card,,
12263,5/1/2024,Anaya Dara,East,Patna,Electronics,Mobile,Mobile Laboriosam,1,17001,5,16151,3687,COD,,
12264,3/16/2025,Mahika Kumar,West,Pune,Books,Fiction,Fiction Natus,4,18277,20,58486,12977,Net Banking,,
12265,11/26/2023,Mamooty Bir,South,Thiruvananthapuram,Toys,Action Figure,Action Figure At,1,7828,20,6262,1313,COD,,
12266,5/22/2025,Gokul Kamdar,South,Chennai,Groceries,Oil,Oil Nisi,3,64127,5,182762,11129,COD,,
12267,11/27/2023,Rasha Walia,West,Goa,Home Decor,Vase,Vase Nam,3,42458,10,114637,10987,Debit Card,,
12268,6/8/2025,Kaira Doctor,East,Ranchi,Toys,RC Car,RC Car Dolores,5,67032,20,268128,23651,Credit Card,,
12269,3/24/2024,Samaira Krishnan,West,Goa,Sports,Tennis Racket,Tennis Racket Repellat,5,31994,0,159970,25271,COD,,
12270,3/10/2024,Shalv Bava,East,Guwahati,Furniture,Bed,Bed Quaerat,4,71393,10,257015,38066,UPI,,
12271,10/15/2024,Bhamini Deo,North,Chandigarh,Sports,Tennis Racket,Tennis Racket Debitis,5,9822,10,44199,7158,UPI,,
12272,4/26/2024,Neysa Verma,West,Ahmedabad,Books,Biography,Biography Dignissimos,2,34557,0,69114,10488,Credit Card,,
12273,6/6/2025,Akarsh Vora,West,Surat,Home Decor,Wall Art,Wall Art Facilis,2,27758,20,44413,6884,Net Banking,,
12274,9/7/2025,Nirvi Virk,East,Kolkata,Home Decor,Cushion,Cushion Distinctio,3,1394,20,3346,233,UPI,,
12275,9/29/2025,Mahika Bir,East,Kolkata,Kitchen,Microwave,Microwave Porro,5,69789,5,331498,46855,Debit Card,,
12276,4/23/2025,Prerak Bhandari,South,Bangalore,Toys,Puzzle,Puzzle Eius,5,51064,20,204256,12737,UPI,,
12277,4/20/2024,Abram Brar,North,Lucknow,Books,Non-Fiction,Non-Fiction Molestiae,4,67986,0,271944,23717,Debit Card,,
12278,7/1/2024,Armaan Krishna,West,Goa,Home Decor,Lamp,Lamp Quasi,5,29278,15,124432,16099,Net Banking,,
12279,1/12/2025,Yuvraj  Subramanian,South,Hyderabad,Groceries,Spices,Spices Incidunt,1,55681,10,50113,11463,Credit Card,,
12280,12/15/2023,Yasmin Sathe,East,Kolkata,Clothing,Shoes,Shoes Deleniti,4,66314,20,212205,52199,COD,,
12281,1/16/2025,Samiha Kumar,West,Ahmedabad,Clothing,Women's Wear,Women's Wear Ullam,1,51535,10,46382,11111,Debit Card,,
12282,8/24/2024,Miraya Majumdar,North,Lucknow,Groceries,Rice,Rice Quis,1,24833,10,22350,2814,Debit Card,,
12283,7/1/2025,Charvi Bakshi,South,Chennai,Toys,Action Figure,Action Figure A,5,1649,0,8245,1355,Credit Card,,
12284,5/28/2024,Divij Bajaj,West,Surat,Toys,Puzzle,Puzzle Alias,3,68087,0,204261,49848,Net Banking,,
12285,12/20/2023,Alisha Kar,South,Coimbatore,Furniture,Chair,Chair Debitis,4,48008,0,192032,41037,Credit Card,,
12286,11/11/2024,Hridaan Shroff,West,Pune,Toys,Board Game,Board Game Blanditiis,5,51965,10,233843,20446,Debit Card,,
12287,7/11/2025,Ahana  Sabharwal,South,Bangalore,Clothing,Kids Wear,Kids Wear Sint,3,15738,10,42493,6678,Debit Card,,
12288,5/12/2025,Pranay Kohli,West,Goa,Clothing,Men's Wear,Men's Wear Eveniet,1,33983,10,30585,3316,Net Banking,,
12289,3/30/2024,Mohanlal Ratti,North,Chandigarh,Electronics,Smartwatch,Smartwatch Harum,1,29445,15,25028,4540,COD,,
12290,9/27/2024,Krish Chaudry,South,Chennai,Groceries,Rice,Rice Alias,2,804,5,1528,239,Debit Card,,
12291,4/1/2024,Dhruv Deo,East,Patna,Electronics,Headphones,Headphones Numquam,4,10755,0,43020,10233,COD,,
12292,5/17/2025,Shlok Raja,South,Chennai,Clothing,Women's Wear,Women's Wear Rerum,4,44820,0,179280,10695,Net Banking,,
12293,8/28/2024,Eshani Vohra,West,Ahmedabad,Beauty,Lipstick,Lipstick Doloremque,2,75061,5,142616,7164,Net Banking,,
12294,6/10/2025,Krish Wali,East,Guwahati,Sports,Yoga Mat,Yoga Mat Praesentium,1,35352,15,30049,4247,Credit Card,,
12295,5/15/2024,Kaira Sane,East,Ranchi,Groceries,Oil,Oil Optio,5,5983,10,26924,3448,Debit Card,,
12296,5/21/2024,Nehmat Gill,East,Bhubaneswar,Groceries,Oil,Oil Non,5,20936,15,88978,7338,UPI,,
12297,3/18/2024,Saira Comar,West,Surat,Kitchen,Juicer,Juicer Nemo,5,34524,10,155358,18268,COD,,
12298,2/1/2025,Misha Andra,North,Amritsar,Furniture,Table,Table Voluptate,1,51339,0,51339,9921,Net Banking,,
12299,5/12/2024,Rati Mall,North,Lucknow,Toys,Doll,Doll Ipsa,1,56140,0,56140,4889,COD,,
12300,10/24/2023,Hiran Bahl,South,Chennai,Furniture,Table,Table Ipsa,4,4552,0,18208,3977,Credit Card,,
12301,11/26/2023,Vaibhav Krishna,East,Ranchi,Books,Non-Fiction,Non-Fiction Magni,1,37533,10,33780,6446,Net Banking,,
12302,6/4/2025,Gokul Kale,North,Delhi,Sports,Tennis Racket,Tennis Racket Fugiat,4,58452,10,210427,37602,UPI,,
12303,5/31/2024,Bhamini Balakrishnan,East,Patna,Electronics,Laptop,Laptop Voluptatem,5,13890,5,65978,5468,COD,,
12304,9/8/2024,Myra Baria,North,Chandigarh,Toys,Action Figure,Action Figure Ab,2,79039,10,142270,29486,Credit Card,,
12305,10/5/2023,Nishith Banik,East,Patna,Clothing,Shoes,Shoes Quo,2,62199,5,118178,23352,Credit Card,,
12306,1/4/2024,Shaan Korpal,East,Patna,Furniture,Cabinet,Cabinet Consequatur,5,47619,5,226190,48700,UPI,,
12307,1/6/2025,Zeeshan Das,East,Bhubaneswar,Books,Non-Fiction,Non-Fiction Repellendus,1,63925,20,51140,6945,Debit Card,,
12308,2/28/2025,Akarsh Korpal,East,Ranchi,Clothing,Women's Wear,Women's Wear Quasi,4,21485,20,68752,15182,Net Banking,,
12309,4/20/2025,Saanvi Bala,East,Kolkata,Groceries,Spices,Spices Fugit,1,31443,15,26727,6442,UPI,,
12310,6/23/2025,Armaan Karan,West,Goa,Beauty,Perfume,Perfume Cupiditate,2,38547,15,65530,13283,Debit Card,,
12311,7/2/2024,Sana Borra,North,Amritsar,Books,Non-Fiction,Non-Fiction Quam,1,54980,15,46733,3796,Net Banking,,
12312,8/31/2024,Indrajit Majumdar,South,Hyderabad,Electronics,Mobile,Mobile Ea,1,43437,0,43437,8394,UPI,,
12313,8/25/2025,Devansh Shukla,East,Patna,Beauty,Foundation,Foundation Corporis,4,6203,20,19850,3654,Net Banking,,
12314,8/17/2025,Ehsaan Andra,East,Ranchi,Electronics,Smartwatch,Smartwatch Esse,2,68153,5,129491,17007,COD,,
12315,10/19/2024,Shamik Rout,North,Amritsar,Home Decor,Lamp,Lamp Autem,1,50570,10,45513,7594,COD,,
12316,8/20/2025,Hansh Thaker,South,Hyderabad,Groceries,Sugar,Sugar Magnam,2,10011,20,16018,2801,Credit Card,,
12317,1/6/2025,Sumer Gour,West,Surat,Beauty,Shampoo,Shampoo Quos,5,21827,5,103678,15197,Net Banking,,
12318,7/29/2025,Aaina Ramanathan,North,Jaipur,Groceries,Sugar,Sugar Eveniet,2,35939,20,57502,6994,Credit Card,,
12319,9/7/2025,Taran Tiwari,South,Bangalore,Clothing,Men's Wear,Men's Wear Aliquid,3,9001,10,24303,3186,COD,,
12320,10/20/2024,Madhav De,West,Mumbai,Groceries,Spices,Spices Suscipit,4,47109,15,160171,39646,COD,,
12321,12/2/2024,Damini Grover,South,Hyderabad,Electronics,Headphones,Headphones Unde,3,42140,0,126420,23780,Net Banking,,
12322,10/13/2023,Vedika Sodhi,East,Guwahati,Groceries,Wheat,Wheat Perspiciatis,2,61838,10,111308,6914,Net Banking,,
12323,11/15/2023,Parinaaz Ratti,East,Patna,Furniture,Chair,Chair Possimus,3,64999,20,155998,30650,Credit Card,,
12324,2/9/2024,Eshani Balay,East,Ranchi,Books,Fiction,Fiction Officiis,2,5842,20,9347,862,COD,,
12325,4/7/2024,Dhanuk Aggarwal,South,Chennai,Sports,Yoga Mat,Yoga Mat Ex,5,30597,15,130037,7176,UPI,,
12326,3/2/2025,Abram Gara,South,Hyderabad,Kitchen,Microwave,Microwave Iste,1,26063,0,26063,4376,Credit Card,,
12327,5/13/2025,Sana Borde,East,Patna,Beauty,Perfume,Perfume A,2,44993,10,80987,7994,Net Banking,,
12328,12/7/2023,Jivin Choudhry,North,Lucknow,Home Decor,Cushion,Cushion Necessitatibus,3,30868,15,78713,5221,Debit Card,,
12329,5/18/2025,Hazel Ratti,North,Chandigarh,Kitchen,Mixer Grinder,Mixer Grinder Occaecati,4,19920,5,75696,17455,UPI,,
12330,6/25/2024,Aniruddh Savant,West,Pune,Toys,Puzzle,Puzzle Nesciunt,4,36581,20,117059,8083,COD,,
12331,9/6/2024,Vardaniya Tella,North,Chandigarh,Electronics,Headphones,Headphones Totam,5,75521,10,339845,82804,COD,,
12332,6/12/2025,Gatik Chahal,South,Bangalore,Kitchen,Microwave,Microwave Voluptates,5,5200,0,26000,3546,Debit Card,,
12333,3/14/2025,Saanvi Babu,West,Mumbai,Kitchen,Cookware Set,Cookware Set Quasi,5,39225,0,196125,25078,COD,,
12334,2/11/2024,Shaan Bose,East,Guwahati,Groceries,Rice,Rice Illo,5,44351,5,210667,29581,Debit Card,,
12335,9/28/2024,Mahika Sen,East,Patna,Books,Non-Fiction,Non-Fiction Aliquam,4,56165,20,179728,40738,Debit Card,,
12336,10/19/2023,Ehsaan Saxena,South,Chennai,Groceries,Sugar,Sugar Iusto,3,42486,10,114712,18919,COD,,
12337,7/15/2024,Neysa Magar,South,Bangalore,Furniture,Bed,Bed Maxime,4,24556,0,98224,17744,Debit Card,,
12338,11/7/2023,Bhavin Wagle,East,Patna,Sports,Yoga Mat,Yoga Mat Delectus,3,63186,5,180080,25040,Debit Card,,
12339,7/7/2025,Ishaan Kalla,West,Pune,Home Decor,Wall Art,Wall Art Veniam,5,74466,0,372330,68749,COD,,
12340,2/20/2024,Aaina Shukla,South,Chennai,Books,Non-Fiction,Non-Fiction Possimus,3,37534,5,106972,18381,Debit Card,,
12341,12/13/2023,Vedika Gola,West,Pune,Kitchen,Refrigerator,Refrigerator Illum,4,48345,10,174042,26546,COD,,
12342,1/17/2025,Indrans Ram,North,Jaipur,Home Decor,Wall Art,Wall Art Ipsa,5,53177,10,239297,14656,Credit Card,,
12343,5/6/2024,Anaya Dâ€™Alia,South,Bangalore,Sports,Dumbbells,Dumbbells Enim,5,6951,15,29542,6397,Debit Card,,
12344,11/10/2023,Anahi Chakraborty,North,Delhi,Groceries,Spices,Spices Incidunt,1,46409,10,41768,2494,Net Banking,,
12345,3/20/2024,Mahika Zacharia,South,Thiruvananthapuram,Kitchen,Mixer Grinder,Mixer Grinder Impedit,3,40030,0,120090,20012,Debit Card,,
12346,4/2/2024,Manikya Shukla,West,Surat,Books,Fiction,Fiction Tempora,3,2899,15,7392,1077,COD,,
12347,3/31/2025,Vidur Khurana,East,Ranchi,Furniture,Bed,Bed Dolores,1,54239,20,43391,9543,UPI,,
12348,9/3/2024,Rasha Buch,East,Bhubaneswar,Toys,Board Game,Board Game A,1,635,15,540,69,Debit Card,,
12349,4/12/2024,Adira Mahal,North,Lucknow,Clothing,Accessories,Accessories Eveniet,2,23101,5,43892,6700,COD,,
12350,8/29/2025,Baiju Lad,West,Ahmedabad,Kitchen,Juicer,Juicer Earum,1,71043,20,56834,6724,Debit Card,,
12351,7/13/2024,Ritvik Varma,North,Lucknow,Electronics,Headphones,Headphones Aliquid,4,67753,10,243911,48980,COD,,
12352,1/30/2024,Jiya Swaminathan,South,Coimbatore,Beauty,Face Cream,Face Cream Odio,3,9574,5,27286,3776,Debit Card,,
12353,10/29/2023,Dhanush Balay,West,Surat,Toys,Puzzle,Puzzle Temporibus,5,1299,5,6170,1520,COD,,
12354,7/10/2024,Vedika Krishnan,East,Patna,Furniture,Bed,Bed Dolorem,5,4600,20,18400,971,Debit Card,,
12355,11/9/2024,Rohan Dada,North,Jaipur,Kitchen,Refrigerator,Refrigerator Sapiente,2,74248,20,118797,24381,Net Banking,,
12356,5/18/2024,Devansh Kanda,East,Patna,Books,Non-Fiction,Non-Fiction Quis,5,66107,5,314008,48260,Debit Card,,
12357,11/15/2023,Ayesha Dhawan,West,Mumbai,Books,Textbook,Textbook Numquam,4,1266,0,5064,382,Credit Card,,
12358,9/6/2024,Anvi Din,West,Ahmedabad,Toys,Board Game,Board Game Sequi,2,74681,5,141894,9116,Net Banking,,
12359,5/26/2025,Dhanush Srinivasan,East,Ranchi,Clothing,Accessories,Accessories Quos,3,33457,20,80297,9175,Net Banking,,
12360,10/19/2024,Manjari Doshi,South,Coimbatore,Books,Non-Fiction,Non-Fiction Doloremque,1,29018,15,24665,4789,Credit Card,,
12361,10/8/2023,Yuvaan Grover,South,Bangalore,Sports,Yoga Mat,Yoga Mat Nulla,4,21745,0,86980,4960,COD,,
12362,3/28/2025,Lakshit Yadav,West,Mumbai,Sports,Tennis Racket,Tennis Racket Laboriosam,2,3291,15,5595,1288,Credit Card,,
12363,8/8/2024,Saira Kakar,North,Jaipur,Books,Fiction,Fiction Magnam,3,67485,5,192332,16747,COD,,
12364,1/14/2024,Yashvi Chandran,North,Jaipur,Furniture,Cabinet,Cabinet Minima,3,24934,20,59842,13616,Credit Card,,
12365,4/4/2024,Vedika Dugal,North,Jaipur,Toys,Puzzle,Puzzle Corrupti,5,3680,15,15640,3775,Net Banking,,
12366,1/17/2024,Vivaan Bassi,South,Thiruvananthapuram,Furniture,Cabinet,Cabinet Voluptate,4,12783,15,43462,10140,Net Banking,,
12367,1/21/2024,Armaan Taneja,North,Jaipur,Furniture,Bed,Bed Incidunt,3,24986,20,59966,14461,Credit Card,,
12368,10/27/2024,Ritvik Mangat,South,Coimbatore,Kitchen,Mixer Grinder,Mixer Grinder Aut,3,46658,20,111979,22883,Credit Card,,
12369,8/26/2025,Jhanvi Mander,South,Bangalore,Books,Biography,Biography Temporibus,3,63161,15,161061,27411,Debit Card,,
12370,12/21/2024,Advika Kala,East,Guwahati,Beauty,Shampoo,Shampoo Deserunt,1,79463,20,63570,13240,Debit Card,,
12371,4/1/2025,Kiara Dâ€™Alia,East,Ranchi,Groceries,Wheat,Wheat Blanditiis,4,67376,0,269504,15499,Debit Card,,
12372,10/30/2023,Jivin Bhandari,West,Surat,Kitchen,Juicer,Juicer Nam,3,60530,20,145272,14862,Credit Card,,
12373,3/12/2024,Samaira Buch,East,Ranchi,Home Decor,Vase,Vase Perferendis,5,33311,15,141572,10032,Credit Card,,
12374,3/13/2024,Shlok Singhal,East,Guwahati,Books,Non-Fiction,Non-Fiction Deserunt,1,56897,0,56897,4721,Net Banking,,
12375,1/30/2024,Dishani Ramaswamy,South,Hyderabad,Kitchen,Cookware Set,Cookware Set Vel,1,39541,0,39541,3942,Debit Card,,
12376,9/28/2024,Hrishita Dugal,East,Kolkata,Furniture,Chair,Chair Nobis,2,37656,5,71546,8448,UPI,,
12377,11/9/2024,Hazel Kibe,West,Goa,Sports,Dumbbells,Dumbbells Deserunt,5,40146,10,180657,11945,Credit Card,,
12378,12/31/2023,Aaina Balasubramanian,South,Hyderabad,Furniture,Sofa,Sofa Natus,4,49649,20,158877,23211,UPI,,
12379,11/9/2023,Saira Mangat,West,Ahmedabad,Clothing,Kids Wear,Kids Wear Commodi,3,7847,15,20010,1605,Net Banking,,
12380,1/31/2024,Shlok Ratta,West,Surat,Books,Comics,Comics Suscipit,2,50161,0,100322,20051,COD,,
12381,12/24/2024,Ela Tak,East,Guwahati,Clothing,Women's Wear,Women's Wear Cupiditate,4,28128,20,90010,7857,UPI,,
12382,12/10/2023,Rania Reddy,West,Mumbai,Sports,Football,Football Harum,4,60610,10,218196,38301,Net Banking,,
12383,2/21/2025,Heer Balan,East,Guwahati,Beauty,Shampoo,Shampoo Voluptate,2,29023,5,55144,5719,UPI,,
12384,6/27/2025,Aradhya Bava,South,Thiruvananthapuram,Books,Textbook,Textbook Cumque,4,23749,5,90246,10920,Credit Card,,
12385,10/9/2023,Madhav Jain,West,Goa,Groceries,Sugar,Sugar Voluptatibus,3,25340,10,68418,11370,COD,,
12386,1/5/2025,Samaira Raj,East,Ranchi,Books,Comics,Comics Blanditiis,3,71008,20,170419,16963,Credit Card,,
12387,9/16/2024,Piya Borde,East,Guwahati,Groceries,Spices,Spices At,3,19514,10,52688,8917,UPI,,
12388,11/30/2023,Aradhya Lall,South,Bangalore,Clothing,Men's Wear,Men's Wear Ullam,5,13030,10,58635,11661,UPI,,
12389,5/7/2024,Shayak Handa,North,Jaipur,Groceries,Sugar,Sugar Aliquam,1,47052,15,39994,6683,Net Banking,,
12390,2/25/2025,Vidur Vala,North,Jaipur,Beauty,Perfume,Perfume Quibusdam,1,64640,15,54944,10985,COD,,
12391,11/2/2023,Rati Sur,North,Amritsar,Sports,Cricket Bat,Cricket Bat Molestias,4,3613,5,13729,831,Credit Card,,
12392,3/27/2025,Riaan Garde,West,Mumbai,Beauty,Face Cream,Face Cream Tenetur,3,28304,5,80666,8649,Credit Card,,
12393,8/11/2024,Hunar Krishnan,North,Amritsar,Sports,Football,Football Ex,2,26749,20,42798,5164,COD,,
12394,5/31/2024,Anahi Choudhry,North,Amritsar,Kitchen,Refrigerator,Refrigerator Asperiores,5,866,10,3897,316,Credit Card,,
12395,5/23/2024,Yuvaan Aurora,North,Jaipur,Books,Biography,Biography Optio,2,68743,15,116863,28129,Credit Card,,
12396,2/20/2025,Shamik Zachariah,South,Thiruvananthapuram,Clothing,Women's Wear,Women's Wear Culpa,5,21064,0,105320,15691,Net Banking,,
12397,11/15/2023,Shayak Sha,West,Pune,Electronics,Headphones,Headphones Sed,1,75876,20,60701,7217,UPI,,
12398,9/26/2024,Samaira Vala,South,Chennai,Clothing,Women's Wear,Women's Wear Exercitationem,2,23175,20,37080,6557,Credit Card,,
12399,4/17/2024,Miraan Roy,South,Thiruvananthapuram,Sports,Yoga Mat,Yoga Mat Accusamus,3,60450,10,163215,30674,COD,,
12400,8/17/2024,Pari Shukla,North,Lucknow,Sports,Cricket Bat,Cricket Bat Eius,5,68807,20,275228,64283,Debit Card,,
12401,6/17/2025,Vihaan Saran,North,Delhi,Home Decor,Vase,Vase Sit,3,28485,20,68364,9006,Debit Card,,
12402,2/5/2025,Sahil Bandi,East,Ranchi,Furniture,Bed,Bed Ratione,3,17504,0,52512,7967,Debit Card,,
12403,3/24/2025,Kiara Chand,East,Patna,Home Decor,Vase,Vase Iure,4,65133,5,247505,19976,Credit Card,,
12404,5/5/2024,Ritvik Upadhyay,East,Bhubaneswar,Sports,Yoga Mat,Yoga Mat Totam,3,10190,0,30570,3681,COD,,
12405,2/25/2025,Miraan Banerjee,South,Bangalore,Toys,Action Figure,Action Figure Distinctio,3,40930,5,116651,28885,Net Banking,,
12406,2/22/2024,Tushar Arya,North,Jaipur,Groceries,Rice,Rice Culpa,5,68503,15,291138,35054,UPI,,
12407,10/30/2024,Vivaan Dhingra,North,Jaipur,Toys,Puzzle,Puzzle Quis,2,11277,5,21426,3630,UPI,,
12408,11/27/2023,Yakshit Borde,South,Coimbatore,Furniture,Table,Table Atque,4,63420,5,240996,22125,Debit Card,,
12409,8/10/2025,Rania Date,East,Patna,Toys,RC Car,RC Car Accusamus,1,7111,20,5689,580,UPI,,
12410,10/25/2024,Ahana  Deep,South,Chennai,Electronics,Laptop,Laptop Asperiores,1,17837,10,16053,2296,Net Banking,,
12411,4/17/2024,Mishti Singh,South,Coimbatore,Home Decor,Clock,Clock In,3,17942,5,51135,8841,UPI,,
12412,7/30/2025,Azad Tak,North,Delhi,Home Decor,Vase,Vase In,1,54632,15,46437,6423,Net Banking,,
12413,4/5/2024,Piya Saxena,West,Surat,Toys,Board Game,Board Game Natus,3,77782,15,198344,40562,COD,,
12414,11/8/2023,Tushar Balay,East,Patna,Furniture,Sofa,Sofa Ad,3,67365,5,191990,20012,Net Banking,,
12415,5/5/2024,Veer Mander,South,Chennai,Kitchen,Mixer Grinder,Mixer Grinder Iure,2,769,10,1384,281,UPI,,
12416,10/20/2023,Priyansh Som,East,Bhubaneswar,Home Decor,Wall Art,Wall Art At,2,66735,10,120123,7515,COD,,
12417,5/22/2025,Badal Maharaj,West,Goa,Furniture,Chair,Chair Quidem,3,63541,0,190623,43196,Debit Card,,
12418,11/2/2024,Ishita Gour,West,Goa,Furniture,Cabinet,Cabinet Nostrum,4,60442,15,205503,34720,Debit Card,,
12419,5/10/2024,Eshani Kashyap,South,Coimbatore,Groceries,Sugar,Sugar Reiciendis,3,62535,0,187605,38478,Net Banking,,
12420,4/4/2024,Renee Borah,North,Chandigarh,Beauty,Perfume,Perfume Neque,5,43450,15,184663,43666,Net Banking,,
12421,3/31/2025,Saksham Viswanathan,South,Bangalore,Furniture,Cabinet,Cabinet Porro,4,15141,5,57536,4627,COD,,
12422,5/31/2025,Adira Krishna,East,Guwahati,Toys,RC Car,RC Car Blanditiis,4,46131,10,166072,20406,Credit Card,,
12423,3/5/2025,Reyansh Toor,West,Mumbai,Clothing,Women's Wear,Women's Wear Vitae,1,37503,20,30002,6677,Credit Card,,
12424,12/5/2024,Fateh Rajagopal,East,Guwahati,Clothing,Kids Wear,Kids Wear Ab,4,44932,20,143782,32188,Credit Card,,
12425,3/6/2025,Gokul Ramaswamy,South,Chennai,Home Decor,Cushion,Cushion Error,1,6862,10,6176,376,UPI,,
12426,12/3/2024,Saksham Goyal,North,Delhi,Books,Comics,Comics Quibusdam,1,19399,10,17459,1488,Net Banking,,
12427,5/4/2025,Vihaan Bora,South,Chennai,Kitchen,Mixer Grinder,Mixer Grinder Nobis,4,72494,10,260978,56512,UPI,,
12428,6/29/2024,Sara Kalita,South,Coimbatore,Electronics,Laptop,Laptop A,3,1171,10,3162,596,Credit Card,,
12429,2/15/2024,Yasmin Bhandari,South,Chennai,Toys,Board Game,Board Game Iusto,2,74228,20,118765,15381,Credit Card,,
12430,4/28/2024,Tushar Iyengar,East,Guwahati,Kitchen,Refrigerator,Refrigerator Hic,1,15912,10,14321,1615,COD,,
12431,12/10/2023,Krish Warrior,East,Ranchi,Books,Comics,Comics Tempora,5,27176,15,115498,15757,Credit Card,,
12432,10/1/2025,Ishita Wali,South,Bangalore,Electronics,Mobile,Mobile Distinctio,5,5312,15,22576,4206,Debit Card,,
12433,3/16/2025,Gatik Shan,West,Goa,Books,Biography,Biography Corrupti,2,4766,5,9055,991,Debit Card,,
12434,1/7/2024,Purab Chadha,North,Lucknow,Groceries,Sugar,Sugar Qui,1,44779,0,44779,9489,UPI,,
12435,12/13/2023,Dishani Sastry,East,Guwahati,Toys,Doll,Doll Molestias,4,417,10,1501,198,Net Banking,,
12436,10/25/2023,Navya Sachar,North,Jaipur,Toys,Board Game,Board Game Tenetur,3,36935,15,94184,12135,UPI,,
12437,8/1/2025,Urvi Loyal,West,Surat,Books,Textbook,Textbook Sunt,1,8124,10,7312,1572,Debit Card,,
12438,1/16/2025,Shalv Kapoor,South,Hyderabad,Toys,Action Figure,Action Figure Nisi,4,7889,10,28400,2922,Debit Card,,
12439,2/1/2024,Tiya Balan,South,Coimbatore,Sports,Tennis Racket,Tennis Racket Repudiandae,1,70443,15,59877,6519,Credit Card,,
12440,11/22/2024,Samaira Saxena,East,Bhubaneswar,Kitchen,Microwave,Microwave Minus,4,39727,15,135072,22384,COD,,
12441,1/29/2025,Aaryahi Tiwari,East,Patna,Books,Non-Fiction,Non-Fiction Possimus,4,40900,5,155420,12411,Credit Card,,
12442,9/13/2024,Yasmin Raval,East,Bhubaneswar,Kitchen,Cookware Set,Cookware Set Non,2,22900,5,43510,9155,COD,,
12443,5/6/2024,Alisha Sankaran,East,Kolkata,Books,Non-Fiction,Non-Fiction Officiis,1,30660,0,30660,4219,UPI,,
12444,6/30/2024,Lakshit Korpal,East,Bhubaneswar,Kitchen,Cookware Set,Cookware Set Unde,2,29299,10,52738,8816,Credit Card,,
12445,6/6/2025,Ritvik Kapur,East,Bhubaneswar,Clothing,Men's Wear,Men's Wear Natus,1,26149,0,26149,5802,Debit Card,,
12446,11/18/2024,Trisha Raman,East,Patna,Sports,Dumbbells,Dumbbells Atque,2,49667,0,99334,18321,Net Banking,,
12447,9/26/2024,Nayantara Goel,East,Ranchi,Clothing,Kids Wear,Kids Wear Cumque,1,12103,10,10893,691,UPI,,
12448,12/21/2024,Shlok Dewan,North,Amritsar,Clothing,Shoes,Shoes Vero,5,67427,5,320278,58964,Debit Card,,
12449,1/28/2025,Pihu Acharya,North,Amritsar,Home Decor,Lamp,Lamp Minima,2,67221,20,107554,16000,UPI,,
12450,2/18/2025,Rati Chhabra,North,Chandigarh,Toys,Puzzle,Puzzle Sapiente,4,50609,15,172071,22326,COD,,
12451,12/31/2023,Miraan Sachar,South,Hyderabad,Groceries,Wheat,Wheat Commodi,3,46759,15,119235,7584,COD,,
12452,7/3/2024,Anahi Sahni,North,Chandigarh,Kitchen,Microwave,Microwave Id,5,22948,15,97529,9134,Debit Card,,
12453,2/12/2025,Azad Roy,West,Goa,Kitchen,Mixer Grinder,Mixer Grinder Totam,2,76530,10,137754,19605,Credit Card,,
12454,8/6/2025,Dharmajan Lal,West,Pune,Electronics,Mobile,Mobile Nostrum,2,52860,20,84576,10975,UPI,,
12455,3/16/2025,Sana Agarwal,North,Amritsar,Sports,Yoga Mat,Yoga Mat Odit,4,33427,20,106966,14285,COD,,
12456,9/8/2025,Arnav Kurian,North,Chandigarh,Furniture,Chair,Chair Sapiente,1,56017,10,50415,2587,Credit Card,,
12457,10/20/2024,Neysa Sura,East,Bhubaneswar,Furniture,Sofa,Sofa Maiores,4,37045,5,140771,26034,Credit Card,,
12458,2/23/2024,Raghav Ramaswamy,East,Guwahati,Home Decor,Lamp,Lamp Animi,4,25388,20,81242,13948,Net Banking,,
12459,1/26/2024,Kiara Krishnamurthy,East,Kolkata,Kitchen,Mixer Grinder,Mixer Grinder Quidem,4,28766,10,103558,6893,Credit Card,,
12460,9/29/2025,Saira Vala,North,Amritsar,Electronics,Headphones,Headphones Reiciendis,5,69559,10,313016,46084,Credit Card,,
12461,11/2/2023,Shanaya Rout,North,Delhi,Clothing,Women's Wear,Women's Wear Distinctio,1,9542,10,8588,2056,Net Banking,,
12462,3/8/2024,Misha Singh,East,Guwahati,Groceries,Sugar,Sugar Laborum,2,4226,10,7607,515,Net Banking,,
12463,6/26/2025,Aayush Banerjee,West,Goa,Furniture,Bed,Bed Iusto,3,5903,10,15938,3912,Net Banking,,
12464,11/12/2023,Alia Raju,East,Guwahati,Electronics,Laptop,Laptop Impedit,2,30257,10,54463,4180,COD,,
12465,5/25/2025,Tejas Kulkarni,West,Pune,Books,Biography,Biography Ratione,3,55984,20,134362,13024,UPI,,
12466,12/24/2024,Aniruddh Kade,East,Guwahati,Groceries,Sugar,Sugar Nostrum,3,19344,0,58032,14341,COD,,
12467,6/2/2025,Kashvi Choudhury,East,Kolkata,Toys,Board Game,Board Game Optio,1,26129,5,24823,3656,UPI,,
12468,5/27/2025,Uthkarsh Kohli,West,Goa,Electronics,Smartwatch,Smartwatch Error,5,60520,10,272340,36097,COD,,
12469,3/20/2025,Emir Sandhu,North,Lucknow,Toys,Puzzle,Puzzle Consectetur,1,17598,10,15838,2736,COD,,
12470,5/2/2024,Madhup Kuruvilla,East,Bhubaneswar,Sports,Yoga Mat,Yoga Mat Magnam,4,13561,5,51532,4152,Debit Card,,
12471,1/15/2024,Ishaan Manne,North,Chandigarh,Kitchen,Microwave,Microwave Ipsum,4,72709,0,290836,32502,Credit Card,,
12472,3/26/2025,Devansh Dayal,South,Coimbatore,Beauty,Lipstick,Lipstick Facilis,5,75416,0,377080,86486,COD,,
12473,6/30/2024,Adah Bhatnagar,North,Jaipur,Home Decor,Cushion,Cushion Mollitia,1,52794,10,47515,6505,Debit Card,,
12474,3/2/2024,Lakshay Arya,South,Thiruvananthapuram,Kitchen,Refrigerator,Refrigerator Numquam,1,51786,10,46607,3538,Debit Card,,
12475,3/11/2025,Ishaan Behl,South,Chennai,Kitchen,Microwave,Microwave Neque,1,47195,15,40116,4507,Debit Card,,
12476,1/15/2025,Taimur Jani,South,Chennai,Books,Fiction,Fiction Incidunt,4,68946,10,248206,33922,Net Banking,,
12477,10/13/2024,Advik Barman,South,Coimbatore,Kitchen,Refrigerator,Refrigerator Voluptatum,1,67087,15,57024,13475,Net Banking,,
12478,11/18/2024,Mohanlal Deshmukh,North,Jaipur,Clothing,Men's Wear,Men's Wear Deleniti,3,7846,10,21184,3521,Net Banking,,
12479,3/21/2025,Nitya Ray,East,Kolkata,Sports,Cricket Bat,Cricket Bat Asperiores,5,58845,5,279514,53167,Debit Card,,
12480,11/15/2023,Hansh Borah,North,Chandigarh,Sports,Football,Football Quam,1,50016,10,45014,5198,COD,,
12481,4/23/2025,Vedika Varma,West,Surat,Electronics,Smartwatch,Smartwatch Perspiciatis,5,50838,20,203352,10664,UPI,,
12482,12/31/2024,Eshani Swaminathan,North,Lucknow,Electronics,Laptop,Laptop Consequuntur,1,23484,20,18787,3486,Net Banking,,
12483,5/10/2025,Diya Chakrabarti,South,Thiruvananthapuram,Groceries,Spices,Spices Quos,3,23078,10,62311,13947,Debit Card,,
12484,8/18/2024,Ishita Guha,East,Bhubaneswar,Books,Biography,Biography Rem,1,56618,15,48125,2447,COD,,
12485,5/13/2024,Gatik Choudhury,West,Goa,Sports,Yoga Mat,Yoga Mat Adipisci,1,50052,20,40042,7720,COD,,
12486,7/13/2025,Rania Chakraborty,West,Ahmedabad,Books,Fiction,Fiction Nobis,3,43808,0,131424,26792,UPI,,
12487,2/13/2025,Baiju Dara,West,Pune,Clothing,Women's Wear,Women's Wear Accusamus,4,44623,0,178492,31486,Debit Card,,
12488,2/15/2025,Indrans Dhar,North,Jaipur,Furniture,Sofa,Sofa Sed,4,48102,10,173167,40443,Debit Card,,
12489,4/22/2024,Hansh Bhandari,East,Ranchi,Home Decor,Clock,Clock Officiis,4,52567,0,210268,33643,COD,,
12490,8/1/2024,Lakshay Kara,East,Bhubaneswar,Clothing,Kids Wear,Kids Wear Laudantium,4,6700,10,24120,3562,Net Banking,,
12491,1/19/2025,Nirvi Manda,South,Bangalore,Kitchen,Cookware Set,Cookware Set Quod,4,27707,20,88662,7143,Net Banking,,
12492,10/6/2024,Farhan Mallick,South,Thiruvananthapuram,Home Decor,Clock,Clock Facilis,3,38099,15,97152,6364,UPI,,
12493,5/8/2025,Faiyaz Chadha,North,Lucknow,Books,Non-Fiction,Non-Fiction Modi,4,7300,15,24820,4229,Net Banking,,
12494,4/26/2024,Lavanya Lad,East,Ranchi,Books,Comics,Comics Delectus,4,40631,20,130019,23458,Credit Card,,
12495,5/20/2024,Hazel Dyal,East,Guwahati,Home Decor,Lamp,Lamp Ad,3,10211,10,27570,6421,Credit Card,,
12496,8/12/2024,Reyansh Goel,South,Bangalore,Home Decor,Cushion,Cushion Eum,4,7979,0,31916,4814,UPI,,
12497,10/14/2023,Anahita Taneja,South,Chennai,Clothing,Women's Wear,Women's Wear At,4,37677,5,143173,9569,Credit Card,,
12498,3/5/2025,Ela Chokshi,West,Pune,Toys,Puzzle,Puzzle At,3,59754,5,170299,27186,UPI,,
12499,5/21/2024,Tushar Aurora,North,Amritsar,Clothing,Accessories,Accessories Occaecati,2,51078,20,81725,6694,Debit Card,,
12500,3/27/2024,Lagan Som,North,Chandigarh,Clothing,Kids Wear,Kids Wear Voluptatem,1,43378,0,43378,3355,UPI,,
12501,9/4/2025,Kaira Bhatia,North,Delhi,Electronics,Laptop,Laptop Laboriosam,5,7303,5,34689,4141,COD,,
12502,10/24/2024,Amani Keer,South,Coimbatore,Home Decor,Wall Art,Wall Art Officiis,1,78381,5,74462,5327,Debit Card,,
12503,1/27/2024,Yakshit Chakraborty,North,Lucknow,Beauty,Perfume,Perfume Repudiandae,4,76187,15,259036,13022,COD,,
12504,12/17/2024,Riya Mander,South,Bangalore,Groceries,Wheat,Wheat Optio,3,46017,5,131148,27106,UPI,,
12505,10/3/2025,Heer Banik,North,Jaipur,Groceries,Oil,Oil Repellendus,3,37796,10,102049,9696,Net Banking,,
12506,5/10/2025,Gokul Kaur,West,Surat,Toys,Board Game,Board Game Quae,4,38258,15,130077,27960,Credit Card,,
12507,2/15/2025,Biju Kalita,South,Chennai,Books,Non-Fiction,Non-Fiction Accusantium,3,36092,20,86621,5149,Net Banking,,
12508,2/3/2025,Jivika Dey,North,Jaipur,Toys,Puzzle,Puzzle Quos,2,68939,0,137878,30886,COD,,
12509,12/5/2024,Vanya Saha,North,Amritsar,Groceries,Rice,Rice Hic,5,27510,15,116918,6166,Credit Card,,
12510,1/15/2024,Anvi Behl,North,Lucknow,Furniture,Sofa,Sofa Sunt,5,43081,15,183094,45442,Credit Card,,
12511,5/9/2024,Charvi Desai,West,Surat,Electronics,Laptop,Laptop Consectetur,1,34074,0,34074,3207,COD,,
12512,5/27/2024,Oorja Kapoor,West,Ahmedabad,Furniture,Bed,Bed Reprehenderit,2,59713,0,119426,10673,Net Banking,,
12513,2/29/2024,Anahita Krishna,East,Patna,Groceries,Oil,Oil Mollitia,5,5874,20,23496,1330,Debit Card,,
12514,8/2/2024,Ojas Srinivasan,West,Mumbai,Toys,Board Game,Board Game Similique,4,52834,20,169069,8471,Credit Card,,
12515,8/8/2024,Shray Sarma,North,Amritsar,Clothing,Women's Wear,Women's Wear Mollitia,4,58290,0,233160,25127,UPI,,
12516,12/14/2023,Amira Chander,East,Guwahati,Kitchen,Cookware Set,Cookware Set In,2,6871,10,12368,2121,COD,,
12517,8/17/2024,Bhamini Rama,South,Chennai,Clothing,Women's Wear,Women's Wear Inventore,5,17700,10,79650,8004,COD,,
12518,9/15/2025,Kartik Chandran,North,Delhi,Clothing,Women's Wear,Women's Wear Optio,5,24842,20,99368,5210,Credit Card,,
12519,8/23/2025,Miraya Edwin,South,Coimbatore,Books,Non-Fiction,Non-Fiction Soluta,3,63871,0,191613,18990,COD,,
12520,7/6/2024,Tushar Jain,West,Goa,Beauty,Face Cream,Face Cream Pariatur,2,79948,20,127917,20456,UPI,,
12521,7/31/2024,Samiha Tata,South,Chennai,Books,Biography,Biography Nulla,4,19513,0,78052,9133,Credit Card,,
12522,7/15/2024,Oorja Arora,West,Mumbai,Beauty,Perfume,Perfume Doloribus,3,70271,20,168650,34609,Debit Card,,
12523,10/23/2024,Riaan Rattan,West,Pune,Books,Comics,Comics Consequuntur,1,65966,10,59369,12497,COD,,
12524,2/23/2024,Mamooty Dube,East,Guwahati,Clothing,Men's Wear,Men's Wear Non,2,9482,0,18964,3503,Net Banking,,
12525,5/7/2024,Mamooty Raman,South,Coimbatore,Sports,Tennis Racket,Tennis Racket Optio,3,46781,5,133326,18817,COD,,
12526,8/7/2024,Samiha Badami,South,Chennai,Home Decor,Lamp,Lamp Temporibus,4,67643,15,229986,25859,COD,,
12527,1/25/2025,Mehul Kar,West,Surat,Kitchen,Cookware Set,Cookware Set Nemo,3,30496,20,73190,15284,Credit Card,,
12528,8/7/2025,Miraya Tella,West,Surat,Kitchen,Juicer,Juicer Quos,3,37236,15,94952,6873,Net Banking,,
12529,5/30/2024,Raghav Rege,South,Hyderabad,Groceries,Spices,Spices Hic,5,48255,15,205084,26312,Net Banking,,
12530,3/19/2025,Fateh Madan,North,Jaipur,Groceries,Oil,Oil Perspiciatis,4,37889,10,136400,17051,UPI,,
12531,9/1/2024,Samar Kaur,West,Pune,Home Decor,Lamp,Lamp Tempore,1,22373,20,17898,1549,UPI,,
12532,2/20/2025,Amira Ghosh,West,Goa,Clothing,Accessories,Accessories Porro,2,23589,0,47178,10818,Credit Card,,
12533,12/18/2023,Hunar Chowdhury,North,Chandigarh,Toys,Doll,Doll Ab,4,16492,10,59371,6683,Credit Card,,
12534,3/28/2025,Manjari Kunda,West,Pune,Furniture,Sofa,Sofa Mollitia,2,20859,15,35460,2967,Debit Card,,
12535,2/4/2025,Dishani Rajagopal,South,Hyderabad,Sports,Football,Football Commodi,1,32325,15,27476,2497,Net Banking,,
12536,3/16/2024,Fateh Edwin,West,Mumbai,Books,Non-Fiction,Non-Fiction Quas,3,60710,0,182130,35596,Credit Card,,
12537,10/8/2023,Pihu Kar,East,Kolkata,Furniture,Table,Table Sequi,5,5443,20,21772,1775,Debit Card,,
12538,10/30/2023,Heer Raman,West,Ahmedabad,Sports,Dumbbells,Dumbbells Est,3,73832,20,177197,21583,Net Banking,,
12539,2/1/2024,Ojas Viswanathan,North,Amritsar,Beauty,Face Cream,Face Cream Illum,2,42712,5,81153,12099,Credit Card,,
12540,5/23/2025,Armaan Aggarwal,South,Hyderabad,Groceries,Rice,Rice Voluptate,2,29140,10,52452,6048,COD,,
12541,2/21/2024,Taimur Doshi,East,Guwahati,Books,Comics,Comics Beatae,1,1223,0,1223,107,COD,,
12542,10/5/2024,Myra Wason,North,Amritsar,Books,Textbook,Textbook Itaque,2,60367,15,102624,11002,COD,,
12543,4/23/2024,Krish Bhagat,South,Bangalore,Beauty,Lipstick,Lipstick Possimus,4,62361,15,212027,23039,Credit Card,,
12544,12/2/2023,Uthkarsh Lalla,North,Jaipur,Books,Comics,Comics Non,1,7209,5,6849,1197,Debit Card,,
12545,5/27/2024,Trisha Sharaf,North,Jaipur,Electronics,Headphones,Headphones Repudiandae,3,3454,5,9844,2318,COD,,
12546,10/12/2023,Kartik Loyal,West,Goa,Sports,Cricket Bat,Cricket Bat Eos,2,37545,10,67581,3380,COD,,
12547,2/1/2025,Nitara Srinivas,South,Hyderabad,Furniture,Chair,Chair Aperiam,3,20538,10,55453,5846,Credit Card,,
12548,10/1/2025,Tara Jaggi,South,Hyderabad,Books,Textbook,Textbook Veniam,1,14796,0,14796,2263,COD,,
12549,4/18/2025,Dishani Lad,North,Chandigarh,Books,Fiction,Fiction Illum,5,24126,0,120630,11786,UPI,,
12550,11/8/2024,Romil Bala,West,Goa,Sports,Football,Football Commodi,1,18676,0,18676,977,Debit Card,,
12551,9/15/2025,Zeeshan Chad,South,Chennai,Kitchen,Mixer Grinder,Mixer Grinder Dolor,3,76579,10,206763,47497,Net Banking,,
12552,2/11/2024,Mamooty Dewan,South,Hyderabad,Home Decor,Wall Art,Wall Art Tempora,1,48500,15,41225,3091,COD,,
12553,1/23/2024,Divyansh Sarraf,West,Mumbai,Electronics,Laptop,Laptop Consequatur,3,36436,15,92912,20965,Debit Card,,
12554,11/24/2023,Gokul Keer,West,Goa,Kitchen,Refrigerator,Refrigerator Veritatis,3,48917,10,132076,21009,UPI,,
12555,8/29/2025,Heer Kumar,West,Ahmedabad,Clothing,Women's Wear,Women's Wear Soluta,3,2420,15,6171,856,UPI,,
12556,4/14/2025,Zara Swaminathan,North,Jaipur,Home Decor,Cushion,Cushion Praesentium,3,64543,15,164585,18250,UPI,,
12557,12/6/2024,Nitara Kibe,West,Surat,Furniture,Table,Table In,1,4793,5,4553,660,Debit Card,,
12558,8/30/2024,Bhamini Chatterjee,North,Delhi,Furniture,Sofa,Sofa Ipsum,4,73765,15,250801,52017,COD,,
12559,7/8/2025,Kiara Kuruvilla,North,Chandigarh,Sports,Yoga Mat,Yoga Mat Eligendi,5,38112,0,190560,32518,UPI,,
12560,5/30/2025,Saanvi Keer,West,Mumbai,Toys,RC Car,RC Car Aliquam,1,67353,10,60618,6919,UPI,,
12561,10/20/2023,Sana Vyas,North,Chandigarh,Home Decor,Wall Art,Wall Art Facilis,3,38820,0,116460,10292,COD,,
12562,8/15/2024,Saanvi Samra,South,Thiruvananthapuram,Books,Fiction,Fiction Aliquid,1,60871,15,51740,7953,Credit Card,,
12563,10/19/2024,Siya Mammen,North,Jaipur,Electronics,Laptop,Laptop Libero,3,51519,0,154557,29199,Net Banking,,
12564,12/2/2024,Raghav Kala,South,Thiruvananthapuram,Books,Textbook,Textbook Quam,5,15267,20,61068,10558,Net Banking,,
12565,12/21/2023,Keya Vohra,North,Delhi,Toys,Board Game,Board Game Beatae,4,47990,5,182362,18554,UPI,,
12566,4/12/2025,Indranil Chaudhary,East,Bhubaneswar,Home Decor,Cushion,Cushion Harum,3,14918,10,40279,3873,Net Banking,,
12567,4/13/2025,Arnav Ranganathan,South,Hyderabad,Furniture,Sofa,Sofa Fugiat,2,39132,10,70438,11394,Debit Card,,
12568,2/12/2024,Rhea Lall,South,Bangalore,Clothing,Men's Wear,Men's Wear Aperiam,4,39573,5,150377,22273,Credit Card,,
12569,1/19/2025,Jivin Baral,North,Amritsar,Home Decor,Clock,Clock Odit,2,29072,0,58144,13459,Debit Card,,
12570,2/15/2025,Nayantara Issac,North,Delhi,Kitchen,Mixer Grinder,Mixer Grinder Iusto,4,52378,5,199036,42664,Net Banking,,
12571,4/19/2024,Navya Thaker,West,Mumbai,Books,Fiction,Fiction Temporibus,3,51918,20,124603,9377,COD,,
12572,7/23/2024,Lavanya Rajagopalan,West,Ahmedabad,Sports,Dumbbells,Dumbbells Expedita,3,78172,20,187613,19018,Net Banking,,
12573,2/16/2025,Piya Hans,West,Pune,Groceries,Rice,Rice Totam,3,68680,0,206040,17742,COD,,
12574,11/29/2023,Nakul Raman,West,Surat,Sports,Football,Football Fugit,2,75516,20,120826,21725,Debit Card,,
12575,7/25/2024,Ishita Kuruvilla,North,Chandigarh,Clothing,Accessories,Accessories Quaerat,2,38898,10,70016,12403,UPI,,
12576,6/27/2024,Purab Khalsa,North,Jaipur,Beauty,Face Cream,Face Cream Earum,2,15336,0,30672,2750,Credit Card,,
12577,6/18/2025,Ela Kalita,South,Bangalore,Toys,Puzzle,Puzzle Ut,5,61719,20,246876,36877,Net Banking,,
12578,9/24/2025,Hridaan Bera,South,Thiruvananthapuram,Clothing,Kids Wear,Kids Wear Sit,4,40541,20,129731,20950,COD,,
12579,10/12/2024,Suhana Doshi,East,Kolkata,Groceries,Wheat,Wheat Repellendus,2,9193,20,14709,1707,UPI,,
12580,10/24/2023,Diya Sachar,South,Hyderabad,Electronics,Mobile,Mobile Odit,1,66153,0,66153,12471,Credit Card,,
12581,12/8/2023,Taran Khare,West,Mumbai,Beauty,Lipstick,Lipstick Occaecati,4,20415,5,77577,9886,Net Banking,,
12582,2/21/2024,Kiara Vasa,East,Patna,Beauty,Perfume,Perfume Unde,4,59972,0,239888,26551,COD,,
12583,7/29/2025,Manjari Chokshi,North,Chandigarh,Toys,Action Figure,Action Figure Doloremque,1,68857,10,61971,14881,Debit Card,,
12584,3/18/2024,Ayesha Wable,West,Ahmedabad,Clothing,Women's Wear,Women's Wear Tenetur,1,32572,0,32572,7121,Credit Card,,
12585,3/15/2024,Rohan Walia,West,Pune,Clothing,Men's Wear,Men's Wear Mollitia,2,2713,10,4883,996,Net Banking,,
12586,7/11/2024,Adah Rajagopal,West,Goa,Home Decor,Wall Art,Wall Art Iusto,4,38541,20,123331,7236,Net Banking,,
12587,6/11/2025,Raghav Agarwal,East,Guwahati,Beauty,Lipstick,Lipstick Alias,4,74374,0,297496,46932,Credit Card,,
12588,11/29/2023,Saira Dora,East,Bhubaneswar,Furniture,Bed,Bed Consectetur,4,65122,0,260488,20230,Net Banking,,
12589,4/25/2024,Rohan Vala,West,Mumbai,Kitchen,Juicer,Juicer Omnis,4,42579,0,170316,11628,UPI,,
12590,2/6/2024,Azad Khatri,North,Lucknow,Home Decor,Wall Art,Wall Art Numquam,4,71951,5,273414,57714,Debit Card,,
12591,1/7/2024,Indranil Kar,West,Ahmedabad,Furniture,Table,Table Fuga,3,20142,15,51362,5225,UPI,,
12592,8/26/2025,Arhaan Sagar,West,Surat,Books,Non-Fiction,Non-Fiction Ad,3,64767,10,174871,40820,Debit Card,,
12593,4/7/2024,Rhea Salvi,West,Mumbai,Toys,Board Game,Board Game Laboriosam,3,62731,0,188193,39605,Debit Card,,
12594,6/21/2025,Alia Chaudhari,North,Chandigarh,Electronics,Mobile,Mobile Itaque,1,7482,20,5986,426,Debit Card,,
12595,5/29/2025,Aarna Dugar,North,Chandigarh,Electronics,Headphones,Headphones Quae,5,47721,5,226675,21145,Debit Card,,
12596,6/18/2025,Uthkarsh Kumer,West,Pune,Furniture,Sofa,Sofa Ut,2,59338,20,94941,21060,UPI,,
12597,7/17/2025,Manjari Konda,East,Patna,Clothing,Women's Wear,Women's Wear Reprehenderit,4,60334,0,241336,30326,UPI,,
12598,6/19/2024,Arnav Deo,West,Pune,Beauty,Perfume,Perfume Dolor,5,19970,20,79880,6882,Credit Card,,
12599,1/19/2024,Alisha Chakrabarti,South,Chennai,Books,Textbook,Textbook Optio,3,20911,15,53323,10867,UPI,,
12600,4/10/2025,Amani Andra,North,Delhi,Sports,Football,Football Repellendus,3,20274,0,60822,4831,Credit Card,,
12601,2/11/2024,Sara Bath,East,Patna,Kitchen,Refrigerator,Refrigerator In,5,21728,20,86912,15928,Net Banking,,
12602,6/4/2024,Abram Bhalla,South,Coimbatore,Books,Biography,Biography Nesciunt,1,41237,15,35051,8216,Credit Card,,
12603,7/10/2025,Aarush Acharya,North,Lucknow,Groceries,Oil,Oil Nam,1,78111,5,74205,8077,Debit Card,,
12604,8/29/2024,Indranil Toor,North,Lucknow,Furniture,Sofa,Sofa Facere,4,21672,20,69350,16958,Credit Card,,
12605,2/9/2025,Kanav Talwar,South,Chennai,Sports,Cricket Bat,Cricket Bat Impedit,1,12702,20,10162,1589,UPI,,
12606,1/21/2025,Bhavin Krishnamurthy,West,Goa,Home Decor,Wall Art,Wall Art Voluptate,4,25020,15,85068,14812,UPI,,
12607,7/26/2024,Seher Dey,South,Hyderabad,Home Decor,Wall Art,Wall Art Numquam,1,65804,10,59224,11870,UPI,,
12608,2/25/2025,Advik Bhatnagar,North,Lucknow,Electronics,Camera,Camera Blanditiis,4,57786,10,208030,42130,Credit Card,,
12609,5/22/2024,Neelofar Saraf,North,Chandigarh,Kitchen,Refrigerator,Refrigerator Consequuntur,5,34221,0,171105,42580,Credit Card,,
12610,4/12/2024,Khushi Rajagopal,South,Chennai,Books,Non-Fiction,Non-Fiction In,5,71772,15,305031,42045,Debit Card,,
12611,9/16/2024,Ivan Lata,West,Mumbai,Home Decor,Vase,Vase Provident,2,71205,15,121049,13122,UPI,,
12612,12/14/2023,Jayesh Uppal,East,Guwahati,Home Decor,Clock,Clock Itaque,5,23305,0,116525,28533,UPI,,
12613,3/27/2025,Vivaan Balasubramanian,East,Bhubaneswar,Books,Non-Fiction,Non-Fiction A,1,74364,15,63209,4085,Credit Card,,
12614,1/3/2025,Sara Bail,South,Coimbatore,Electronics,Headphones,Headphones Aliquam,1,65706,0,65706,14494,UPI,,
12615,10/11/2023,Kavya Rajan,West,Pune,Furniture,Sofa,Sofa Iure,5,70724,20,282896,34980,COD,,
12616,5/7/2024,Yuvaan Kade,South,Coimbatore,Groceries,Sugar,Sugar Nesciunt,3,2118,0,6354,1117,COD,,
12617,6/25/2025,Kismat Deol,West,Ahmedabad,Kitchen,Mixer Grinder,Mixer Grinder Dicta,1,7064,15,6004,885,Debit Card,,
12618,11/30/2023,Ishaan Dewan,West,Goa,Toys,Board Game,Board Game Autem,3,15061,20,36146,5293,UPI,,
12619,4/10/2024,Rati Tank,East,Guwahati,Kitchen,Microwave,Microwave Laborum,1,55880,15,47498,5045,COD,,
12620,12/29/2024,Myra Sehgal,West,Pune,Furniture,Cabinet,Cabinet Voluptatibus,5,15887,10,71492,4421,Credit Card,,
12621,1/19/2024,Sana Sule,North,Lucknow,Books,Biography,Biography Ipsa,3,804,15,2050,433,UPI,,
12622,3/17/2025,Zoya Hans,South,Bangalore,Kitchen,Juicer,Juicer Aperiam,5,3672,5,17442,3055,Net Banking,,
12623,12/26/2023,Eva Rajan,West,Surat,Sports,Football,Football Optio,2,74827,0,149654,21057,Debit Card,,
12624,11/3/2023,Jhanvi Sinha,North,Amritsar,Kitchen,Microwave,Microwave Necessitatibus,1,12494,5,11869,1560,COD,,
12625,5/23/2025,Tara Konda,West,Mumbai,Beauty,Perfume,Perfume Expedita,1,31088,0,31088,2696,UPI,,
12626,9/11/2024,Hunar Lalla,North,Jaipur,Furniture,Cabinet,Cabinet Natus,3,34154,5,97339,22648,Debit Card,,
12627,9/30/2025,Lavanya Saxena,South,Chennai,Kitchen,Mixer Grinder,Mixer Grinder Commodi,4,18567,20,59414,6177,Net Banking,,
12628,8/21/2025,Yuvraj  Lala,South,Bangalore,Kitchen,Mixer Grinder,Mixer Grinder Voluptate,2,53117,20,84987,12207,Debit Card,,
12629,10/16/2023,Anvi Joshi,South,Thiruvananthapuram,Furniture,Bed,Bed Ipsa,1,28153,10,25338,1913,Debit Card,,
12630,7/30/2025,Yashvi Sarin,North,Lucknow,Sports,Dumbbells,Dumbbells Voluptate,2,29092,5,55275,9564,UPI,,
12631,12/11/2023,Siya Chaudhari,East,Guwahati,Clothing,Women's Wear,Women's Wear Explicabo,1,62171,0,62171,11086,Credit Card,,
12632,5/28/2025,Jivika Manne,West,Ahmedabad,Electronics,Smartwatch,Smartwatch Dolorum,5,59706,15,253751,33270,Net Banking,,
12633,9/10/2024,Vanya Srinivasan,South,Chennai,Toys,RC Car,RC Car Ex,2,23016,20,36826,5468,Debit Card,,
12634,8/21/2025,Mishti Kata,West,Mumbai,Furniture,Bed,Bed Culpa,4,67815,10,244134,53624,Credit Card,,
12635,8/1/2024,Reyansh Mall,East,Guwahati,Kitchen,Refrigerator,Refrigerator Ipsam,4,34660,0,138640,11817,Debit Card,,
12636,5/22/2025,Prerak Butala,West,Goa,Toys,Board Game,Board Game Accusamus,2,51696,0,103392,24392,Credit Card,,
12637,7/15/2025,Samiha Golla,North,Jaipur,Clothing,Men's Wear,Men's Wear Soluta,2,49075,0,98150,13046,Credit Card,,
12638,7/19/2025,Inaaya  Dhingra,South,Thiruvananthapuram,Beauty,Face Cream,Face Cream Id,5,20820,15,88485,8725,Debit Card,,
12639,2/14/2024,Mohanlal Bhattacharyya,West,Goa,Clothing,Kids Wear,Kids Wear Reprehenderit,2,4157,5,7898,1119,UPI,,
12640,2/14/2024,Biju Dar,East,Guwahati,Furniture,Chair,Chair Omnis,1,48758,0,48758,9886,Net Banking,,
12641,9/29/2024,Taimur Arora,West,Goa,Toys,RC Car,RC Car Occaecati,5,27084,5,128649,9853,Credit Card,,
12642,12/10/2024,Shlok Kapadia,South,Bangalore,Groceries,Wheat,Wheat Laudantium,3,24691,20,59258,11759,Net Banking,,
12643,6/27/2025,Hiran Kapur,South,Thiruvananthapuram,Toys,RC Car,RC Car Nulla,4,40534,20,129709,14787,UPI,,
12644,6/2/2025,Ritvik Grewal,North,Lucknow,Home Decor,Vase,Vase Ducimus,3,48306,5,137672,23820,Credit Card,,
12645,7/13/2025,Hansh Krish,North,Jaipur,Toys,Board Game,Board Game Harum,2,68216,0,136432,33683,COD,,
12646,11/25/2024,Samar Sathe,West,Ahmedabad,Books,Comics,Comics Nemo,5,63842,0,319210,71770,COD,,
12647,11/14/2024,Vivaan Tella,East,Guwahati,Books,Non-Fiction,Non-Fiction Totam,5,69145,10,311153,61304,COD,,
12648,9/2/2024,Devansh Hari,West,Surat,Clothing,Women's Wear,Women's Wear Nemo,3,79471,15,202651,41797,UPI,,
12649,4/7/2025,Amira Kara,East,Bhubaneswar,Toys,Puzzle,Puzzle Ipsa,5,79431,15,337582,66150,Net Banking,,
12650,10/22/2023,Mohanlal Tiwari,East,Ranchi,Electronics,Camera,Camera Facere,1,64914,15,55177,10152,Credit Card,,
12651,10/5/2023,Yasmin Sengupta,South,Hyderabad,Kitchen,Microwave,Microwave Dolore,3,55650,0,166950,27965,Credit Card,,
12652,8/23/2025,Advik Chatterjee,West,Surat,Groceries,Sugar,Sugar Voluptas,4,24723,0,98892,12759,UPI,,
12653,7/17/2024,Rati Dugar,West,Surat,Toys,Puzzle,Puzzle Illo,4,43534,20,139309,26316,Net Banking,,
12654,12/11/2024,Tejas Borra,West,Mumbai,Home Decor,Cushion,Cushion Repellendus,3,37510,20,90024,20715,Net Banking,,
12655,9/11/2024,Ivan Varughese,North,Amritsar,Beauty,Lipstick,Lipstick Eaque,2,66085,0,132170,18277,Net Banking,,
12656,4/2/2024,Indranil Raj,North,Delhi,Sports,Dumbbells,Dumbbells Odio,3,6745,0,20235,1635,COD,,
12657,9/21/2024,Rhea Kurian,East,Guwahati,Sports,Dumbbells,Dumbbells Saepe,3,21263,20,51031,6478,Credit Card,,
12658,7/3/2024,Nehmat Khare,North,Chandigarh,Home Decor,Cushion,Cushion At,4,31267,20,100054,17425,COD,,
12659,6/7/2025,Parinaaz Dayal,North,Lucknow,Beauty,Face Cream,Face Cream Repudiandae,3,48494,0,145482,17219,Net Banking,,
12660,2/8/2025,Damini Sarma,West,Surat,Home Decor,Clock,Clock Labore,1,28752,5,27314,6792,Debit Card,,
12661,12/15/2024,Hansh Kurian,South,Bangalore,Clothing,Accessories,Accessories Eligendi,5,7587,5,36038,2278,Debit Card,,
12662,8/6/2025,Bhavin Ratti,East,Patna,Sports,Dumbbells,Dumbbells Et,3,23691,0,71073,5632,UPI,,
12663,9/5/2025,Hunar Dara,North,Jaipur,Clothing,Kids Wear,Kids Wear Odio,3,265,5,755,41,COD,,
12664,10/18/2024,Rasha Sur,West,Goa,Kitchen,Cookware Set,Cookware Set Id,3,63282,5,180354,16602,Net Banking,,
12665,7/20/2025,Navya Kadakia,East,Ranchi,Kitchen,Cookware Set,Cookware Set Magni,1,23808,5,22618,1518,Credit Card,,
12666,11/18/2024,Kismat Chand,North,Chandigarh,Home Decor,Clock,Clock Deserunt,5,29607,5,140633,34618,Net Banking,,
12667,4/30/2024,Saksham Garg,South,Coimbatore,Clothing,Men's Wear,Men's Wear Odit,1,57260,5,54397,8823,Net Banking,,
12668,12/18/2024,Mahika Ganesh,North,Amritsar,Home Decor,Cushion,Cushion Laborum,4,73922,15,251335,25826,Credit Card,,
12669,6/17/2025,Kaira Mannan,North,Jaipur,Books,Fiction,Fiction Possimus,2,7949,5,15103,1095,Net Banking,,
12670,10/4/2023,Dhruv Chakrabarti,West,Surat,Groceries,Sugar,Sugar Non,1,61466,0,61466,11023,COD,,
12671,7/11/2024,Kiara Bahl,North,Lucknow,Kitchen,Refrigerator,Refrigerator Ducimus,5,49063,5,233049,14777,COD,,
12672,1/23/2025,Shanaya Kale,West,Goa,Beauty,Shampoo,Shampoo Voluptatibus,2,79540,15,135218,19338,UPI,,
12673,2/23/2024,Jhanvi Rout,West,Surat,Kitchen,Cookware Set,Cookware Set Necessitatibus,3,51253,5,146071,13244,Net Banking,,
12674,6/2/2024,Mannat Sharma,East,Bhubaneswar,Groceries,Sugar,Sugar Quis,4,19605,5,74499,13965,Net Banking,,
12675,4/15/2025,Lagan Kata,South,Thiruvananthapuram,Electronics,Headphones,Headphones Voluptates,1,24645,0,24645,3161,Net Banking,,
12676,10/18/2023,Madhav Guha,North,Amritsar,Books,Fiction,Fiction Itaque,3,5517,0,16551,1712,Credit Card,,
12677,11/25/2023,Anay Sandal,North,Chandigarh,Clothing,Shoes,Shoes Ducimus,5,31313,10,140909,14301,COD,,
12678,2/19/2025,Hazel Yogi,East,Guwahati,Electronics,Camera,Camera Eligendi,2,2017,5,3832,426,UPI,,
12679,7/9/2025,Samar Chadha,East,Bhubaneswar,Home Decor,Wall Art,Wall Art Facere,2,18855,5,35825,6706,Credit Card,,
12680,4/14/2025,Dhanush Cheema,South,Hyderabad,Sports,Yoga Mat,Yoga Mat Culpa,4,42304,0,169216,30002,Net Banking,,
12681,6/9/2025,Alisha Sekhon,South,Hyderabad,Beauty,Shampoo,Shampoo Voluptatem,1,17050,10,15345,3207,Credit Card,,
12682,3/8/2024,Ritvik Sandhu,North,Delhi,Home Decor,Vase,Vase In,2,51223,5,97324,20201,Net Banking,,
12683,8/27/2025,Chirag Sachdev,East,Bhubaneswar,Beauty,Face Cream,Face Cream Rem,4,69322,15,235695,37329,UPI,,
12684,5/15/2025,Aarush Chaudhry,West,Goa,Kitchen,Microwave,Microwave Distinctio,3,23159,0,69477,11471,COD,,
12685,2/20/2025,Khushi Shah,West,Pune,Books,Fiction,Fiction Est,4,62268,20,199258,13102,UPI,,
12686,11/19/2024,Amira Jain,North,Lucknow,Clothing,Women's Wear,Women's Wear Minima,3,17544,15,44737,9603,Debit Card,,
12687,6/27/2024,Renee Sabharwal,North,Delhi,Home Decor,Cushion,Cushion Qui,2,30247,10,54445,5482,UPI,,
12688,3/12/2025,Bhavin Krishnan,North,Jaipur,Electronics,Camera,Camera Ea,5,25841,20,103364,12413,Net Banking,,
12689,3/9/2025,Mamooty Dass,South,Bangalore,Kitchen,Refrigerator,Refrigerator Molestias,1,50830,20,40664,6428,UPI,,
12690,11/7/2024,Priyansh Raman,East,Ranchi,Toys,Board Game,Board Game Veniam,2,33310,0,66620,4069,COD,,
12691,2/12/2025,Sara Gola,South,Bangalore,Home Decor,Clock,Clock Ab,4,48882,20,156422,37893,Credit Card,,
12692,6/4/2025,Adira Handa,West,Surat,Beauty,Lipstick,Lipstick Assumenda,4,18641,0,74564,14656,Credit Card,,
12693,3/3/2024,Raghav Dâ€™Alia,West,Mumbai,Electronics,Headphones,Headphones Dolorum,3,19812,0,59436,13690,Credit Card,,
12694,8/12/2025,Eva Tata,West,Surat,Beauty,Perfume,Perfume Nobis,3,13920,5,39672,8921,COD,,
12695,4/5/2025,Ishaan Tara,North,Amritsar,Kitchen,Cookware Set,Cookware Set Accusamus,2,35679,10,64222,11768,COD,,
12696,7/18/2024,Aarav Gupta,South,Hyderabad,Books,Biography,Biography Provident,3,50707,20,121697,16451,Net Banking,,
12697,10/11/2023,Vardaniya Dixit,West,Ahmedabad,Toys,RC Car,RC Car Labore,1,54323,5,51607,8693,Net Banking,,
12698,4/9/2025,Rohan Sama,East,Ranchi,Toys,Action Figure,Action Figure Ipsam,4,47447,0,189788,37270,Credit Card,,
12699,6/2/2024,Taimur Bala,West,Surat,Kitchen,Microwave,Microwave Quasi,4,8289,0,33156,6814,Net Banking,,
12700,7/5/2025,Bhavin Gulati,South,Coimbatore,Home Decor,Vase,Vase Maxime,1,75084,15,63821,9267,Net Banking,,
12701,10/2/2025,Jayan Handa,North,Chandigarh,Beauty,Shampoo,Shampoo Enim,5,63288,10,284796,34565,COD,,
12702,10/5/2024,Aniruddh Seshadri,West,Goa,Home Decor,Wall Art,Wall Art Voluptatum,3,276,0,828,88,UPI,,
12703,7/21/2025,Shayak Dora,West,Ahmedabad,Sports,Dumbbells,Dumbbells Excepturi,1,68071,10,61264,9418,UPI,,
12704,11/20/2024,Tanya Thakur,West,Ahmedabad,Books,Comics,Comics Dolorum,1,77473,0,77473,17603,Net Banking,,
12705,6/6/2025,Jayan Boase,East,Patna,Clothing,Shoes,Shoes Consequuntur,2,12854,15,21852,5341,Net Banking,,
12706,4/1/2025,Indranil Master,North,Chandigarh,Groceries,Rice,Rice Illum,4,69648,15,236803,30264,Net Banking,,
12707,10/17/2024,Kashvi Sunder,South,Hyderabad,Groceries,Wheat,Wheat Quibusdam,3,69750,15,177863,38522,UPI,,
12708,8/15/2024,Adira Gokhale,West,Pune,Books,Biography,Biography Ullam,3,18329,5,52238,3192,Debit Card,,
12709,3/5/2025,Renee Luthra,North,Lucknow,Electronics,Headphones,Headphones Suscipit,3,69777,20,167465,27314,Net Banking,,
12710,12/24/2023,Manjari Kar,North,Jaipur,Kitchen,Microwave,Microwave Vel,3,10522,15,26831,2163,Debit Card,,
12711,5/14/2025,Eshani Venkatesh,South,Coimbatore,Sports,Football,Football Architecto,1,40345,5,38328,7593,UPI,,
12712,8/4/2025,Anahi Rajagopalan,East,Patna,Clothing,Women's Wear,Women's Wear Voluptatibus,2,63444,20,101510,16630,UPI,,
12713,2/7/2025,Raghav Aurora,East,Ranchi,Home Decor,Wall Art,Wall Art Quasi,2,14699,20,23518,3439,UPI,,
12714,2/3/2024,Seher Sami,East,Guwahati,Beauty,Foundation,Foundation Doloribus,3,24431,20,58634,9574,Net Banking,,
12715,5/31/2025,Divij Varma,North,Chandigarh,Kitchen,Juicer,Juicer Enim,3,35710,10,96417,5781,Net Banking,,
12716,1/1/2024,Sana Trivedi,North,Delhi,Toys,Action Figure,Action Figure Libero,5,16003,0,80015,5568,Debit Card,,
12717,3/29/2024,Biju Chandra,North,Chandigarh,Beauty,Foundation,Foundation Ipsa,1,78539,20,62831,8240,Net Banking,,
12718,2/2/2024,Miraan Chacko,South,Hyderabad,Furniture,Cabinet,Cabinet Expedita,1,62862,15,53433,8115,Debit Card,,
12719,6/16/2025,Taimur Raju,South,Hyderabad,Sports,Dumbbells,Dumbbells Doloremque,5,51737,10,232817,22649,Net Banking,,
12720,5/26/2025,Veer Bhardwaj,North,Chandigarh,Beauty,Foundation,Foundation Nobis,5,18638,5,88531,6938,Net Banking,,
12721,9/20/2024,Lavanya Gara,East,Ranchi,Kitchen,Juicer,Juicer Possimus,2,56755,0,113510,11258,Debit Card,,
12722,6/5/2025,Tushar Bahri,East,Kolkata,Home Decor,Wall Art,Wall Art Doloremque,1,72239,10,65015,9384,Net Banking,,
12723,11/8/2023,Dharmajan Solanki,South,Hyderabad,Toys,Board Game,Board Game Nulla,4,41881,0,167524,24232,Net Banking,,
12724,4/19/2025,Ehsaan Rout,South,Coimbatore,Home Decor,Clock,Clock Natus,1,16548,15,14066,2100,COD,,
12725,11/19/2024,Nishith Sandal,West,Ahmedabad,Beauty,Face Cream,Face Cream Nihil,3,57634,0,172902,38978,COD,,
12726,7/31/2024,Biju Shanker,West,Surat,Sports,Tennis Racket,Tennis Racket Earum,4,18054,5,68605,15558,COD,,
12727,5/10/2025,Manjari Gill,North,Lucknow,Toys,RC Car,RC Car Quia,4,77768,0,311072,54805,UPI,,
12728,12/1/2024,Shaan Doshi,South,Bangalore,Clothing,Men's Wear,Men's Wear Modi,3,50722,5,144558,20520,Net Banking,,
12729,8/6/2024,Divyansh Bajwa,South,Chennai,Sports,Football,Football Exercitationem,1,19789,20,15831,3397,Credit Card,,
12730,2/11/2024,Tanya Krishna,West,Surat,Furniture,Chair,Chair Alias,5,41400,15,175950,20819,UPI,,
12731,3/9/2025,Saksham Borde,North,Chandigarh,Groceries,Rice,Rice Cum,1,14957,10,13461,911,Debit Card,,
12732,8/10/2024,Alia Gour,South,Coimbatore,Sports,Dumbbells,Dumbbells Debitis,2,38851,10,69932,12490,UPI,,
12733,8/19/2024,Gatik Sodhi,South,Thiruvananthapuram,Kitchen,Mixer Grinder,Mixer Grinder Ut,5,901,10,4055,599,UPI,,
12734,8/6/2025,Jayan Bhargava,West,Goa,Furniture,Cabinet,Cabinet Hic,4,59328,10,213581,45762,Debit Card,,
12735,5/16/2024,Alisha Bhagat,South,Hyderabad,Sports,Yoga Mat,Yoga Mat Dignissimos,3,69998,5,199494,20730,Credit Card,,
12736,1/20/2024,Samiha Hegde,East,Guwahati,Home Decor,Clock,Clock Voluptatem,4,45677,5,173573,15989,UPI,,
12737,7/5/2024,Kashvi Khatri,West,Ahmedabad,Home Decor,Wall Art,Wall Art Officia,1,19901,5,18906,3977,UPI,,
12738,2/14/2024,Ivana Tripathi,North,Delhi,Toys,Puzzle,Puzzle Asperiores,1,64058,15,54449,5391,Credit Card,,
12739,8/17/2024,Rhea Shankar,East,Bhubaneswar,Kitchen,Microwave,Microwave Sint,3,41908,10,113152,9104,Credit Card,,
12740,3/24/2024,Dhanush Toor,South,Chennai,Beauty,Shampoo,Shampoo Eaque,2,63017,20,100827,16163,Net Banking,,
12741,7/11/2024,Kaira Ratta,North,Jaipur,Furniture,Cabinet,Cabinet Aliquam,5,75540,20,302160,19964,Credit Card,,
12742,3/2/2025,Miraya Toor,West,Ahmedabad,Beauty,Shampoo,Shampoo Nisi,3,58172,5,165790,35707,UPI,,
12743,1/24/2024,Vedika Jain,North,Jaipur,Sports,Football,Football Ea,5,4458,5,21176,3963,Credit Card,,
12744,10/5/2024,Anahi Chandran,East,Bhubaneswar,Furniture,Bed,Bed Voluptatem,1,56736,15,48226,7602,Debit Card,,
12745,1/5/2025,Jhanvi Date,South,Coimbatore,Clothing,Kids Wear,Kids Wear Natus,2,10869,5,20651,4119,Debit Card,,
12746,6/27/2025,Oorja Kanda,North,Lucknow,Sports,Football,Football Sequi,1,79379,10,71441,6862,Credit Card,,
12747,12/27/2023,Navya Ramaswamy,South,Thiruvananthapuram,Electronics,Camera,Camera Officiis,3,17893,0,53679,9265,Credit Card,,
12748,6/13/2024,Lakshay Bhatt,South,Bangalore,Sports,Tennis Racket,Tennis Racket Sapiente,2,35394,10,63709,3898,COD,,
12749,6/30/2025,Zara Acharya,South,Chennai,Electronics,Laptop,Laptop Cumque,3,42734,10,115382,22044,Net Banking,,
12750,11/23/2023,Jivika Yadav,East,Kolkata,Sports,Cricket Bat,Cricket Bat Alias,4,7512,10,27043,5996,COD,,
12751,3/29/2024,Kashvi Tata,South,Chennai,Home Decor,Lamp,Lamp Unde,5,12482,15,53049,10931,Net Banking,,
12752,7/29/2024,Bhamini Mann,East,Patna,Toys,Puzzle,Puzzle Iusto,3,66178,15,168754,39205,Net Banking,,
12753,12/11/2024,Siya Dutta,North,Amritsar,Books,Comics,Comics Laborum,4,28656,15,97430,5989,Net Banking,,
12754,3/12/2024,Nirvi Dube,West,Mumbai,Sports,Cricket Bat,Cricket Bat Sed,2,78641,15,133690,14603,COD,,
12755,8/26/2024,Jivin Sood,North,Amritsar,Toys,Action Figure,Action Figure Repudiandae,5,5578,0,27890,1861,COD,,
12756,4/22/2024,Himmat Kashyap,South,Chennai,Clothing,Kids Wear,Kids Wear Sint,3,34869,20,83686,12245,Credit Card,,
12757,4/20/2025,Shray Sinha,West,Ahmedabad,Toys,Board Game,Board Game Quaerat,2,76698,5,145726,20448,UPI,,
12758,7/22/2024,Samaira Suri,South,Coimbatore,Beauty,Shampoo,Shampoo Illo,4,28797,15,97910,16843,Credit Card,,
12759,4/24/2024,Lagan Sridhar,North,Chandigarh,Kitchen,Refrigerator,Refrigerator Quasi,1,33692,5,32007,5869,Credit Card,,
12760,6/15/2024,Priyansh Mander,West,Mumbai,Home Decor,Clock,Clock Placeat,1,13549,20,10839,677,Debit Card,,
12761,2/23/2024,Nitya Soman,East,Bhubaneswar,Furniture,Table,Table Similique,3,15658,15,39928,3739,Debit Card,,
12762,5/22/2025,Fateh Cheema,East,Ranchi,Toys,Action Figure,Action Figure Magni,4,69498,10,250193,57427,Net Banking,,
12763,1/29/2024,Urvi Dayal,East,Bhubaneswar,Home Decor,Lamp,Lamp Doloremque,4,28885,20,92432,6688,UPI,,
12764,2/1/2024,Arnav Bava,North,Jaipur,Books,Textbook,Textbook Quae,1,52476,5,49852,3204,COD,,
12765,9/29/2024,Prisha Ganesh,West,Ahmedabad,Electronics,Smartwatch,Smartwatch Accusantium,3,34517,20,82841,20692,UPI,,
12766,11/27/2024,Vedika Thakur,East,Bhubaneswar,Groceries,Sugar,Sugar Quae,3,63667,10,171901,40094,Net Banking,,
12767,12/20/2023,Divyansh Thaman,South,Coimbatore,Sports,Tennis Racket,Tennis Racket Sed,1,42848,15,36421,6430,Net Banking,,
12768,10/29/2024,Taran Rajagopalan,West,Pune,Beauty,Foundation,Foundation Ratione,3,43225,10,116708,19904,COD,,
12769,7/26/2025,Faiyaz Sawhney,East,Bhubaneswar,Furniture,Bed,Bed Ad,1,2293,5,2178,315,Debit Card,,
12770,11/16/2023,Rati Raval,East,Patna,Electronics,Smartwatch,Smartwatch Quisquam,3,63870,5,182030,21660,UPI,,
12771,6/19/2024,Mannat Vaidya,South,Hyderabad,Home Decor,Lamp,Lamp Harum,4,59205,15,201297,49495,Debit Card,,
12772,12/30/2023,Pihu Char,East,Bhubaneswar,Groceries,Sugar,Sugar Qui,5,75327,10,338972,22101,Credit Card,,
12773,1/28/2025,Yuvraj  Lad,East,Ranchi,Groceries,Oil,Oil Deserunt,4,30064,15,102218,12232,COD,,
12774,10/16/2024,Shaan Dhar,South,Hyderabad,Beauty,Perfume,Perfume Sint,2,28137,0,56274,4871,Debit Card,,
12775,11/13/2023,Azad Raj,West,Mumbai,Books,Non-Fiction,Non-Fiction Impedit,3,6900,10,18630,1718,COD,,
12776,9/17/2025,Zoya Gole,West,Mumbai,Kitchen,Refrigerator,Refrigerator Ipsum,3,67774,20,162658,14134,Net Banking,,
12777,3/13/2024,Hiran Agrawal,East,Ranchi,Electronics,Headphones,Headphones Quo,1,34271,15,29130,5465,Credit Card,,
12778,7/19/2025,Gatik Viswanathan,East,Patna,Home Decor,Cushion,Cushion Dicta,1,26851,5,25508,6049,Debit Card,,
12779,8/22/2024,Hrishita Reddy,North,Lucknow,Books,Textbook,Textbook Illo,4,46408,20,148506,11977,UPI,,
12780,3/9/2025,Ivana Shere,West,Pune,Sports,Dumbbells,Dumbbells Nam,2,36552,10,65794,9509,COD,,
12781,3/10/2024,Eshani Thaman,East,Ranchi,Clothing,Shoes,Shoes Ipsam,1,54053,20,43242,6551,Net Banking,,
12782,1/11/2024,Mishti Bala,East,Patna,Kitchen,Microwave,Microwave Provident,5,67303,10,302864,39926,UPI,,
12783,3/28/2024,Zeeshan Dhar,East,Guwahati,Clothing,Kids Wear,Kids Wear Nostrum,3,63091,15,160882,16816,Net Banking,,
12784,11/3/2024,Vaibhav Manda,East,Guwahati,Kitchen,Microwave,Microwave Provident,5,3928,5,18658,1586,COD,,
12785,10/26/2024,Mannat Bhavsar,West,Surat,Electronics,Headphones,Headphones Veritatis,3,52436,10,141577,16774,Net Banking,,
12786,2/27/2025,Renee Behl,South,Bangalore,Furniture,Bed,Bed Ipsa,1,6107,15,5191,503,UPI,,
12787,7/23/2025,Aarush Batra,East,Patna,Furniture,Table,Table Error,2,23314,20,37302,6239,Credit Card,,
12788,7/8/2024,Mamooty Dara,South,Hyderabad,Furniture,Table,Table Iure,3,21953,10,59273,14613,Debit Card,,
12789,9/1/2024,Vidur Sanghvi,West,Pune,Beauty,Lipstick,Lipstick Voluptatem,3,67173,20,161215,31723,UPI,,
12790,5/7/2025,Kartik Gokhale,South,Coimbatore,Electronics,Mobile,Mobile Rem,1,51290,10,46161,4934,COD,,
12791,9/22/2025,Nehmat Dayal,West,Surat,Furniture,Bed,Bed Consequatur,2,69934,10,125881,15504,Net Banking,,
12792,11/18/2024,Kaira Bhakta,South,Hyderabad,Kitchen,Cookware Set,Cookware Set Vitae,3,65689,0,197067,29278,Debit Card,,
12793,12/19/2024,Samaira Kata,West,Pune,Furniture,Bed,Bed Accusamus,5,72339,0,361695,32723,UPI,,
12794,4/5/2024,Shayak Saxena,South,Bangalore,Clothing,Women's Wear,Women's Wear Eaque,3,42329,5,120638,29673,UPI,,
12795,5/1/2025,Tara Doctor,South,Coimbatore,Groceries,Rice,Rice Ipsam,1,65721,20,52577,10498,UPI,,
12796,4/13/2024,Badal Rama,North,Amritsar,Groceries,Oil,Oil Quis,3,30652,0,91956,15508,Debit Card,,
12797,2/2/2025,Indrans Sarna,East,Patna,Books,Biography,Biography Iusto,5,47780,0,238900,15424,Debit Card,,
12798,10/25/2024,Fateh Jha,North,Lucknow,Kitchen,Refrigerator,Refrigerator Fuga,4,23797,20,76150,10883,Debit Card,,
12799,10/22/2023,Anahi Comar,East,Patna,Sports,Yoga Mat,Yoga Mat Autem,2,72661,15,123524,13667,Credit Card,,
12800,9/10/2025,Gokul Mahal,West,Surat,Groceries,Wheat,Wheat Ducimus,2,32059,15,54500,6297,Credit Card,,
12801,8/2/2024,Kismat Chandran,South,Thiruvananthapuram,Clothing,Accessories,Accessories Voluptatibus,1,24306,0,24306,1505,UPI,,
12802,8/26/2024,Madhav Bhatti,North,Chandigarh,Books,Non-Fiction,Non-Fiction Maiores,2,31230,5,59337,6149,COD,,
12803,11/26/2023,Yuvraj  Walia,South,Thiruvananthapuram,Clothing,Women's Wear,Women's Wear Dolorem,2,52079,0,104158,18155,COD,,
12804,12/5/2024,Rohan Gole,South,Hyderabad,Books,Biography,Biography Repellat,3,67103,20,161047,16391,Debit Card,,
12805,8/9/2024,Rhea Bath,West,Goa,Beauty,Face Cream,Face Cream Repellendus,5,62253,10,280139,64873,Net Banking,,
12806,7/28/2025,Yashvi Bath,South,Thiruvananthapuram,Electronics,Smartwatch,Smartwatch Rem,5,63185,0,315925,77192,Net Banking,,
12807,5/25/2024,Nishith Jha,West,Mumbai,Beauty,Perfume,Perfume Natus,3,22702,10,61295,5407,Debit Card,,
12808,12/6/2024,Farhan Rajagopalan,West,Surat,Home Decor,Lamp,Lamp Enim,3,21218,0,63654,14560,COD,,
12809,2/9/2024,Elakshi Chandran,East,Ranchi,Books,Textbook,Textbook Suscipit,2,78297,15,133105,30382,Debit Card,,
12810,7/15/2024,Amani Verma,North,Chandigarh,Books,Biography,Biography Accusamus,2,38898,20,62237,5609,Credit Card,,
12811,3/9/2024,Aayush Setty,East,Kolkata,Toys,Board Game,Board Game Non,4,63011,10,226840,28397,Net Banking,,
12812,3/21/2025,Kashvi Johal,West,Goa,Toys,Board Game,Board Game Ab,5,17516,0,87580,5739,Net Banking,,
12813,5/15/2024,Umang Gola,West,Mumbai,Beauty,Foundation,Foundation Reiciendis,2,20940,20,33504,6527,Debit Card,,
12814,9/14/2024,Chirag Boase,West,Pune,Beauty,Lipstick,Lipstick At,5,21061,0,105305,26266,Debit Card,,
12815,8/3/2025,Damini Tandon,North,Delhi,Home Decor,Lamp,Lamp Illo,4,14271,20,45667,7423,COD,,
12816,5/30/2024,Gatik Guha,South,Hyderabad,Books,Comics,Comics Voluptatibus,2,26823,10,48281,3862,Credit Card,,
12817,7/10/2025,Jhanvi Boase,South,Hyderabad,Toys,Board Game,Board Game Vero,2,69094,5,131279,21515,Net Banking,,
12818,7/3/2024,Pranay Roy,East,Bhubaneswar,Sports,Yoga Mat,Yoga Mat Accusamus,2,50135,20,80216,19471,Credit Card,,
12819,6/7/2025,Lakshay Chad,North,Delhi,Beauty,Lipstick,Lipstick Maiores,5,77156,20,308624,23072,UPI,,
12820,5/5/2025,Aniruddh Mammen,West,Pune,Groceries,Wheat,Wheat Ducimus,3,68392,15,174400,33574,Debit Card,,
12821,5/10/2024,Yasmin Goswami,North,Chandigarh,Groceries,Sugar,Sugar Provident,4,75150,5,285570,24833,COD,,
12822,4/19/2024,Ojas Datta,West,Goa,Furniture,Sofa,Sofa Laudantium,2,76739,20,122782,30597,COD,,
12823,7/22/2024,Zaina Chokshi,North,Lucknow,Electronics,Laptop,Laptop Ab,5,48078,20,192312,29711,Net Banking,,
12824,7/22/2024,Jayan Bawa,North,Amritsar,Furniture,Cabinet,Cabinet Officia,5,29516,20,118064,12228,UPI,,
12825,10/17/2023,Tejas Kadakia,West,Ahmedabad,Furniture,Sofa,Sofa Porro,5,46780,20,187120,19708,Net Banking,,
12826,9/4/2024,Sumer Savant,West,Pune,Kitchen,Juicer,Juicer Dicta,5,54492,10,245214,17203,Net Banking,,
12827,12/11/2023,Divij Bhardwaj,West,Ahmedabad,Sports,Dumbbells,Dumbbells Minus,1,39713,20,31770,2726,Debit Card,,
12828,7/4/2024,Oorja Gupta,West,Pune,Beauty,Lipstick,Lipstick Quod,1,46672,20,37338,6224,Debit Card,,
12829,1/28/2024,Darshit Srinivas,South,Thiruvananthapuram,Clothing,Accessories,Accessories Animi,2,64750,15,110075,8621,UPI,,
12830,1/29/2024,Sana Srinivas,South,Coimbatore,Electronics,Mobile,Mobile Consectetur,1,64459,0,64459,6411,Debit Card,,
12831,4/13/2024,Aarush Raja,South,Thiruvananthapuram,Kitchen,Juicer,Juicer Eius,5,29665,10,133493,7030,COD,,
12832,3/11/2024,Oorja Sur,South,Bangalore,Beauty,Face Cream,Face Cream Tenetur,1,56215,0,56215,13490,COD,,
12833,10/24/2023,Sara Barman,West,Mumbai,Kitchen,Microwave,Microwave Animi,5,66556,5,316141,21383,COD,,
12834,3/9/2025,Kiaan Gade,West,Ahmedabad,Home Decor,Cushion,Cushion Officiis,4,59411,0,237644,13844,UPI,,
12835,11/19/2024,Anya Goyal,South,Bangalore,Books,Textbook,Textbook Placeat,5,63630,0,318150,61461,Net Banking,,
12836,4/5/2024,Kimaya Tara,North,Chandigarh,Sports,Cricket Bat,Cricket Bat Dolore,3,6812,15,17371,4006,UPI,,
12837,2/5/2024,Mahika Tak,East,Bhubaneswar,Home Decor,Clock,Clock Porro,4,42758,15,145377,29116,Debit Card,,
12838,2/20/2024,Raghav Master,West,Surat,Sports,Yoga Mat,Yoga Mat Rerum,4,44712,10,160963,22376,Credit Card,,
12839,9/9/2024,Saira Baral,West,Goa,Groceries,Rice,Rice Quod,4,52251,5,198554,18049,Debit Card,,
12840,12/31/2023,Nakul Swaminathan,East,Ranchi,Beauty,Lipstick,Lipstick Dignissimos,2,77746,0,155492,14908,UPI,,
12841,12/16/2024,Riaan Mahal,North,Delhi,Furniture,Chair,Chair Quo,1,74821,15,63598,12213,UPI,,
12842,4/9/2025,Diya Mangal,West,Surat,Toys,RC Car,RC Car Optio,3,79824,0,239472,19157,Credit Card,,
12843,9/6/2025,Adira Bains,East,Patna,Groceries,Spices,Spices Provident,5,61020,10,274590,67381,Credit Card,,
12844,4/19/2024,Divyansh Thakkar,East,Guwahati,Sports,Football,Football Maiores,1,2430,10,2187,202,COD,,
12845,10/7/2024,Nakul Choudhury,East,Ranchi,Toys,Action Figure,Action Figure Praesentium,5,48813,20,195252,44791,Net Banking,,
12846,8/31/2024,Jivin Varughese,South,Chennai,Toys,Board Game,Board Game Ipsam,5,71902,5,341535,17532,Debit Card,,
12847,4/14/2025,Hrishita Bains,East,Guwahati,Clothing,Men's Wear,Men's Wear Ullam,3,30751,5,87640,10467,UPI,,
12848,3/16/2025,Navya Lad,North,Chandigarh,Toys,Board Game,Board Game Aperiam,3,43339,15,110514,7595,Net Banking,,
12849,4/14/2025,Aarush Mani,South,Thiruvananthapuram,Clothing,Kids Wear,Kids Wear Accusamus,5,4342,15,18454,1983,COD,,
12850,11/26/2024,Amira Chander,East,Guwahati,Clothing,Shoes,Shoes Eos,5,33029,5,156888,30862,UPI,,
12851,1/4/2025,Arhaan Varty,West,Mumbai,Sports,Tennis Racket,Tennis Racket Laudantium,1,34538,0,34538,8013,Net Banking,,
12852,12/2/2023,Kavya Korpal,East,Guwahati,Home Decor,Wall Art,Wall Art Enim,4,4534,15,15416,3687,Credit Card,,
12853,10/22/2023,Manikya Kulkarni,South,Chennai,Books,Non-Fiction,Non-Fiction Earum,2,59166,20,94666,17649,UPI,,
12854,1/18/2025,Jayant Varkey,South,Bangalore,Sports,Cricket Bat,Cricket Bat Culpa,1,55471,15,47150,6829,Credit Card,,
12855,2/19/2025,Rohan Wason,South,Bangalore,Toys,Board Game,Board Game Deleniti,3,2199,10,5937,1435,Credit Card,,
12856,9/29/2024,Akarsh Korpal,South,Hyderabad,Sports,Dumbbells,Dumbbells Sapiente,4,63700,0,254800,19752,UPI,,
12857,7/21/2025,Hrishita Sagar,South,Coimbatore,Clothing,Shoes,Shoes Rem,2,71172,10,128110,7864,Debit Card,,
12858,5/24/2025,Tarini Sani,North,Chandigarh,Toys,RC Car,RC Car Quis,4,70769,10,254768,19023,Credit Card,,
12859,8/8/2025,Raunak Gulati,South,Hyderabad,Kitchen,Microwave,Microwave Quibusdam,3,48469,20,116326,5983,Credit Card,,
12860,5/11/2024,Misha Venkatesh,South,Hyderabad,Clothing,Kids Wear,Kids Wear Odit,3,32404,10,87491,13643,COD,,
12861,11/27/2023,Shamik Agate,North,Amritsar,Sports,Football,Football Porro,3,45429,20,109030,24555,COD,,
12862,7/14/2025,Samarth Shan,South,Chennai,Home Decor,Vase,Vase Natus,3,20368,20,48883,3433,COD,,
12863,9/30/2024,Khushi Baral,North,Amritsar,Electronics,Laptop,Laptop Eum,3,76971,20,184730,18623,Credit Card,,
12864,2/13/2024,Umang Ghose,West,Surat,Toys,Board Game,Board Game Ea,3,376,15,959,169,Net Banking,,
12865,8/13/2025,Shalv Agarwal,West,Surat,Books,Textbook,Textbook Asperiores,2,17441,15,29650,3392,Net Banking,,
12866,5/25/2025,Renee Reddy,East,Guwahati,Furniture,Chair,Chair Qui,3,55808,5,159053,30453,Debit Card,,
12867,7/3/2024,Madhup Borde,West,Ahmedabad,Groceries,Oil,Oil Sunt,2,33292,10,59926,10677,Credit Card,,
12868,11/15/2023,Myra Chaudhuri,West,Surat,Furniture,Cabinet,Cabinet Voluptate,4,47533,0,190132,26593,Credit Card,,
12869,2/8/2025,Mannat Sibal,South,Coimbatore,Electronics,Headphones,Headphones Quaerat,4,59987,10,215953,51317,UPI,,
12870,10/7/2024,Mamooty Chana,South,Bangalore,Electronics,Camera,Camera Quos,1,39813,15,33841,6867,Net Banking,,
12871,11/17/2024,Rhea Sura,North,Jaipur,Kitchen,Refrigerator,Refrigerator Corporis,2,660,20,1056,90,Credit Card,,
12872,11/11/2023,Zara Doshi,South,Hyderabad,Toys,Doll,Doll Quod,2,38276,0,76552,12372,COD,,
12873,6/1/2025,Armaan Tara,North,Amritsar,Kitchen,Microwave,Microwave Molestiae,5,9907,15,42105,9512,UPI,,
12874,4/22/2025,Kanav Taneja,East,Patna,Kitchen,Juicer,Juicer Id,4,37387,15,127116,30153,Credit Card,,
12875,10/6/2024,Kimaya Iyengar,North,Chandigarh,Books,Fiction,Fiction Voluptas,4,75489,10,271760,27434,COD,,
12876,7/24/2025,Madhup Keer,South,Chennai,Furniture,Sofa,Sofa Cumque,2,79204,20,126726,17506,COD,,
12877,3/24/2025,Jivika Vohra,South,Thiruvananthapuram,Furniture,Sofa,Sofa Officia,4,788,15,2679,445,Credit Card,,
12878,9/15/2025,Ira Ratta,West,Pune,Electronics,Camera,Camera Dignissimos,3,20631,0,61893,6535,Net Banking,,
12879,12/12/2023,Raghav Krishna,East,Guwahati,Clothing,Accessories,Accessories Architecto,4,6429,0,25716,5562,Debit Card,,
12880,4/20/2024,Anya Dass,South,Coimbatore,Furniture,Bed,Bed Ullam,3,9972,10,26924,4913,Debit Card,,
12881,4/22/2025,Misha Chaudhuri,East,Bhubaneswar,Home Decor,Vase,Vase Impedit,2,29658,20,47453,9368,COD,,
12882,8/23/2024,Umang Dutt,West,Mumbai,Clothing,Men's Wear,Men's Wear Assumenda,4,20469,10,73688,13874,COD,,
12883,1/24/2024,Yashvi Lad,East,Ranchi,Electronics,Smartwatch,Smartwatch Quasi,1,55365,10,49829,6518,UPI,,
12884,5/18/2024,Devansh Kaul,North,Jaipur,Electronics,Mobile,Mobile A,1,31555,0,31555,7763,Debit Card,,
12885,10/24/2024,Tejas Bal,South,Coimbatore,Home Decor,Vase,Vase Facilis,1,50388,10,45349,8773,Debit Card,,
12886,3/6/2025,Mehul Ramachandran,East,Bhubaneswar,Sports,Cricket Bat,Cricket Bat Doloremque,2,15411,15,26199,6130,COD,,
12887,12/21/2024,Shanaya Raju,North,Delhi,Books,Comics,Comics Soluta,5,40005,10,180023,36746,COD,,
12888,10/2/2024,Tushar Krish,South,Coimbatore,Groceries,Sugar,Sugar Autem,3,62784,15,160099,20794,Net Banking,,
12889,4/13/2024,Sara Hayre,South,Hyderabad,Groceries,Spices,Spices Quia,2,52667,20,84267,15553,Net Banking,,
12890,3/5/2024,Kiaan Ratta,South,Bangalore,Books,Comics,Comics Quos,4,51554,0,206216,14102,Net Banking,,
12891,4/2/2024,Madhav Kota,East,Guwahati,Beauty,Shampoo,Shampoo Quam,5,50921,5,241875,36510,UPI,,
12892,10/7/2024,Ritvik Bhatnagar,North,Delhi,Furniture,Table,Table Eveniet,4,27136,20,86835,18547,UPI,,
12893,11/18/2023,Divit Wason,East,Guwahati,Groceries,Oil,Oil A,3,29827,15,76059,11022,Debit Card,,
12894,10/5/2024,Khushi Bhasin,North,Chandigarh,Books,Non-Fiction,Non-Fiction Quidem,4,32461,15,110367,14610,Debit Card,,
12895,3/4/2024,Zain Sahni,East,Guwahati,Beauty,Face Cream,Face Cream Reiciendis,3,59052,0,177156,16898,COD,,
12896,11/13/2023,Kabir Issac,West,Mumbai,Books,Biography,Biography Odio,2,2046,15,3478,686,UPI,,
12897,8/13/2025,Damini Raj,East,Ranchi,Furniture,Sofa,Sofa Aut,1,19837,15,16861,1843,UPI,,
12898,8/24/2025,Seher Dugar,North,Delhi,Sports,Yoga Mat,Yoga Mat Ipsam,2,75913,15,129052,30643,Debit Card,,
12899,6/16/2025,Kiara Kant,North,Amritsar,Kitchen,Juicer,Juicer Possimus,2,43462,20,69539,7372,Debit Card,,
12900,6/19/2024,Shlok Mannan,East,Kolkata,Books,Textbook,Textbook Non,5,62288,20,249152,34718,COD,,
12901,9/24/2024,Veer Kohli,East,Bhubaneswar,Kitchen,Cookware Set,Cookware Set Autem,4,8055,20,25776,4746,Net Banking,,
12902,5/16/2024,Pihu Kari,East,Guwahati,Sports,Football,Football Aliquid,2,19518,20,31229,1801,Net Banking,,
12903,11/10/2023,Nirvaan Chakraborty,North,Delhi,Furniture,Bed,Bed Dolorem,4,8099,10,29156,7081,Net Banking,,
12904,4/7/2024,Umang Goswami,East,Bhubaneswar,Furniture,Bed,Bed Ipsam,1,426,15,362,74,Debit Card,,
12905,1/28/2024,Ela Singhal,West,Goa,Kitchen,Juicer,Juicer Eum,1,62395,0,62395,6987,Debit Card,,
12906,10/26/2024,Nitya Saxena,East,Bhubaneswar,Beauty,Lipstick,Lipstick Numquam,5,63904,5,303544,53880,Debit Card,,
12907,11/23/2023,Alisha Dugal,North,Chandigarh,Groceries,Oil,Oil Veniam,2,15602,5,29644,7093,COD,,
12908,1/5/2024,Misha Shan,West,Pune,Books,Textbook,Textbook Delectus,1,35283,20,28226,3176,Credit Card,,
12909,9/2/2025,Aarav Lata,West,Surat,Home Decor,Wall Art,Wall Art Sapiente,5,46301,15,196779,30075,UPI,,
12910,4/9/2025,Shaan Bath,North,Lucknow,Books,Fiction,Fiction Dolorem,2,46734,5,88795,9359,Debit Card,,
12911,4/27/2025,Mannat Sami,West,Surat,Books,Non-Fiction,Non-Fiction Est,3,44786,20,107486,15398,Debit Card,,
12912,8/16/2024,Hiran Gola,East,Bhubaneswar,Beauty,Perfume,Perfume Ratione,5,22386,20,89544,22059,Debit Card,,
12913,2/23/2024,Neelofar Goswami,West,Goa,Furniture,Sofa,Sofa Atque,1,75959,0,75959,7603,COD,,
12914,7/15/2024,Heer Varty,South,Coimbatore,Sports,Yoga Mat,Yoga Mat Quam,2,79183,15,134611,26816,Net Banking,,
12915,2/28/2025,Taran Rastogi,West,Mumbai,Toys,RC Car,RC Car Ea,2,29535,20,47256,2859,Net Banking,,
12916,4/24/2025,Damini Boase,West,Mumbai,Clothing,Shoes,Shoes Beatae,5,38813,5,184362,33342,Debit Card,,
12917,1/20/2024,Kiara Chatterjee,East,Kolkata,Books,Textbook,Textbook Maiores,1,74906,0,74906,4233,Credit Card,,
12918,7/8/2025,Vedika Dasgupta,North,Amritsar,Home Decor,Wall Art,Wall Art Voluptatem,4,25962,20,83078,14422,UPI,,
12919,3/4/2025,Manikya Subramanian,East,Patna,Toys,Doll,Doll Ipsam,5,61715,15,262289,53720,Net Banking,,
12920,8/23/2025,Fateh Das,East,Patna,Sports,Tennis Racket,Tennis Racket Adipisci,2,8068,20,12909,2209,Net Banking,,
12921,7/1/2024,Inaaya  Karpe,South,Thiruvananthapuram,Beauty,Shampoo,Shampoo Beatae,3,45951,5,130960,23910,Credit Card,,
12922,10/31/2023,Sumer Mangal,West,Pune,Kitchen,Mixer Grinder,Mixer Grinder Culpa,4,26149,5,99366,21895,Net Banking,,
12923,10/13/2023,Hunar Sarma,North,Chandigarh,Clothing,Men's Wear,Men's Wear Labore,2,77525,10,139545,21136,Credit Card,,
12924,10/9/2024,Heer Dara,North,Delhi,Sports,Dumbbells,Dumbbells Nostrum,2,40282,5,76536,7559,Debit Card,,
12925,5/18/2025,Mohanlal Ghosh,East,Guwahati,Books,Biography,Biography Nesciunt,3,7587,15,19347,4310,Credit Card,,
12926,3/31/2025,Nitya Basak,West,Goa,Books,Fiction,Fiction Repudiandae,5,9956,15,42313,10413,UPI,,
12927,6/23/2024,Ahana  Borah,North,Lucknow,Groceries,Sugar,Sugar Nulla,3,5463,15,13931,2508,Credit Card,,
12928,6/7/2025,Reyansh Bahri,North,Amritsar,Electronics,Laptop,Laptop Occaecati,2,77225,20,123560,20416,Net Banking,,
12929,11/23/2023,Ojas Balakrishnan,North,Amritsar,Furniture,Bed,Bed Alias,4,64858,5,246460,59284,Debit Card,,
12930,1/6/2025,Kavya Viswanathan,South,Chennai,Kitchen,Microwave,Microwave Maiores,5,39023,20,156092,20235,UPI,,
12931,4/22/2024,Khushi Sant,South,Thiruvananthapuram,Beauty,Shampoo,Shampoo Odit,1,14367,20,11494,2353,UPI,,
12932,1/19/2024,Eshani Anand,North,Lucknow,Books,Non-Fiction,Non-Fiction A,1,13246,15,11259,950,Debit Card,,
12933,1/27/2024,Bhavin Dora,North,Lucknow,Sports,Football,Football Eos,2,13789,15,23441,4455,Net Banking,,
12934,10/11/2023,Aarav Chatterjee,West,Surat,Books,Non-Fiction,Non-Fiction Veritatis,4,33230,0,132920,26593,Debit Card,,
12935,6/23/2025,Piya Sani,North,Lucknow,Kitchen,Juicer,Juicer Consequuntur,4,57699,5,219256,37802,Credit Card,,
12936,9/2/2024,Hiran Sundaram,West,Goa,Kitchen,Juicer,Juicer Voluptatum,3,43782,15,111644,9036,COD,,
12937,8/22/2024,Uthkarsh Bahl,North,Amritsar,Home Decor,Cushion,Cushion Sint,3,47900,20,114960,11993,UPI,,
12938,8/10/2025,Parinaaz Dalal,West,Pune,Groceries,Rice,Rice Reprehenderit,4,38946,15,132416,16252,Debit Card,,
12939,3/4/2025,Uthkarsh Sankaran,East,Bhubaneswar,Electronics,Mobile,Mobile Mollitia,1,53923,15,45835,5791,Credit Card,,
12940,5/12/2025,Shray Malhotra,South,Thiruvananthapuram,Groceries,Wheat,Wheat Tempora,4,68144,10,245318,25463,Credit Card,,
12941,7/15/2025,Zeeshan Singhal,East,Guwahati,Clothing,Kids Wear,Kids Wear Sunt,1,46830,15,39806,8586,UPI,,
12942,8/13/2024,Zain Sule,East,Patna,Sports,Yoga Mat,Yoga Mat Repudiandae,3,73011,10,197130,21387,COD,,
12943,1/15/2025,Tushar Devan,South,Hyderabad,Sports,Football,Football Placeat,4,55109,0,220436,25810,COD,,
12944,9/19/2025,Gatik Bora,East,Kolkata,Electronics,Headphones,Headphones Sequi,3,67306,10,181726,25379,COD,,
12945,5/14/2024,Sumer Lal,West,Mumbai,Furniture,Table,Table Porro,1,65530,5,62254,9513,Credit Card,,
12946,10/19/2023,Indranil Ray,North,Lucknow,Electronics,Smartwatch,Smartwatch Nesciunt,2,32569,15,55367,5274,UPI,,
12947,1/18/2024,Diya Sura,East,Ranchi,Home Decor,Cushion,Cushion Totam,2,72766,20,116426,10761,Debit Card,,
12948,12/16/2024,Raunak Buch,North,Amritsar,Books,Comics,Comics Nulla,5,64528,15,274244,40372,UPI,,
12949,8/14/2024,Rania Bhatnagar,South,Bangalore,Toys,Action Figure,Action Figure Quam,1,67058,20,53646,6290,Credit Card,,
12950,7/13/2025,Pari Kale,East,Bhubaneswar,Beauty,Foundation,Foundation Quod,1,48758,10,43882,5423,Debit Card,,
12951,4/15/2025,Aaina Vohra,West,Surat,Groceries,Sugar,Sugar Reprehenderit,1,75582,15,64245,13265,Credit Card,,
12952,5/22/2025,Anahi Venkatesh,East,Guwahati,Groceries,Oil,Oil Perferendis,3,66317,15,169108,9472,Debit Card,,
12953,10/15/2023,Drishya Mahajan,North,Amritsar,Clothing,Men's Wear,Men's Wear Nobis,1,20638,10,18574,3473,Debit Card,,
12954,10/18/2024,Inaaya  Sen,South,Coimbatore,Clothing,Men's Wear,Men's Wear Occaecati,5,24733,0,123665,26126,Debit Card,,
12955,5/14/2025,Ishita Master,North,Delhi,Groceries,Wheat,Wheat Laborum,3,19567,0,58701,7699,COD,,
12956,7/11/2025,Keya Ratti,North,Chandigarh,Books,Non-Fiction,Non-Fiction Blanditiis,4,32047,10,115369,15008,Debit Card,,
12957,11/25/2023,Indrans Ahluwalia,North,Chandigarh,Books,Biography,Biography Eius,4,29546,0,118184,25057,Net Banking,,
12958,9/20/2025,Shamik Atwal,East,Ranchi,Home Decor,Wall Art,Wall Art Distinctio,3,42934,15,109482,19863,Debit Card,,
12959,10/30/2024,Dharmajan Varkey,West,Goa,Books,Biography,Biography Voluptas,2,44336,10,79805,17158,Net Banking,,
12960,1/1/2024,Ivana Sagar,West,Ahmedabad,Toys,Board Game,Board Game Eos,5,74164,10,333738,74228,Net Banking,,
12961,9/8/2025,Raunak Atwal,South,Hyderabad,Clothing,Shoes,Shoes Eius,5,79618,15,338377,60729,Net Banking,,
12962,3/22/2025,Vidur Mallick,South,Hyderabad,Home Decor,Vase,Vase Quia,2,4773,20,7637,1173,Net Banking,,
12963,7/16/2025,Kaira Joshi,South,Thiruvananthapuram,Kitchen,Refrigerator,Refrigerator Quae,5,50775,0,253875,22939,Debit Card,,
12964,4/22/2024,Aarna Yadav,South,Chennai,Books,Comics,Comics Libero,3,12682,15,32339,6108,COD,,
12965,7/3/2025,Vaibhav Basu,South,Thiruvananthapuram,Electronics,Headphones,Headphones Deserunt,5,58035,15,246649,36964,COD,,
12966,6/10/2024,Divij Dhingra,West,Pune,Clothing,Shoes,Shoes Nihil,5,73649,5,349833,41409,Credit Card,,
12967,12/30/2024,Kimaya Dua,North,Amritsar,Toys,Action Figure,Action Figure Alias,5,32688,10,147096,22451,COD,,
12968,11/18/2024,Rania Aurora,West,Pune,Beauty,Perfume,Perfume Sunt,2,43735,5,83097,9018,Net Banking,,
12969,2/16/2025,Khushi Saha,South,Coimbatore,Electronics,Camera,Camera Numquam,4,38256,15,130070,21460,Net Banking,,
12970,10/19/2023,Gatik Madan,West,Pune,Beauty,Face Cream,Face Cream Soluta,2,68591,0,137182,12923,Net Banking,,
12971,3/5/2024,Taran Talwar,East,Ranchi,Home Decor,Vase,Vase Iure,5,21401,5,101655,18873,COD,,
12972,10/17/2023,Biju Malhotra,North,Amritsar,Toys,Doll,Doll Modi,3,78372,15,199849,13440,Credit Card,,
12973,2/6/2024,Shlok Venkataraman,North,Lucknow,Home Decor,Cushion,Cushion Recusandae,3,64835,10,175055,40811,Net Banking,,
12974,7/2/2025,Vanya Anand,North,Chandigarh,Beauty,Perfume,Perfume Unde,5,53140,15,225845,34448,Credit Card,,
12975,1/24/2025,Tejas Ghose,South,Thiruvananthapuram,Clothing,Kids Wear,Kids Wear Quo,2,20018,10,36032,3694,Net Banking,,
12976,6/22/2024,Zain Kanda,East,Guwahati,Groceries,Wheat,Wheat Magnam,1,57926,15,49237,6411,UPI,,
12977,6/21/2025,Ryan Raja,East,Kolkata,Toys,Puzzle,Puzzle Quibusdam,2,18405,10,33129,4298,Net Banking,,
12978,9/8/2024,Umang Thaman,South,Hyderabad,Kitchen,Juicer,Juicer Eos,4,61274,0,245096,40659,Net Banking,,
12979,8/16/2024,Lagan Jhaveri,West,Mumbai,Sports,Football,Football Eos,5,3929,20,15716,2468,Debit Card,,
12980,3/3/2024,Saksham Toor,East,Patna,Toys,Action Figure,Action Figure Tempora,2,25428,10,45770,5337,COD,,
12981,11/27/2023,Yuvraj  Dass,West,Mumbai,Kitchen,Mixer Grinder,Mixer Grinder Asperiores,2,71944,20,115110,27951,UPI,,
12982,8/30/2024,Advika Bal,North,Amritsar,Beauty,Perfume,Perfume Minus,4,19670,20,62944,10997,UPI,,
12983,2/27/2025,Baiju Dara,East,Patna,Books,Fiction,Fiction Rem,2,31245,15,53117,4992,Net Banking,,
12984,12/23/2024,Amani Jaggi,South,Hyderabad,Home Decor,Cushion,Cushion Reprehenderit,1,9382,5,8913,547,Debit Card,,
12985,12/22/2024,Kimaya Garg,South,Hyderabad,Sports,Football,Football Enim,2,77925,20,124680,29389,Credit Card,,
12986,10/20/2023,Hiran Ahuja,West,Ahmedabad,Furniture,Table,Table Quasi,1,9490,5,9016,714,Debit Card,,
12987,4/15/2025,Samiha Upadhyay,North,Delhi,Sports,Yoga Mat,Yoga Mat Ea,3,30925,10,83498,11951,Debit Card,,
12988,11/15/2024,Diya Bir,West,Ahmedabad,Beauty,Lipstick,Lipstick In,1,79574,5,75595,15580,Net Banking,,
12989,1/16/2024,Nehmat Dugal,East,Patna,Clothing,Shoes,Shoes Possimus,4,5233,0,20932,3998,Net Banking,,
12990,9/4/2024,Samiha Raval,West,Goa,Furniture,Sofa,Sofa Ducimus,2,50534,10,90961,11817,COD,,
12991,3/16/2024,Rania Bal,North,Delhi,Furniture,Table,Table Delectus,1,79891,5,75896,6114,COD,,
12992,7/20/2025,Sara Virk,East,Patna,Books,Non-Fiction,Non-Fiction Suscipit,2,20984,15,35673,2567,Net Banking,,
12993,4/2/2024,Yashvi Khurana,North,Lucknow,Clothing,Men's Wear,Men's Wear Quidem,2,51569,15,87667,21792,Credit Card,,
12994,1/2/2024,Vedika Ramachandran,South,Chennai,Electronics,Mobile,Mobile Laboriosam,1,46498,15,39523,4003,Debit Card,,
12995,3/29/2024,Bhamini Chatterjee,East,Patna,Books,Textbook,Textbook Molestiae,5,3048,5,14478,1506,Credit Card,,
12996,6/15/2024,Alisha Char,West,Pune,Beauty,Foundation,Foundation Deserunt,2,9157,5,17398,3437,COD,,
12997,4/22/2024,Myra Ramaswamy,West,Surat,Beauty,Lipstick,Lipstick Accusantium,3,264,0,792,151,Net Banking,,
12998,12/22/2024,Yasmin Arya,East,Bhubaneswar,Electronics,Headphones,Headphones Tempora,2,39922,0,79844,10269,Debit Card,,
12999,12/8/2024,Piya Wable,South,Chennai,Beauty,Shampoo,Shampoo Inventore,4,60118,10,216425,25972,Credit Card,,
13000,5/5/2024,Hansh Ray,West,Goa,Home Decor,Vase,Vase Beatae,1,42595,10,38336,8364,Debit Card,,
13001,4/2/2024,Jayan Toor,East,Kolkata,Electronics,Laptop,Laptop Ab,1,41520,20,33216,2900,UPI,,
13002,12/23/2023,Emir Jain,South,Hyderabad,Books,Non-Fiction,Non-Fiction Perspiciatis,1,49849,5,47357,9850,UPI,,
13003,9/17/2025,Hansh Tata,East,Kolkata,Toys,Board Game,Board Game Officiis,2,33608,10,60494,12706,Debit Card,,
13004,3/7/2025,Mishti Chadha,East,Patna,Furniture,Cabinet,Cabinet Repudiandae,1,54176,5,51467,10700,Credit Card,,
13005,7/22/2024,Shanaya Sani,South,Chennai,Furniture,Bed,Bed Dolorem,4,46580,15,158372,28096,Debit Card,,
13006,6/12/2025,Rati Varty,South,Coimbatore,Home Decor,Wall Art,Wall Art Distinctio,2,66721,10,120098,26134,UPI,,
13007,11/1/2024,Zara Din,North,Amritsar,Groceries,Wheat,Wheat Soluta,5,4578,0,22890,2739,UPI,,
13008,6/13/2025,Ahana  Choudhary,South,Hyderabad,Kitchen,Cookware Set,Cookware Set Modi,2,8544,5,16234,1767,Credit Card,,
13009,4/11/2025,Tejas Dugar,West,Ahmedabad,Sports,Football,Football Commodi,1,3203,15,2723,449,Credit Card,,
13010,6/3/2024,Adira Kale,East,Ranchi,Sports,Football,Football Est,1,25701,15,21846,2166,Net Banking,,
13011,9/22/2024,Stuvan Kata,East,Kolkata,Groceries,Sugar,Sugar Quidem,2,55582,5,105606,8497,UPI,,
13012,7/21/2024,Jiya Rastogi,East,Kolkata,Kitchen,Refrigerator,Refrigerator Eaque,2,66808,5,126935,18227,UPI,,
13013,7/17/2024,Madhav Ramakrishnan,South,Chennai,Home Decor,Cushion,Cushion Provident,5,30083,20,120332,6259,COD,,
13014,3/4/2025,Rania Sha,North,Jaipur,Home Decor,Wall Art,Wall Art Quia,5,59448,5,282378,67948,Net Banking,,
13015,9/24/2025,Reyansh Chandran,South,Coimbatore,Toys,Action Figure,Action Figure Similique,5,53981,20,215924,32678,Debit Card,,
13016,8/11/2024,Kaira Andra,South,Coimbatore,Toys,Doll,Doll Sit,3,3570,10,9639,2117,UPI,,
13017,6/10/2024,Nehmat Bakshi,North,Lucknow,Sports,Football,Football Nihil,1,34871,10,31384,1698,COD,,
13018,7/22/2024,Yasmin Choudhary,North,Chandigarh,Groceries,Spices,Spices Nulla,2,31854,0,63708,9996,Debit Card,,
13019,3/28/2025,Darshit Lanka,South,Chennai,Electronics,Laptop,Laptop Fuga,2,36773,5,69869,12029,Net Banking,,
13020,8/11/2025,Kaira Walia,South,Chennai,Home Decor,Cushion,Cushion Exercitationem,3,65805,15,167803,9532,Credit Card,,
13021,8/10/2024,Abram Mahajan,West,Goa,Books,Fiction,Fiction Reprehenderit,4,76032,5,288922,14846,Net Banking,,
13022,11/5/2023,Ivan Ray,East,Guwahati,Electronics,Mobile,Mobile Repellat,4,63656,5,241893,47369,COD,,
13023,7/7/2024,Prerak Brahmbhatt,West,Pune,Furniture,Sofa,Sofa Saepe,4,2486,0,9944,1778,UPI,,
13024,7/29/2025,Mamooty Luthra,South,Bangalore,Furniture,Bed,Bed Nisi,2,61345,5,116556,19508,COD,,
13025,4/15/2025,Tushar Dani,East,Bhubaneswar,Clothing,Kids Wear,Kids Wear Exercitationem,3,22520,20,54048,12372,COD,,
13026,12/18/2024,Dhanush Loke,East,Bhubaneswar,Books,Non-Fiction,Non-Fiction Quae,4,73022,10,262879,36854,Net Banking,,
13027,2/13/2024,Rohan Vora,South,Hyderabad,Clothing,Kids Wear,Kids Wear Reprehenderit,1,75515,20,60412,9610,Credit Card,,
13028,7/16/2025,Yuvraj  Chad,West,Surat,Toys,RC Car,RC Car Alias,3,47768,5,136139,21724,Net Banking,,
13029,2/12/2024,Shray Dewan,West,Surat,Electronics,Laptop,Laptop Rerum,3,55611,0,166833,25996,Debit Card,,
13030,6/15/2024,Vidur Dutta,North,Jaipur,Beauty,Shampoo,Shampoo Commodi,5,61900,15,263075,30507,UPI,,
13031,12/22/2024,Hunar Varty,West,Mumbai,Electronics,Laptop,Laptop Maxime,1,47330,10,42597,9899,UPI,,
13032,4/8/2025,Mishti Chowdhury,West,Surat,Beauty,Shampoo,Shampoo Nisi,5,4138,20,16552,3141,Credit Card,,
13033,12/9/2024,Vaibhav Singhal,South,Bangalore,Books,Textbook,Textbook Quo,1,14104,15,11988,1638,Credit Card,,
13034,7/31/2025,Farhan Kale,West,Goa,Books,Biography,Biography Quos,2,16789,15,28541,3395,COD,,
13035,1/15/2024,Divyansh Varma,East,Guwahati,Home Decor,Wall Art,Wall Art Et,2,28960,15,49232,4030,COD,,
13036,12/14/2023,Emir Kulkarni,East,Kolkata,Furniture,Bed,Bed Nulla,4,61001,15,207403,18494,Credit Card,,
13037,5/14/2024,Elakshi Sangha,West,Goa,Kitchen,Microwave,Microwave Veniam,5,52901,10,238055,28025,Net Banking,,
13038,8/26/2025,Vivaan Basu,East,Patna,Home Decor,Lamp,Lamp Nulla,3,26219,20,62926,10079,Net Banking,,
13039,12/8/2024,Damini Hora,North,Chandigarh,Home Decor,Lamp,Lamp Praesentium,2,48953,10,88115,11764,Credit Card,,
13040,12/14/2023,Aaryahi Taneja,North,Chandigarh,Electronics,Smartwatch,Smartwatch Iste,5,24950,15,106038,10712,Credit Card,,
13041,10/18/2024,Himmat Warrior,West,Surat,Clothing,Women's Wear,Women's Wear Possimus,5,35783,15,152078,7927,Credit Card,,
13042,4/17/2025,Indrans Seth,West,Ahmedabad,Clothing,Kids Wear,Kids Wear Eum,1,22723,0,22723,3015,Net Banking,,
13043,3/17/2024,Shaan Sunder,West,Surat,Groceries,Rice,Rice Id,1,53059,10,47753,6951,UPI,,
13044,12/2/2023,Aayush Kakar,South,Thiruvananthapuram,Beauty,Foundation,Foundation Ad,1,16349,20,13079,2485,COD,,
13045,2/26/2024,Divit Koshy,North,Jaipur,Electronics,Camera,Camera Culpa,4,19551,15,66473,10615,Credit Card,,
13046,12/2/2023,Lakshay Devan,North,Chandigarh,Books,Biography,Biography Laboriosam,3,33505,0,100515,12501,Debit Card,,
13047,10/23/2024,Lagan Sarna,West,Goa,Furniture,Cabinet,Cabinet Quibusdam,3,26525,15,67639,10345,UPI,,
13048,10/16/2024,Heer Dugal,East,Guwahati,Beauty,Lipstick,Lipstick Ea,1,71036,20,56829,5864,Credit Card,,
13049,4/3/2025,Dhanuk Atwal,North,Amritsar,Electronics,Smartwatch,Smartwatch Minus,2,69965,0,139930,19955,Credit Card,,
13050,1/15/2025,Eva Arora,East,Guwahati,Electronics,Mobile,Mobile Dolores,1,71876,10,64688,9796,Net Banking,,
13051,6/25/2024,Kashvi Sandhu,West,Mumbai,Electronics,Smartwatch,Smartwatch Vitae,5,23597,20,94388,22123,Debit Card,,
13052,1/19/2025,Pranay Iyengar,North,Lucknow,Books,Non-Fiction,Non-Fiction Iste,4,29395,5,111701,13191,Debit Card,,
13053,6/9/2025,Kartik Dutt,East,Guwahati,Beauty,Lipstick,Lipstick Accusamus,4,73212,0,292848,43805,Debit Card,,
13054,12/11/2024,Divyansh Bumb,West,Pune,Kitchen,Juicer,Juicer Iure,2,38478,10,69260,8452,COD,,
13055,8/4/2025,Shalv Garde,East,Kolkata,Sports,Cricket Bat,Cricket Bat Corrupti,1,77933,0,77933,7876,Net Banking,,
13056,5/18/2025,Samarth Brar,East,Ranchi,Beauty,Face Cream,Face Cream Voluptatibus,2,61973,10,111551,15435,UPI,,
13057,11/22/2023,Inaaya  Subramanian,East,Patna,Furniture,Bed,Bed Ullam,4,17771,0,71084,6883,Net Banking,,
13058,9/16/2025,Sumer Majumdar,South,Chennai,Electronics,Smartwatch,Smartwatch Consectetur,3,63135,10,170465,10224,COD,,
13059,5/31/2024,Raghav Hari,West,Goa,Groceries,Rice,Rice Esse,3,79841,0,239523,26324,Net Banking,,
13060,3/16/2024,Jiya Chaudhary,East,Patna,Books,Textbook,Textbook Commodi,1,317,15,269,38,Net Banking,,
13061,8/18/2025,Ojas Bala,West,Surat,Electronics,Smartwatch,Smartwatch Suscipit,2,3923,10,7061,1206,Debit Card,,
13062,1/16/2024,Samarth Gera,West,Mumbai,Kitchen,Mixer Grinder,Mixer Grinder Enim,4,45989,15,156363,36553,Net Banking,,
13063,5/14/2024,Samarth Dar,West,Ahmedabad,Beauty,Face Cream,Face Cream Voluptates,4,2395,15,8143,728,Debit Card,,
13064,2/11/2024,Trisha Sodhi,South,Hyderabad,Clothing,Kids Wear,Kids Wear Magnam,4,3266,5,12411,2482,Net Banking,,
13065,6/30/2025,Parinaaz Sidhu,East,Guwahati,Toys,RC Car,RC Car Consectetur,3,64714,10,174728,41459,Debit Card,,
13066,11/4/2024,Gatik Chaudhary,East,Patna,Furniture,Bed,Bed Esse,1,278,5,264,19,UPI,,
13067,5/2/2024,Diya Buch,North,Delhi,Electronics,Camera,Camera Corrupti,2,27771,10,49988,6019,Credit Card,,
13068,10/14/2024,Dhanuk Bava,South,Bangalore,Electronics,Headphones,Headphones Voluptates,4,74225,10,267210,19685,COD,,
13069,2/1/2025,Manjari Rajagopal,West,Pune,Books,Textbook,Textbook Animi,5,64232,10,289044,51824,COD,,
13070,5/7/2024,Aarav Rastogi,East,Kolkata,Kitchen,Juicer,Juicer Excepturi,1,79127,5,75171,11863,Credit Card,,
13071,4/16/2024,Keya Edwin,South,Bangalore,Toys,Puzzle,Puzzle Ut,1,72835,5,69193,9253,Debit Card,,
13072,4/12/2024,Rania Raman,South,Coimbatore,Furniture,Chair,Chair Perferendis,4,8180,0,32720,2780,UPI,,
13073,12/30/2023,Hrishita Bera,South,Bangalore,Groceries,Wheat,Wheat Veniam,4,24631,5,93598,11214,Debit Card,,
13074,10/23/2024,Samiha Sachar,West,Pune,Furniture,Sofa,Sofa Atque,5,68127,10,306572,51209,UPI,,
13075,10/9/2023,Ayesha Dâ€™Alia,South,Thiruvananthapuram,Sports,Tennis Racket,Tennis Racket Cumque,2,36160,5,68704,13929,Credit Card,,
13076,9/3/2025,Kimaya Dugar,East,Bhubaneswar,Home Decor,Lamp,Lamp Excepturi,2,39527,20,63243,10326,COD,,
13077,6/30/2025,Ayesha Garde,West,Surat,Home Decor,Vase,Vase Quo,1,14371,15,12215,1679,UPI,,
13078,5/29/2025,Armaan Krishnamurthy,South,Thiruvananthapuram,Electronics,Laptop,Laptop Aperiam,2,13288,5,25247,2402,Debit Card,,
13079,10/19/2023,Yasmin Wable,West,Pune,Sports,Football,Football Consequatur,4,19841,5,75396,12703,Net Banking,,
13080,11/1/2024,Mehul Hayre,West,Ahmedabad,Furniture,Sofa,Sofa Soluta,3,68638,15,175027,17034,UPI,,
13081,4/4/2025,Ahana  Ray,South,Chennai,Groceries,Wheat,Wheat A,2,11203,10,20165,3987,Net Banking,,
13082,12/15/2023,Nitya Kohli,South,Bangalore,Beauty,Shampoo,Shampoo Possimus,2,63253,5,120181,19413,Credit Card,,
13083,7/18/2025,Rania Sarma,West,Goa,Furniture,Bed,Bed Ipsa,1,49630,10,44667,3531,UPI,,
13084,11/24/2023,Jayan Chanda,East,Kolkata,Beauty,Perfume,Perfume Dolorum,3,45931,10,124014,17277,Debit Card,,
13085,8/6/2024,Suhana Raval,South,Bangalore,Clothing,Men's Wear,Men's Wear Molestias,1,19394,0,19394,2148,COD,,
13086,10/9/2024,Ira Date,South,Coimbatore,Toys,RC Car,RC Car Quos,5,777,5,3691,381,Credit Card,,
13087,11/4/2024,Anahita Verma,West,Goa,Electronics,Laptop,Laptop Quas,3,38127,5,108662,26445,Net Banking,,
13088,4/2/2024,Charvi Ganesh,North,Delhi,Kitchen,Cookware Set,Cookware Set Esse,1,45598,10,41038,8831,UPI,,
13089,9/28/2024,Mishti Gupta,North,Amritsar,Electronics,Laptop,Laptop Magnam,2,30724,10,55303,13411,COD,,
13090,7/20/2024,Ishaan Madan,North,Lucknow,Beauty,Lipstick,Lipstick Eligendi,4,77551,10,279184,37206,UPI,,
13091,3/13/2024,Madhav Kashyap,West,Mumbai,Groceries,Rice,Rice Similique,4,42890,15,145826,7889,COD,,
13092,8/9/2024,Ryan Tank,North,Delhi,Home Decor,Clock,Clock Quisquam,2,49766,10,89579,15572,COD,,
13093,4/6/2024,Advik Contractor,West,Pune,Books,Non-Fiction,Non-Fiction Veniam,1,53141,10,47827,8928,UPI,,
13094,5/4/2025,Dhanuk Krish,South,Chennai,Electronics,Smartwatch,Smartwatch Perspiciatis,1,34661,10,31195,4803,Credit Card,,
13095,8/13/2024,Kabir Sunder,South,Bangalore,Electronics,Smartwatch,Smartwatch Iusto,1,61952,0,61952,5178,UPI,,
13096,5/24/2024,Nitara Contractor,South,Thiruvananthapuram,Sports,Dumbbells,Dumbbells Magnam,2,14673,15,24944,2237,UPI,,
13097,12/8/2024,Lagan Hans,East,Guwahati,Clothing,Men's Wear,Men's Wear Officia,4,39989,10,143960,31677,UPI,,
13098,6/27/2024,Adira Bala,North,Jaipur,Electronics,Smartwatch,Smartwatch Quibusdam,5,62411,20,249644,38503,Debit Card,,
13099,9/11/2024,Riaan Dutta,South,Coimbatore,Sports,Cricket Bat,Cricket Bat Itaque,3,53611,10,144750,22217,Debit Card,,
13100,7/7/2024,Tanya Goel,East,Ranchi,Beauty,Perfume,Perfume Dolor,5,62693,10,282119,17583,UPI,,
13101,4/18/2025,Vanya Gade,North,Lucknow,Furniture,Sofa,Sofa Sed,1,10319,15,8771,1189,Credit Card,,
13102,9/6/2024,Madhup Bumb,North,Delhi,Electronics,Headphones,Headphones Ut,2,19277,10,34699,8271,COD,,
13103,9/4/2025,Jayan Jaggi,East,Kolkata,Furniture,Sofa,Sofa Reprehenderit,2,33700,10,60660,14264,UPI,,
13104,1/5/2024,Nitya Saini,East,Bhubaneswar,Groceries,Sugar,Sugar Excepturi,1,79048,15,67191,9016,Net Banking,,
13105,6/4/2025,Adira Kota,West,Surat,Kitchen,Juicer,Juicer Enim,1,9604,15,8163,1970,Debit Card,,
13106,2/16/2025,Ira Bains,North,Chandigarh,Kitchen,Mixer Grinder,Mixer Grinder Quas,3,48018,10,129649,27367,COD,,
13107,6/29/2025,Chirag Dugar,West,Pune,Clothing,Women's Wear,Women's Wear Eaque,4,77163,5,293219,68139,COD,,
13108,2/17/2025,Dhanush Tandon,North,Amritsar,Kitchen,Juicer,Juicer Voluptatem,2,64852,0,129704,28407,Debit Card,,
13109,12/6/2024,Aarna Chakrabarti,West,Goa,Clothing,Women's Wear,Women's Wear Inventore,4,63460,10,228456,56514,COD,,
13110,2/28/2025,Damini Goel,West,Mumbai,Toys,Action Figure,Action Figure Fugit,5,27665,10,124493,19127,COD,,
13111,8/13/2024,Siya Subramaniam,North,Chandigarh,Toys,Action Figure,Action Figure Magni,2,17520,5,33288,7422,COD,,
13112,9/21/2025,Anika Chaudhry,South,Coimbatore,Kitchen,Mixer Grinder,Mixer Grinder Officiis,5,23535,20,94140,13631,COD,,
13113,5/25/2024,Tarini Manne,West,Pune,Groceries,Rice,Rice Illo,1,25231,10,22708,2207,Debit Card,,
13114,3/17/2024,Dharmajan Kapadia,North,Lucknow,Electronics,Mobile,Mobile Deserunt,4,3154,5,11985,2017,UPI,,
13115,3/23/2025,Onkar Dhar,South,Hyderabad,Books,Fiction,Fiction Omnis,2,46840,0,93680,22093,Credit Card,,
13116,12/9/2023,Samarth Wagle,West,Mumbai,Clothing,Women's Wear,Women's Wear Id,2,78875,15,134088,10254,UPI,,
13117,2/24/2025,Piya Khurana,South,Coimbatore,Electronics,Headphones,Headphones Non,4,23019,5,87472,9805,UPI,,
13118,12/3/2023,Dhanuk Rao,South,Hyderabad,Groceries,Rice,Rice Porro,5,28171,20,112684,25921,COD,,
13119,7/3/2024,Shanaya Desai,South,Chennai,Toys,Action Figure,Action Figure Quis,2,48532,15,82504,17146,Net Banking,,
13120,5/2/2024,Ishita Khosla,East,Bhubaneswar,Home Decor,Lamp,Lamp Id,2,12121,5,23030,2475,COD,,
13121,7/24/2024,Navya Dora,East,Bhubaneswar,Sports,Tennis Racket,Tennis Racket Consequatur,5,54726,10,246267,39195,UPI,,
13122,12/9/2024,Aarush Bains,East,Kolkata,Beauty,Lipstick,Lipstick Accusamus,5,63511,0,317555,75212,Credit Card,,
13123,5/11/2025,Sara Sarna,East,Patna,Books,Textbook,Textbook Fuga,4,1047,20,3350,332,Net Banking,,
13124,12/3/2023,Yasmin Konda,South,Hyderabad,Electronics,Smartwatch,Smartwatch Accusamus,1,55644,0,55644,9752,COD,,
13125,3/8/2024,Yashvi Banik,South,Bangalore,Furniture,Cabinet,Cabinet Eligendi,5,48079,20,192316,10171,Net Banking,,
13126,9/3/2024,Dhanush Vig,West,Pune,Books,Biography,Biography Enim,2,23079,5,43850,8030,Net Banking,,
13127,6/28/2025,Zeeshan Gala,North,Amritsar,Toys,Board Game,Board Game Itaque,5,43522,5,206730,28479,COD,,
13128,1/2/2024,Dhanush Dhingra,East,Patna,Beauty,Foundation,Foundation Blanditiis,2,24516,5,46580,9344,Net Banking,,
13129,3/21/2024,Kabir Golla,North,Chandigarh,Sports,Dumbbells,Dumbbells Odio,2,6535,15,11110,1550,UPI,,
13130,6/26/2024,Sumer Ramachandran,South,Chennai,Beauty,Foundation,Foundation Expedita,1,41000,15,34850,4658,Net Banking,,
13131,2/27/2024,Myra Chatterjee,South,Bangalore,Electronics,Mobile,Mobile Corrupti,3,2691,20,6458,1536,Net Banking,,
13132,11/10/2023,Hansh Sankaran,North,Chandigarh,Electronics,Mobile,Mobile Facilis,4,8171,10,29416,5837,COD,,
13133,3/15/2025,Shray Hayre,West,Ahmedabad,Home Decor,Vase,Vase Eveniet,4,52936,0,211744,32980,UPI,,
13134,1/12/2024,Kartik Sagar,West,Ahmedabad,Sports,Cricket Bat,Cricket Bat Eos,5,21480,10,96660,13966,Debit Card,,
13135,8/7/2025,Ira Subramanian,South,Hyderabad,Electronics,Mobile,Mobile Et,4,53035,5,201533,11395,Credit Card,,
13136,3/27/2024,Seher Din,East,Guwahati,Toys,Puzzle,Puzzle Dolore,2,78881,5,149874,26015,Debit Card,,
13137,3/8/2025,Diya Mahal,East,Patna,Sports,Dumbbells,Dumbbells Sed,2,7277,20,11643,916,COD,,
13138,10/8/2023,Neelofar Karnik,West,Goa,Electronics,Mobile,Mobile Aut,4,11616,20,37171,7036,COD,,
13139,4/8/2024,Saanvi Sawhney,East,Kolkata,Kitchen,Juicer,Juicer Quidem,4,57976,10,208714,32534,Net Banking,,
13140,3/23/2025,Aniruddh Kar,West,Surat,Kitchen,Microwave,Microwave Optio,2,33015,5,62729,13505,COD,,
13141,8/15/2025,Lavanya Wable,South,Thiruvananthapuram,Clothing,Women's Wear,Women's Wear Ducimus,1,58721,20,46977,8783,Net Banking,,
13142,1/14/2025,Ishita Kaur,West,Ahmedabad,Books,Non-Fiction,Non-Fiction Reiciendis,3,56352,0,169056,32024,Net Banking,,
13143,5/31/2025,Romil Dugal,North,Lucknow,Electronics,Headphones,Headphones Libero,4,49556,0,198224,31758,COD,,
13144,11/14/2024,Nakul Varghese,West,Ahmedabad,Groceries,Sugar,Sugar Rerum,4,72746,0,290984,61010,Credit Card,,
13145,3/2/2024,Amira Bora,West,Mumbai,Kitchen,Juicer,Juicer Rem,2,7510,15,12767,2840,Credit Card,,
13146,7/21/2025,Nakul Chand,North,Amritsar,Clothing,Accessories,Accessories Corporis,5,65600,10,295200,63951,Debit Card,,
13147,12/18/2023,Sana Kalita,South,Coimbatore,Kitchen,Juicer,Juicer Quod,2,55871,0,111742,11119,UPI,,
13148,11/27/2024,Yasmin Sood,West,Pune,Sports,Dumbbells,Dumbbells Iusto,3,30928,0,92784,18736,UPI,,
13149,8/22/2024,Indrajit Mall,South,Hyderabad,Groceries,Spices,Spices Quisquam,5,19307,20,77228,18754,UPI,,
13150,9/8/2024,Krish Dar,South,Chennai,Furniture,Cabinet,Cabinet Dolores,5,38537,0,192685,15407,Net Banking,,
13151,6/4/2025,Yasmin Saran,West,Surat,Sports,Yoga Mat,Yoga Mat Aliquam,4,25860,0,103440,16829,Credit Card,,
13152,12/30/2024,Hazel Dhar,South,Hyderabad,Beauty,Face Cream,Face Cream Sit,5,58759,20,235036,18424,Net Banking,,
13153,9/17/2025,Vedika Mane,North,Amritsar,Clothing,Kids Wear,Kids Wear Iure,4,932,20,2982,713,Net Banking,,
13154,11/22/2024,Nayantara Majumdar,South,Chennai,Home Decor,Vase,Vase Rerum,5,65586,5,311534,49261,UPI,,
13155,9/6/2024,Shanaya Kapoor,North,Chandigarh,Clothing,Men's Wear,Men's Wear Odit,4,74267,15,252508,47461,Net Banking,,
13156,5/25/2024,Zara Varghese,West,Goa,Toys,RC Car,RC Car Minima,5,31541,5,149820,19113,Debit Card,,
13157,2/22/2024,Inaaya  Dara,North,Amritsar,Groceries,Wheat,Wheat Distinctio,4,18626,20,59603,4144,COD,,
13158,11/19/2024,Stuvan Sangha,South,Hyderabad,Groceries,Wheat,Wheat Sed,4,57679,15,196109,14044,Credit Card,,
13159,4/29/2024,Tara Gill,North,Amritsar,Furniture,Cabinet,Cabinet Magnam,1,32555,10,29300,3887,Credit Card,,
13160,10/29/2023,Saanvi Sahni,West,Goa,Electronics,Headphones,Headphones Corporis,2,70884,20,113414,17485,Credit Card,,
13161,11/26/2023,Ritvik Dash,North,Delhi,Home Decor,Cushion,Cushion Et,3,37434,5,106687,5727,Credit Card,,
13162,6/22/2025,Hridaan Gade,West,Pune,Clothing,Kids Wear,Kids Wear Enim,1,71307,0,71307,3732,COD,,
13163,8/22/2025,Gatik Savant,East,Kolkata,Electronics,Mobile,Mobile Facilis,4,24518,20,78458,10542,COD,,
13164,11/22/2024,Kavya Bajaj,South,Coimbatore,Kitchen,Cookware Set,Cookware Set Eos,5,72434,10,325953,21191,COD,,
13165,10/24/2024,Yasmin Uppal,West,Goa,Groceries,Wheat,Wheat Eum,2,48160,15,81872,12870,UPI,,
13166,8/3/2024,Vedika Yadav,East,Ranchi,Clothing,Accessories,Accessories Velit,2,65492,20,104787,15071,Net Banking,,
13167,5/15/2025,Lavanya Srivastava,South,Bangalore,Sports,Yoga Mat,Yoga Mat Facere,4,14204,15,48294,9440,Credit Card,,
13168,6/17/2025,Ishita Chacko,North,Lucknow,Books,Biography,Biography Sed,5,16483,20,65932,10866,Debit Card,,
13169,8/26/2024,Zain Guha,East,Patna,Clothing,Shoes,Shoes Consectetur,5,10706,0,53530,12039,Credit Card,,
13170,7/23/2025,Piya Sani,West,Goa,Books,Non-Fiction,Non-Fiction Omnis,4,1730,10,6228,750,UPI,,
13171,6/21/2025,Sara Deshmukh,West,Pune,Clothing,Women's Wear,Women's Wear Repellendus,3,72618,20,174283,15378,COD,,
13172,1/11/2025,Dhanuk Din,North,Delhi,Electronics,Camera,Camera Vero,4,51884,20,166029,37882,Debit Card,,
13173,7/10/2025,Taimur Banerjee,North,Delhi,Kitchen,Mixer Grinder,Mixer Grinder Animi,5,37606,10,169227,29678,Net Banking,,
13174,5/9/2025,Hunar Aggarwal,South,Coimbatore,Sports,Cricket Bat,Cricket Bat Assumenda,3,25349,15,64640,6608,Debit Card,,
13175,10/8/2023,Armaan Dugar,East,Bhubaneswar,Books,Comics,Comics Esse,5,58608,10,263736,28829,Debit Card,,
13176,5/18/2025,Ehsaan Srivastava,West,Pune,Furniture,Cabinet,Cabinet Accusantium,1,73507,20,58806,4650,Debit Card,,
13177,1/23/2025,Indrajit Kapadia,West,Pune,Kitchen,Cookware Set,Cookware Set Necessitatibus,3,37202,10,100445,11651,Credit Card,,
13178,11/30/2024,Vaibhav Bora,East,Guwahati,Beauty,Perfume,Perfume Exercitationem,2,41831,5,79479,14297,Debit Card,,
13179,6/27/2024,Sumer Thakkar,South,Thiruvananthapuram,Clothing,Shoes,Shoes Quia,3,17583,20,42199,2795,Net Banking,,
13180,9/29/2025,Kismat Das,North,Lucknow,Home Decor,Lamp,Lamp Illo,4,25481,20,81539,4893,Debit Card,,
13181,5/11/2024,Saanvi Yogi,South,Chennai,Sports,Tennis Racket,Tennis Racket Laboriosam,1,62606,20,50085,5299,Credit Card,,
13182,11/6/2024,Dhruv Divan,South,Coimbatore,Home Decor,Clock,Clock Aut,2,43739,0,87478,18773,Credit Card,,
13183,2/8/2024,Zoya Sami,South,Coimbatore,Home Decor,Cushion,Cushion Quibusdam,1,5393,5,5123,820,UPI,,
13184,7/16/2024,Mishti Manne,South,Coimbatore,Sports,Tennis Racket,Tennis Racket Libero,4,14964,0,59856,14317,UPI,,
13185,7/24/2025,Jivika Ratti,East,Bhubaneswar,Books,Textbook,Textbook Enim,5,11399,15,48446,11984,COD,,
13186,1/23/2024,Hridaan Shan,East,Guwahati,Electronics,Smartwatch,Smartwatch Assumenda,5,22001,5,104505,16063,COD,,
13187,2/10/2025,Parinaaz Dâ€™Alia,West,Goa,Furniture,Table,Table Voluptatum,3,68647,10,185347,20454,Credit Card,,
13188,1/7/2025,Jayan Chahal,South,Hyderabad,Toys,Board Game,Board Game Minima,3,37653,10,101663,10123,COD,,
13189,12/7/2024,Dharmajan Ratti,West,Surat,Books,Textbook,Textbook Voluptates,4,24371,10,87736,19597,Net Banking,,
13190,5/30/2025,Dhruv Kulkarni,East,Patna,Books,Fiction,Fiction Ipsum,4,39663,0,158652,38519,Credit Card,,
13191,3/19/2025,Jayan Vasa,North,Lucknow,Groceries,Oil,Oil Sequi,1,16219,0,16219,2678,UPI,,
13192,5/7/2025,Indranil Sood,East,Guwahati,Kitchen,Cookware Set,Cookware Set Odio,1,63000,0,63000,4286,Net Banking,,
13193,6/29/2025,Misha Bandi,South,Coimbatore,Kitchen,Cookware Set,Cookware Set Doloribus,4,17155,20,54896,11120,COD,,
13194,11/22/2024,Shlok Bakshi,South,Thiruvananthapuram,Sports,Cricket Bat,Cricket Bat Placeat,2,10158,10,18284,2903,Credit Card,,
13195,7/6/2024,Urvi Ganesh,East,Ranchi,Beauty,Face Cream,Face Cream Corrupti,1,50823,20,40658,6268,Credit Card,,
13196,7/19/2024,Pranay Gola,West,Pune,Groceries,Wheat,Wheat Delectus,1,58194,0,58194,6750,Credit Card,,
13197,3/24/2025,Adah Bassi,South,Thiruvananthapuram,Toys,Doll,Doll Nam,5,37682,10,169569,26335,Net Banking,,
13198,4/9/2025,Nayantara Savant,North,Amritsar,Books,Textbook,Textbook Saepe,5,23752,5,112822,18547,COD,,
13199,7/7/2025,Kabir Gill,South,Hyderabad,Sports,Tennis Racket,Tennis Racket Voluptatum,5,74807,0,374035,31406,UPI,,
13200,1/6/2025,Kanav Tank,South,Coimbatore,Books,Comics,Comics Quisquam,3,27799,10,75057,11023,Credit Card,,
13201,10/6/2024,Nayantara Hegde,South,Bangalore,Sports,Dumbbells,Dumbbells Iste,4,56706,10,204142,35280,Debit Card,,
13202,5/6/2025,Tejas Bhardwaj,North,Jaipur,Groceries,Sugar,Sugar Ab,1,76879,15,65347,16285,Net Banking,,
13203,11/20/2024,Darshit Borra,South,Bangalore,Beauty,Foundation,Foundation Deserunt,3,39207,5,111740,21028,Debit Card,,
13204,4/28/2025,Vritika Gopal,North,Amritsar,Kitchen,Mixer Grinder,Mixer Grinder Sed,1,71243,15,60557,14619,UPI,,
13205,6/23/2024,Onkar Rajagopalan,West,Mumbai,Kitchen,Microwave,Microwave Natus,3,71312,20,171149,9394,UPI,,
13206,10/1/2025,Parinaaz Dewan,West,Surat,Home Decor,Lamp,Lamp Animi,2,15322,10,27580,1966,UPI,,
13207,11/24/2024,Mehul Bhatti,North,Jaipur,Sports,Cricket Bat,Cricket Bat Debitis,2,32572,0,65144,12520,UPI,,
13208,9/28/2025,Vidur Dani,West,Goa,Kitchen,Juicer,Juicer Nostrum,2,17389,5,33039,6917,Debit Card,,
13209,8/20/2024,Yuvraj  Garde,West,Ahmedabad,Furniture,Sofa,Sofa Reiciendis,3,48461,15,123576,27773,COD,,
13210,10/23/2024,Jayant Atwal,North,Amritsar,Kitchen,Juicer,Juicer Corporis,1,39872,10,35885,7384,Credit Card,,
13211,3/11/2025,Miraan Jayaraman,West,Pune,Kitchen,Mixer Grinder,Mixer Grinder Occaecati,3,65351,5,186250,44988,Credit Card,,
13212,1/11/2025,Shlok Bose,North,Jaipur,Groceries,Rice,Rice Quos,1,62219,15,52886,13146,Debit Card,,
13213,4/2/2025,Kimaya Bansal,West,Pune,Electronics,Smartwatch,Smartwatch Sit,4,69923,5,265707,26038,Debit Card,,
13214,7/8/2025,Badal Chaudhary,East,Kolkata,Furniture,Chair,Chair Amet,3,70734,0,212202,52505,UPI,,
13215,8/9/2024,Jiya Chacko,East,Bhubaneswar,Books,Fiction,Fiction Consectetur,5,7682,10,34569,3215,Net Banking,,
13216,6/5/2024,Sahil Srinivasan,North,Lucknow,Books,Textbook,Textbook Voluptatem,5,7331,10,32990,1892,UPI,,
13217,12/13/2023,Ivan Kashyap,West,Pune,Kitchen,Cookware Set,Cookware Set Dolores,1,21175,5,20116,3692,Net Banking,,
13218,3/15/2025,Umang Barad,North,Jaipur,Home Decor,Wall Art,Wall Art Odit,1,7828,5,7437,1020,Credit Card,,
13219,12/31/2023,Yuvraj  Mand,East,Kolkata,Clothing,Kids Wear,Kids Wear Tempore,2,52220,20,83552,5411,Debit Card,,
13220,6/24/2024,Yuvraj  Deo,North,Amritsar,Electronics,Camera,Camera Ipsam,4,20266,15,68904,13538,Credit Card,,
13221,6/11/2025,Nayantara Bhalla,South,Hyderabad,Furniture,Chair,Chair Eveniet,4,68646,20,219667,39725,COD,,
13222,1/1/2024,Kashvi Sekhon,East,Bhubaneswar,Groceries,Spices,Spices Eos,1,25473,20,20378,3783,COD,,
13223,3/10/2024,Jayesh Ratti,South,Thiruvananthapuram,Kitchen,Juicer,Juicer Doloremque,4,28239,5,107308,6756,UPI,,
13224,6/7/2024,Samaira Mane,North,Amritsar,Sports,Cricket Bat,Cricket Bat Officia,5,24059,5,114280,5891,UPI,,
13225,8/6/2024,Indrajit Rao,North,Amritsar,Groceries,Rice,Rice Aliquid,5,14222,5,67555,16413,Net Banking,,
13226,7/30/2025,Vihaan Chaudhari,West,Ahmedabad,Home Decor,Clock,Clock Magnam,5,40487,15,172070,21982,COD,,
13227,4/13/2024,Saanvi Sankar,East,Bhubaneswar,Sports,Football,Football Distinctio,4,77291,10,278248,27846,Debit Card,,
13228,9/17/2024,Nirvaan Rama,South,Hyderabad,Groceries,Sugar,Sugar Voluptatum,2,38807,5,73733,8422,UPI,,
13229,12/17/2023,Hridaan Swaminathan,South,Coimbatore,Electronics,Mobile,Mobile Quod,5,42322,15,179869,33452,COD,,
13230,7/22/2024,Prerak Dora,North,Amritsar,Sports,Cricket Bat,Cricket Bat Assumenda,2,75015,20,120024,16077,Net Banking,,
13231,11/11/2023,Kashvi Mani,South,Coimbatore,Clothing,Shoes,Shoes Unde,3,8170,0,24510,4858,COD,,
13232,7/4/2024,Ishaan Sagar,North,Jaipur,Books,Non-Fiction,Non-Fiction Perferendis,5,4523,5,21484,3028,UPI,,
13233,10/27/2024,Trisha Kari,North,Delhi,Beauty,Shampoo,Shampoo Minus,1,48236,10,43412,2965,Credit Card,,
13234,1/26/2025,Kaira Gour,West,Goa,Clothing,Women's Wear,Women's Wear Mollitia,1,14394,0,14394,2239,Credit Card,,
13235,2/29/2024,Jivin Chakrabarti,East,Kolkata,Furniture,Bed,Bed Praesentium,4,1166,0,4664,307,COD,,
13236,5/30/2025,Advika Majumdar,North,Delhi,Toys,RC Car,RC Car Blanditiis,2,4981,15,8468,2115,Credit Card,,
13237,4/22/2024,Sumer Basu,East,Kolkata,Books,Biography,Biography Nisi,5,399,0,1995,291,Credit Card,,
13238,5/27/2024,Vardaniya Barad,East,Ranchi,Kitchen,Refrigerator,Refrigerator Animi,3,13033,5,37144,3706,COD,,
13239,10/20/2024,Vihaan Aurora,West,Surat,Groceries,Sugar,Sugar Sed,1,18197,15,15467,3000,Credit Card,,
13240,6/9/2024,Heer Subramaniam,East,Ranchi,Beauty,Shampoo,Shampoo Facilis,3,13588,0,40764,8951,Debit Card,,
13241,7/16/2025,Samar Dhaliwal,East,Guwahati,Clothing,Accessories,Accessories Maiores,5,57719,10,259736,53930,Debit Card,,
13242,3/20/2025,Kabir Sundaram,South,Thiruvananthapuram,Furniture,Bed,Bed At,5,10806,10,48627,4121,Debit Card,,
13243,1/16/2025,Trisha Balan,North,Delhi,Clothing,Men's Wear,Men's Wear Ea,2,48008,10,86414,15870,Credit Card,,
13244,11/17/2023,Yuvaan Sankar,South,Thiruvananthapuram,Books,Textbook,Textbook Reprehenderit,2,64998,10,116996,9366,Credit Card,,
13245,9/3/2025,Adah Raj,North,Lucknow,Sports,Tennis Racket,Tennis Racket Quos,3,21046,15,53667,8820,Debit Card,,
13246,2/13/2025,Anahi Aggarwal,North,Chandigarh,Toys,Board Game,Board Game Modi,4,24991,5,94966,19775,Credit Card,,
13247,8/6/2025,Elakshi Batra,South,Hyderabad,Beauty,Perfume,Perfume Occaecati,2,65399,10,117718,24367,Net Banking,,
13248,11/9/2024,Anahi Balakrishnan,West,Goa,Sports,Dumbbells,Dumbbells In,1,43064,20,34451,3380,Credit Card,,
13249,5/17/2025,Inaaya  Ben,West,Goa,Clothing,Men's Wear,Men's Wear Repellat,5,609,20,2436,223,UPI,,
13250,4/10/2024,Pihu Kalla,West,Ahmedabad,Kitchen,Cookware Set,Cookware Set Occaecati,2,13233,15,22496,2505,COD,,
13251,6/1/2024,Tiya Mall,West,Goa,Books,Comics,Comics Esse,2,15476,15,26309,5483,UPI,,
13252,2/13/2025,Zara Kakar,South,Chennai,Sports,Tennis Racket,Tennis Racket Consequuntur,2,46797,0,93594,9323,UPI,,
13253,10/22/2023,Onkar Kohli,North,Chandigarh,Beauty,Shampoo,Shampoo Labore,5,7875,15,33469,7826,Debit Card,,
13254,7/25/2024,Kismat Kalita,South,Hyderabad,Furniture,Sofa,Sofa Reprehenderit,1,32825,5,31184,6831,Net Banking,,
13255,10/4/2024,Gatik Singh,West,Pune,Kitchen,Refrigerator,Refrigerator Officiis,5,51880,15,220490,26192,UPI,,
13256,10/20/2024,Ela Chanda,South,Thiruvananthapuram,Groceries,Oil,Oil Officiis,1,69578,20,55662,12414,Net Banking,,
13257,12/16/2024,Manjari Dixit,South,Chennai,Beauty,Face Cream,Face Cream Nihil,2,45358,10,81644,7788,COD,,
13258,4/3/2024,Kavya Luthra,South,Thiruvananthapuram,Toys,Doll,Doll Nemo,3,65969,20,158326,31387,UPI,,
13259,11/3/2023,Riaan Bassi,South,Hyderabad,Toys,Doll,Doll Expedita,5,27369,15,116318,20799,COD,,
13260,6/16/2025,Shray Venkataraman,West,Mumbai,Books,Comics,Comics Quam,4,54332,0,217328,34420,COD,,
13261,2/26/2024,Jivin Ben,West,Pune,Sports,Cricket Bat,Cricket Bat Quidem,2,43960,20,70336,15558,UPI,,
13262,5/15/2025,Kiara Iyer,South,Chennai,Kitchen,Cookware Set,Cookware Set Dignissimos,2,30008,20,48013,7293,Credit Card,,
13263,1/2/2024,Aarav Loke,South,Hyderabad,Clothing,Accessories,Accessories Eius,4,52668,0,210672,33035,Net Banking,,
13264,11/5/2023,Urvi Khatri,South,Bangalore,Kitchen,Juicer,Juicer Quia,3,52002,15,132605,24250,UPI,,
13265,4/6/2024,Nirvi Kadakia,South,Coimbatore,Home Decor,Vase,Vase Iusto,2,5497,10,9895,826,UPI,,
13266,8/29/2024,Miraya Lad,West,Surat,Home Decor,Lamp,Lamp Repudiandae,3,61035,0,183105,16121,Credit Card,,
13267,4/30/2024,Divyansh Rastogi,South,Coimbatore,Sports,Yoga Mat,Yoga Mat Ex,5,49453,15,210175,37015,COD,,
13268,6/2/2025,Abram Chaudry,West,Pune,Electronics,Camera,Camera Nisi,4,33648,5,127862,7221,Net Banking,,
13269,4/12/2025,Vardaniya Chakrabarti,South,Chennai,Home Decor,Lamp,Lamp Possimus,2,49183,10,88529,14352,Net Banking,,
13270,1/6/2024,Aaryahi Kari,South,Bangalore,Books,Comics,Comics Praesentium,4,3541,5,13456,1837,Credit Card,,
13271,10/12/2023,Samiha Chopra,East,Kolkata,Groceries,Oil,Oil Error,5,60600,20,242400,48573,COD,,
13272,7/6/2024,Aayush Sengupta,East,Ranchi,Toys,Puzzle,Puzzle Illo,5,76545,15,325316,41394,Net Banking,,
13273,1/5/2024,Darshit Agrawal,South,Hyderabad,Beauty,Foundation,Foundation Esse,4,21421,10,77116,5993,Net Banking,,
13274,1/16/2025,Jiya Desai,East,Guwahati,Home Decor,Lamp,Lamp Neque,3,36252,0,108756,26187,Net Banking,,
13275,3/30/2025,Krish Vaidya,South,Chennai,Groceries,Spices,Spices Debitis,4,11581,20,37059,2251,UPI,,
13276,12/6/2024,Tushar Sachdev,North,Amritsar,Furniture,Bed,Bed Odit,1,15100,5,14345,2601,COD,,
13277,3/27/2025,Mamooty Hans,North,Chandigarh,Electronics,Camera,Camera Culpa,2,58575,5,111293,25462,COD,,
13278,11/19/2024,Nishith Bir,East,Bhubaneswar,Sports,Dumbbells,Dumbbells Doloremque,4,59422,20,190150,41659,Debit Card,,
13279,10/17/2023,Samar Upadhyay,North,Lucknow,Electronics,Camera,Camera Placeat,5,41174,15,174990,16207,Debit Card,,
13280,2/15/2025,Ranbir Kant,East,Patna,Kitchen,Microwave,Microwave Cum,3,41780,20,100272,6310,Credit Card,,
13281,12/31/2023,Lakshay Dhar,North,Lucknow,Electronics,Laptop,Laptop Non,1,56967,0,56967,13168,Debit Card,,
13282,4/8/2025,Ranbir Dugal,North,Lucknow,Books,Comics,Comics A,3,10123,20,24295,1859,Net Banking,,
13283,2/3/2025,Yakshit Sur,East,Bhubaneswar,Books,Textbook,Textbook Illo,3,19668,15,50153,2769,Credit Card,,
13284,4/23/2024,Tejas Sastry,East,Kolkata,Kitchen,Juicer,Juicer Hic,2,74815,10,134667,9914,UPI,,
13285,11/5/2023,Ryan Chad,East,Ranchi,Electronics,Headphones,Headphones Dolore,5,23243,5,110404,19257,Debit Card,,
13286,7/31/2025,Ehsaan Butala,West,Goa,Toys,Puzzle,Puzzle Libero,5,44376,20,177504,28065,COD,,
13287,6/18/2024,Jayesh Chander,South,Coimbatore,Electronics,Smartwatch,Smartwatch Saepe,3,8733,10,23579,4794,COD,,
13288,10/14/2024,Yuvraj  Shroff,West,Pune,Beauty,Shampoo,Shampoo Itaque,1,64131,15,54511,8643,UPI,,
13289,9/21/2025,Kiaan Mander,East,Kolkata,Toys,Action Figure,Action Figure Laboriosam,5,3306,15,14051,1904,Debit Card,,
13290,10/26/2024,Madhup Sagar,South,Coimbatore,Clothing,Kids Wear,Kids Wear Deleniti,5,35132,20,140528,9631,Credit Card,,
13291,6/16/2025,Taran Bala,East,Guwahati,Books,Comics,Comics Omnis,4,10250,20,32800,4222,UPI,,
13292,8/27/2025,Hunar Johal,East,Kolkata,Toys,Puzzle,Puzzle Deserunt,5,78766,20,315064,44013,Net Banking,,
13293,6/6/2025,Madhav Halder,South,Bangalore,Groceries,Rice,Rice Doloribus,2,53859,0,107718,18421,COD,,
13294,11/17/2024,Piya Amble,East,Ranchi,Books,Non-Fiction,Non-Fiction Autem,4,40642,0,162568,18654,COD,,
13295,2/14/2024,Sahil Deshmukh,South,Thiruvananthapuram,Groceries,Rice,Rice Commodi,2,45332,20,72531,4268,Net Banking,,
13296,7/1/2025,Nitara Sahota,North,Chandigarh,Beauty,Lipstick,Lipstick Aliquam,3,61630,5,175646,33039,UPI,,
13297,10/14/2023,Kashvi Chahal,West,Ahmedabad,Electronics,Headphones,Headphones Ipsum,1,47166,0,47166,11645,Credit Card,,
13298,2/25/2024,Ira Borra,South,Thiruvananthapuram,Furniture,Cabinet,Cabinet Doloribus,1,11904,20,9523,1644,Credit Card,,
13299,8/2/2025,Arnav Shroff,East,Patna,Toys,Puzzle,Puzzle Dolore,1,70745,15,60133,7744,Debit Card,,
13300,7/21/2024,Nirvi Sankaran,West,Pune,Home Decor,Lamp,Lamp Enim,5,60463,0,302315,32488,Debit Card,,
13301,5/5/2024,Renee Ganesan,North,Jaipur,Beauty,Face Cream,Face Cream Nulla,5,36213,0,181065,32531,UPI,,
13302,6/23/2025,Vidur Mannan,East,Guwahati,Beauty,Shampoo,Shampoo Fuga,2,6697,20,10715,862,Debit Card,,
13303,5/21/2025,Riya Varughese,East,Bhubaneswar,Electronics,Mobile,Mobile Impedit,3,57569,5,164072,29286,Debit Card,,
13304,7/6/2025,Kimaya Halder,West,Ahmedabad,Clothing,Accessories,Accessories Consectetur,2,48332,10,86998,20432,Net Banking,,
13305,12/1/2023,Anvi Kapoor,North,Jaipur,Home Decor,Lamp,Lamp Dolorum,2,53788,15,91440,21533,COD,,
13306,6/22/2024,Anahita De,South,Thiruvananthapuram,Clothing,Kids Wear,Kids Wear Suscipit,5,10507,0,52535,11583,COD,,
13307,8/23/2025,Arnav Savant,West,Pune,Electronics,Laptop,Laptop Fuga,4,7406,10,26662,3224,Debit Card,,
13308,4/27/2025,Dharmajan Vora,West,Goa,Furniture,Cabinet,Cabinet Deserunt,3,9188,10,24808,3716,Net Banking,,
13309,5/4/2025,Tanya Dave,West,Pune,Books,Biography,Biography Ullam,1,13605,20,10884,721,COD,,
13310,6/10/2024,Tanya Sankaran,West,Mumbai,Kitchen,Juicer,Juicer Dignissimos,2,76854,10,138337,26345,Net Banking,,
13311,4/8/2025,Alia Bhasin,North,Lucknow,Beauty,Lipstick,Lipstick Ea,4,2727,5,10363,703,Debit Card,,
13312,10/8/2023,Divij Gade,West,Pune,Sports,Yoga Mat,Yoga Mat Voluptate,2,59290,5,112651,9074,Debit Card,,
13313,11/8/2023,Anika Balasubramanian,East,Bhubaneswar,Toys,RC Car,RC Car Ducimus,4,56775,20,181680,43030,Credit Card,,
13314,1/24/2025,Dhanush Varughese,North,Amritsar,Electronics,Headphones,Headphones Deleniti,4,26031,20,83299,16207,Debit Card,,
13315,5/23/2024,Fateh Tak,South,Bangalore,Beauty,Foundation,Foundation Aperiam,1,40169,15,34144,7509,Debit Card,,
13316,7/6/2025,Umang Gulati,North,Delhi,Books,Biography,Biography Eos,4,64938,15,220789,18417,UPI,,
13317,10/6/2023,Samarth Kurian,West,Goa,Furniture,Bed,Bed Molestiae,3,6457,10,17434,3457,Debit Card,,
13318,7/1/2024,Badal Karan,East,Bhubaneswar,Sports,Tennis Racket,Tennis Racket Quia,5,30712,20,122848,19075,Debit Card,,
13319,10/17/2024,Uthkarsh Tara,South,Thiruvananthapuram,Electronics,Laptop,Laptop Soluta,4,27567,0,110268,18620,Credit Card,,
13320,5/20/2025,Tarini Sarna,North,Chandigarh,Home Decor,Cushion,Cushion Iste,3,76773,15,195771,28792,Credit Card,,
13321,5/30/2024,Manikya Kara,West,Goa,Home Decor,Cushion,Cushion Quae,4,73390,10,264204,20530,UPI,,
13322,2/6/2025,Arhaan Garg,West,Ahmedabad,Sports,Dumbbells,Dumbbells Dignissimos,2,72100,0,144200,8686,Credit Card,,
13323,2/29/2024,Jhanvi Char,West,Mumbai,Books,Fiction,Fiction Ratione,5,17491,5,83082,8025,Net Banking,,
13324,7/23/2024,Dhruv Chakraborty,East,Bhubaneswar,Books,Biography,Biography Voluptates,2,24784,20,39654,3688,Credit Card,,
13325,4/1/2024,Nitya Bajwa,East,Kolkata,Clothing,Women's Wear,Women's Wear Temporibus,1,12826,5,12185,2897,Net Banking,,
13326,5/23/2024,Ranbir Singhal,South,Coimbatore,Books,Non-Fiction,Non-Fiction Ipsa,4,8175,0,32700,6688,Credit Card,,
13327,7/18/2024,Lakshit Mahajan,East,Kolkata,Groceries,Oil,Oil Dignissimos,1,66192,15,56263,10655,Net Banking,,
13328,12/24/2023,Prerak Sankaran,North,Lucknow,Groceries,Wheat,Wheat Voluptate,2,7453,5,14161,3203,UPI,,
13329,11/10/2024,Drishya Maharaj,East,Guwahati,Electronics,Camera,Camera Inventore,5,65830,5,312693,35825,Credit Card,,
13330,10/1/2024,Rasha Saxena,South,Coimbatore,Home Decor,Lamp,Lamp Libero,5,78716,0,393580,75345,Net Banking,,
13331,5/23/2024,Mishti Dayal,South,Coimbatore,Kitchen,Juicer,Juicer Labore,3,28534,5,81322,9500,UPI,,
13332,9/25/2024,Tanya Chowdhury,East,Patna,Electronics,Headphones,Headphones Ipsa,4,54174,0,216696,40956,COD,,
13333,2/7/2025,Rohan Khare,West,Surat,Sports,Dumbbells,Dumbbells Fuga,5,79697,0,398485,21267,COD,,
13334,6/12/2025,Devansh Dhar,East,Ranchi,Home Decor,Clock,Clock Ex,4,21351,20,68323,13466,Debit Card,,
13335,9/21/2024,Hunar Sachdev,North,Amritsar,Sports,Cricket Bat,Cricket Bat Voluptates,4,51084,0,204336,47305,Debit Card,,
13336,12/17/2024,Vihaan Hora,East,Bhubaneswar,Furniture,Chair,Chair Porro,1,10487,5,9963,1500,COD,,
13337,4/7/2025,Samarth Chad,South,Thiruvananthapuram,Furniture,Bed,Bed Magnam,2,45872,0,91744,5679,Net Banking,,
13338,7/7/2024,Parinaaz Gandhi,West,Pune,Beauty,Perfume,Perfume Illum,5,40388,15,171649,39987,Credit Card,,
13339,5/1/2025,Adira Khanna,South,Bangalore,Books,Non-Fiction,Non-Fiction Occaecati,5,53250,5,252938,61937,Debit Card,,
13340,10/4/2023,Badal Mand,South,Hyderabad,Kitchen,Mixer Grinder,Mixer Grinder Quod,1,39026,0,39026,6959,COD,,
13341,12/16/2024,Eshani Kade,North,Amritsar,Beauty,Foundation,Foundation Asperiores,1,50440,20,40352,6954,Debit Card,,
13342,11/7/2024,Kismat Doshi,West,Mumbai,Sports,Football,Football Totam,1,40312,0,40312,6247,COD,,
13343,9/18/2024,Eshani Karpe,South,Thiruvananthapuram,Sports,Dumbbells,Dumbbells Quaerat,2,12389,0,24778,2843,Net Banking,,
13344,8/20/2024,Dishani Sharaf,South,Thiruvananthapuram,Electronics,Smartwatch,Smartwatch Vel,2,77134,0,154268,23296,Debit Card,,
13345,1/2/2025,Vritika Devi,North,Amritsar,Kitchen,Mixer Grinder,Mixer Grinder Consequuntur,3,33341,10,90021,11939,UPI,,
13346,7/15/2024,Riya Kala,West,Ahmedabad,Books,Non-Fiction,Non-Fiction Voluptatem,3,21603,0,64809,13509,Debit Card,,
13347,7/19/2025,Samiha Setty,North,Amritsar,Electronics,Laptop,Laptop Aliquam,5,58293,20,233172,45501,Credit Card,,
13348,9/3/2024,Shanaya Ramanathan,North,Lucknow,Sports,Tennis Racket,Tennis Racket Nobis,4,67065,0,268260,17206,Credit Card,,
13349,9/3/2024,Madhup Karpe,South,Bangalore,Electronics,Laptop,Laptop Adipisci,5,23348,10,105066,9433,Net Banking,,
13350,6/2/2025,Kiaan Madan,East,Kolkata,Groceries,Oil,Oil Maxime,3,76247,15,194430,11105,COD,,
13351,7/27/2025,Vardaniya Mandal,West,Pune,Electronics,Headphones,Headphones Enim,4,31052,15,105577,13193,UPI,,
13352,1/6/2025,Shlok Bhandari,North,Amritsar,Toys,RC Car,RC Car Iste,4,32469,15,110395,17771,UPI,,
13353,10/15/2023,Mamooty Choudhry,North,Amritsar,Electronics,Laptop,Laptop Doloribus,5,77286,10,347787,51062,Net Banking,,
13354,11/15/2024,Baiju Vig,West,Ahmedabad,Books,Comics,Comics Quam,5,15893,0,79465,13889,Credit Card,,
13355,11/17/2023,Samiha Sandal,South,Hyderabad,Kitchen,Mixer Grinder,Mixer Grinder Atque,2,483,5,918,154,Net Banking,,
13356,8/5/2024,Tarini Dada,South,Bangalore,Electronics,Camera,Camera Perspiciatis,5,53165,20,212660,26272,UPI,,
13357,5/27/2024,Himmat Gaba,North,Lucknow,Beauty,Lipstick,Lipstick Omnis,4,9894,0,39576,6562,COD,,
13358,6/20/2025,Ira Trivedi,West,Ahmedabad,Toys,Action Figure,Action Figure Quam,1,67215,10,60494,11208,Debit Card,,
13359,4/21/2025,Samar Dhawan,North,Lucknow,Kitchen,Microwave,Microwave Optio,2,77412,0,154824,13865,Net Banking,,
13360,8/24/2025,Nishith Sastry,West,Ahmedabad,Furniture,Cabinet,Cabinet Quasi,2,8143,10,14657,2809,Net Banking,,
13361,7/29/2024,Aarush Bahl,South,Coimbatore,Beauty,Face Cream,Face Cream Architecto,2,48691,0,97382,18865,Debit Card,,
13362,4/18/2025,Nitya Cherian,East,Ranchi,Kitchen,Refrigerator,Refrigerator Iste,1,2362,20,1890,380,Credit Card,,
13363,8/1/2025,Aniruddh Magar,South,Thiruvananthapuram,Toys,Puzzle,Puzzle Rem,2,58269,20,93230,15717,UPI,,
13364,6/25/2025,Madhav Rau,South,Bangalore,Beauty,Perfume,Perfume Ea,1,73892,15,62808,14277,Net Banking,,
13365,4/30/2025,Prisha Behl,South,Thiruvananthapuram,Sports,Tennis Racket,Tennis Racket Sed,5,72742,10,327339,24203,Debit Card,,
13366,10/27/2023,Zeeshan Deol,West,Pune,Books,Fiction,Fiction Est,1,74677,10,67209,4515,UPI,,
13367,6/5/2025,Ahana  Vig,South,Bangalore,Furniture,Sofa,Sofa Cumque,4,48651,15,165413,38672,UPI,,
13368,11/25/2024,Diya Shanker,West,Ahmedabad,Furniture,Cabinet,Cabinet Voluptates,4,57100,5,216980,41078,UPI,,
13369,8/5/2025,Stuvan Srinivas,North,Amritsar,Groceries,Spices,Spices Est,3,73722,10,199049,30357,COD,,
13370,12/12/2023,Abram Hayer,South,Coimbatore,Furniture,Cabinet,Cabinet Eos,1,2762,15,2348,408,Debit Card,,
13371,6/8/2025,Keya Sarna,West,Ahmedabad,Furniture,Chair,Chair Neque,3,36935,5,105265,10176,Credit Card,,
13372,11/20/2024,Shayak Karpe,East,Patna,Home Decor,Lamp,Lamp Neque,1,71685,10,64517,15872,Debit Card,,
13373,2/9/2024,Onkar Toor,East,Kolkata,Toys,Puzzle,Puzzle Temporibus,5,64203,10,288914,30406,Credit Card,,
13374,12/14/2024,Shayak Mandal,East,Guwahati,Toys,Puzzle,Puzzle Nisi,1,6627,15,5633,1098,Net Banking,,
13375,1/8/2024,Tanya Sabharwal,North,Jaipur,Books,Fiction,Fiction Iusto,2,37321,5,70910,7014,Debit Card,,
13376,2/20/2024,Samar Chandra,East,Guwahati,Clothing,Accessories,Accessories Ipsa,5,73086,15,310616,40731,UPI,,
13377,1/31/2025,Lagan Subramanian,East,Guwahati,Toys,Doll,Doll Magni,1,49555,10,44600,2415,UPI,,
13378,5/10/2024,Umang Varghese,East,Ranchi,Clothing,Accessories,Accessories Eveniet,3,49562,15,126383,24375,Credit Card,,
13379,2/22/2024,Anaya Chaudhari,East,Ranchi,Home Decor,Clock,Clock Minima,5,66421,20,265684,33071,Credit Card,,
13380,9/23/2025,Baiju Kant,West,Pune,Electronics,Mobile,Mobile Dolores,1,6943,5,6596,1542,COD,,
13381,11/24/2023,Jayan Toor,South,Thiruvananthapuram,Clothing,Accessories,Accessories Non,2,35085,10,63153,8478,Debit Card,,
13382,9/16/2025,Kiara Sabharwal,West,Mumbai,Kitchen,Mixer Grinder,Mixer Grinder Tenetur,1,10814,10,9733,2029,Credit Card,,
13383,9/29/2025,Seher Karan,East,Guwahati,Beauty,Perfume,Perfume Iusto,4,33200,20,106240,5474,Net Banking,,
13384,9/15/2025,Adah Ratta,North,Lucknow,Beauty,Lipstick,Lipstick Modi,3,9504,10,25661,2214,Debit Card,,
13385,4/21/2025,Diya Mand,East,Guwahati,Furniture,Sofa,Sofa Aut,3,72125,15,183919,35400,COD,,
13386,11/30/2023,Vedika Hegde,South,Bangalore,Clothing,Shoes,Shoes Soluta,1,8316,5,7900,1121,UPI,,
13387,2/23/2024,Yasmin Bir,South,Thiruvananthapuram,Books,Fiction,Fiction Sapiente,5,79450,5,377388,74952,COD,,
13388,5/20/2024,Ehsaan Ghosh,North,Delhi,Groceries,Rice,Rice Ipsam,2,3881,20,6210,685,Net Banking,,
13389,12/15/2024,Pihu Jaggi,East,Guwahati,Furniture,Sofa,Sofa Dolorem,4,35942,0,143768,14346,UPI,,
13390,8/26/2024,Lagan Date,North,Delhi,Clothing,Women's Wear,Women's Wear Corporis,3,43326,10,116980,26824,COD,,
13391,9/3/2025,Vritika Wadhwa,East,Kolkata,Beauty,Face Cream,Face Cream Dolor,5,8638,0,43190,8298,COD,,
13392,4/7/2024,Jayant Bose,East,Patna,Sports,Tennis Racket,Tennis Racket Laboriosam,5,74246,10,334107,27522,Credit Card,,
13393,5/29/2025,Dharmajan Lal,North,Delhi,Home Decor,Cushion,Cushion Inventore,2,70002,15,119003,12002,Net Banking,,
13394,10/6/2024,Jayan Mane,South,Bangalore,Toys,Board Game,Board Game Laudantium,2,7850,0,15700,2238,Net Banking,,
13395,4/24/2025,Chirag Johal,North,Lucknow,Home Decor,Clock,Clock Accusantium,2,61479,0,122958,21714,UPI,,
13396,10/30/2023,Vihaan Biswas,East,Patna,Beauty,Foundation,Foundation Consequuntur,4,7045,20,22544,5289,COD,,
13397,11/11/2024,Faiyaz Yadav,East,Bhubaneswar,Furniture,Cabinet,Cabinet Optio,1,69250,0,69250,15897,Credit Card,,
13398,7/13/2024,Divij Bir,West,Mumbai,Toys,Action Figure,Action Figure Cupiditate,2,58519,15,99482,8464,Debit Card,,
13399,4/13/2025,Umang Sethi,West,Goa,Home Decor,Wall Art,Wall Art Illo,3,20230,20,48552,6548,Net Banking,,
13400,7/19/2025,Farhan Dutt,North,Lucknow,Clothing,Accessories,Accessories Veritatis,1,14372,10,12935,2381,COD,,
13401,8/7/2025,Emir Khatri,East,Kolkata,Toys,Action Figure,Action Figure Voluptas,2,19502,20,31203,5436,Debit Card,,
13402,6/26/2024,Miraya Iyer,West,Ahmedabad,Kitchen,Refrigerator,Refrigerator Necessitatibus,4,59089,20,189085,17705,UPI,,
13403,10/10/2023,Shayak Suresh,South,Bangalore,Home Decor,Clock,Clock Voluptate,2,59774,0,119548,25182,UPI,,
13404,4/10/2025,Shayak Bhattacharyya,West,Goa,Clothing,Accessories,Accessories Quia,4,34684,20,110989,9903,UPI,,
13405,2/24/2024,Nishith Krish,West,Pune,Furniture,Sofa,Sofa Vel,5,11423,10,51404,6876,Debit Card,,
13406,5/4/2024,Divij Kamdar,West,Ahmedabad,Books,Fiction,Fiction Fugit,2,76361,15,129814,19179,COD,,
13407,3/21/2025,Zain Goda,North,Amritsar,Beauty,Shampoo,Shampoo Fugit,2,48934,10,88081,6583,UPI,,
13408,3/31/2024,Damini Bir,South,Hyderabad,Clothing,Men's Wear,Men's Wear Iusto,5,47120,20,188480,32184,COD,,
13409,7/22/2024,Anvi Gole,East,Patna,Beauty,Face Cream,Face Cream Minus,2,70594,0,141188,30894,Debit Card,,
13410,1/31/2024,Purab Verma,North,Amritsar,Groceries,Wheat,Wheat Nemo,1,11640,15,9894,1106,COD,,
13411,8/16/2025,Riaan Karnik,West,Surat,Books,Textbook,Textbook Accusantium,5,18215,20,72860,16987,UPI,,
13412,6/29/2025,Jhanvi Iyer,North,Jaipur,Toys,Action Figure,Action Figure Nihil,5,28456,20,113824,27975,COD,,
13413,12/16/2023,Vritika Agarwal,East,Kolkata,Kitchen,Microwave,Microwave Repudiandae,5,42323,20,169292,20279,COD,,
13414,11/24/2023,Eva Varghese,North,Chandigarh,Books,Biography,Biography Minima,2,51976,15,88359,19558,Net Banking,,
13415,12/17/2023,Drishya Sibal,South,Hyderabad,Clothing,Kids Wear,Kids Wear Eos,1,55600,10,50040,9761,UPI,,
13416,10/31/2023,Dhruv Thaker,South,Coimbatore,Clothing,Accessories,Accessories Consequatur,3,30915,0,92745,17453,Credit Card,,
13417,10/16/2023,Umang Hora,North,Amritsar,Clothing,Kids Wear,Kids Wear Iusto,5,26928,10,121176,19344,Net Banking,,
13418,2/18/2024,Hrishita Chahal,East,Bhubaneswar,Toys,Board Game,Board Game Necessitatibus,2,48998,15,83297,7668,Debit Card,,
13419,9/2/2024,Anaya Samra,West,Mumbai,Toys,Doll,Doll Sunt,3,31073,10,83897,11219,Net Banking,,
13420,9/29/2024,Trisha Solanki,East,Ranchi,Home Decor,Clock,Clock Recusandae,5,31846,0,159230,12362,UPI,,
13421,3/5/2025,Yuvraj  Sarin,North,Chandigarh,Toys,RC Car,RC Car Omnis,1,53601,20,42881,6262,COD,,
13422,11/28/2024,Sumer Contractor,West,Pune,Furniture,Cabinet,Cabinet Adipisci,3,49771,5,141847,16771,Debit Card,,
13423,3/13/2024,Kismat Bandi,South,Bangalore,Toys,Puzzle,Puzzle Veritatis,3,67309,15,171638,30099,COD,,
13424,11/8/2024,Ishita Wagle,West,Mumbai,Groceries,Sugar,Sugar At,1,22906,15,19470,2548,COD,,
13425,12/14/2024,Lakshit Singhal,South,Chennai,Toys,Action Figure,Action Figure Enim,5,19366,15,82306,17878,Debit Card,,
13426,3/4/2025,Dharmajan Ranganathan,South,Hyderabad,Electronics,Mobile,Mobile Dolorum,4,53525,0,214100,33790,Credit Card,,
13427,12/17/2023,Renee Goyal,West,Mumbai,Home Decor,Cushion,Cushion Ex,5,43196,10,194382,29474,Net Banking,,
13428,12/10/2023,Nitara Srinivas,North,Jaipur,Books,Textbook,Textbook Beatae,5,22760,10,102420,23304,Debit Card,,
13429,8/16/2024,Hrishita Dyal,South,Coimbatore,Sports,Yoga Mat,Yoga Mat Esse,1,38977,0,38977,3631,Debit Card,,
13430,5/14/2024,Seher Raja,North,Lucknow,Home Decor,Wall Art,Wall Art Saepe,5,56550,0,282750,58546,Debit Card,,
13431,11/18/2024,Shayak Contractor,East,Patna,Books,Biography,Biography Distinctio,4,73573,10,264863,41051,UPI,,
13432,10/13/2023,Aaryahi Sehgal,West,Goa,Home Decor,Cushion,Cushion Fuga,2,15350,10,27630,2100,UPI,,
13433,4/3/2024,Advika Hora,East,Kolkata,Home Decor,Lamp,Lamp Perspiciatis,5,79131,15,336307,41388,Credit Card,,
13434,10/23/2023,Indranil Khare,North,Jaipur,Sports,Tennis Racket,Tennis Racket Laboriosam,1,14443,15,12277,1866,Credit Card,,
13435,1/20/2025,Anvi Vora,West,Goa,Home Decor,Clock,Clock Assumenda,2,78372,10,141070,7433,COD,,
13436,4/1/2025,Kiaan Warrior,West,Mumbai,Beauty,Perfume,Perfume Ducimus,4,78646,0,314584,25852,Net Banking,,
13437,7/1/2025,Prerak Seth,West,Mumbai,Toys,Puzzle,Puzzle Natus,5,46098,10,207441,30558,UPI,,
13438,7/22/2025,Vedika Gala,West,Surat,Groceries,Rice,Rice Tempora,5,10139,10,45626,8978,Credit Card,,
13439,10/2/2024,Hrishita Bajwa,North,Delhi,Groceries,Wheat,Wheat Neque,4,11730,10,42228,8367,Credit Card,,
13440,11/19/2024,Nayantara Lala,East,Guwahati,Clothing,Shoes,Shoes Qui,4,13980,5,53124,10001,Debit Card,,
13441,10/6/2023,Mamooty Solanki,South,Bangalore,Clothing,Kids Wear,Kids Wear Magni,2,11988,10,21578,1440,Net Banking,,
13442,9/15/2025,Divij Rajagopal,South,Thiruvananthapuram,Books,Comics,Comics Voluptate,2,19507,5,37063,4905,COD,,
13443,4/8/2024,Kismat Gupta,East,Ranchi,Clothing,Men's Wear,Men's Wear Delectus,2,35346,10,63623,15717,UPI,,
13444,3/25/2025,Vaibhav Suri,North,Lucknow,Home Decor,Lamp,Lamp Quasi,5,9208,0,46040,4127,Net Banking,,
13445,10/5/2023,Eshani Tandon,East,Patna,Electronics,Smartwatch,Smartwatch Alias,5,34780,5,165205,31468,Credit Card,,
13446,1/2/2025,Pranay Sathe,North,Amritsar,Furniture,Sofa,Sofa Necessitatibus,4,73689,0,294756,24647,Debit Card,,
13447,2/25/2024,Kanav Jhaveri,North,Jaipur,Kitchen,Refrigerator,Refrigerator Recusandae,2,50782,0,101564,12437,UPI,,
13448,3/2/2025,Rati Sandal,West,Pune,Groceries,Rice,Rice Occaecati,2,67896,5,129002,27417,Net Banking,,
13449,3/3/2024,Priyansh Brar,South,Coimbatore,Beauty,Lipstick,Lipstick Quaerat,4,62447,10,224809,20400,Credit Card,,
13450,3/29/2025,Tara Sahota,West,Surat,Toys,Puzzle,Puzzle Alias,3,65333,10,176399,39332,Net Banking,,
13451,3/31/2025,Dhruv Raju,West,Surat,Clothing,Shoes,Shoes Soluta,3,9467,0,28401,4320,COD,,
13452,1/21/2025,Dhruv Bali,South,Chennai,Sports,Football,Football Reprehenderit,2,16217,20,25947,4889,Credit Card,,
13453,9/20/2025,Vivaan Edwin,North,Delhi,Beauty,Shampoo,Shampoo Excepturi,5,47739,20,190956,41153,COD,,
13454,5/30/2024,Rohan Bawa,East,Guwahati,Clothing,Women's Wear,Women's Wear Laboriosam,2,51495,20,82392,13146,UPI,,
13455,2/19/2025,Fateh Bhattacharyya,East,Patna,Sports,Football,Football Aliquid,1,17171,10,15454,2300,Net Banking,,
13456,7/19/2024,Dharmajan Gera,West,Pune,Clothing,Women's Wear,Women's Wear Repellat,5,19553,20,78212,14268,Net Banking,,
13457,7/23/2025,Piya Krishnan,East,Guwahati,Furniture,Chair,Chair Saepe,2,70084,20,112134,10750,UPI,,
13458,1/24/2025,Hrishita Mangat,West,Ahmedabad,Sports,Football,Football Soluta,3,8963,0,26889,5702,UPI,,
13459,10/17/2024,Nirvi Dutta,West,Mumbai,Groceries,Wheat,Wheat Sint,3,8152,5,23233,1550,Net Banking,,
13460,1/7/2024,Kartik Mani,East,Bhubaneswar,Clothing,Women's Wear,Women's Wear Aperiam,1,19937,15,16946,2579,Credit Card,,
13461,2/9/2024,Dhanush Rajan,South,Thiruvananthapuram,Kitchen,Juicer,Juicer Ipsa,4,41184,10,148262,24010,Debit Card,,
13462,2/10/2024,Siya Shroff,South,Chennai,Electronics,Camera,Camera Illum,5,39605,5,188124,31817,Credit Card,,
13463,3/9/2024,Jayan Gandhi,South,Hyderabad,Groceries,Rice,Rice Nam,2,5706,10,10271,1940,Net Banking,,
13464,8/16/2025,Hiran Sharaf,North,Lucknow,Clothing,Women's Wear,Women's Wear Ratione,5,43630,5,207243,10386,Debit Card,,
13465,3/14/2025,Nishith Sarraf,West,Surat,Beauty,Shampoo,Shampoo Aperiam,1,78233,20,62586,7735,Net Banking,,
13466,2/13/2024,Hrishita Master,North,Delhi,Sports,Football,Football Maiores,1,22703,0,22703,4319,Net Banking,,
13467,1/18/2024,Shamik Kumar,West,Ahmedabad,Sports,Football,Football Officiis,1,71110,20,56888,10955,Net Banking,,
13468,4/2/2024,Aniruddh Rastogi,East,Patna,Beauty,Shampoo,Shampoo Laboriosam,2,42014,0,84028,18352,UPI,,
13469,8/18/2024,Yasmin Solanki,South,Chennai,Books,Comics,Comics Placeat,3,51106,10,137986,9602,COD,,
13470,8/25/2024,Sahil Kuruvilla,North,Amritsar,Books,Non-Fiction,Non-Fiction Soluta,4,30465,20,97488,15096,COD,,
13471,11/25/2024,Taran Som,South,Thiruvananthapuram,Electronics,Smartwatch,Smartwatch Vitae,1,1546,5,1469,244,Credit Card,,
13472,4/17/2024,Purab Sane,North,Delhi,Furniture,Table,Table Amet,1,26399,20,21119,3371,UPI,,
13473,1/17/2024,Pihu Sengupta,North,Chandigarh,Sports,Tennis Racket,Tennis Racket Culpa,2,63493,5,120637,26839,Net Banking,,
13474,3/26/2024,Neysa Magar,West,Mumbai,Electronics,Camera,Camera Commodi,2,56650,10,101970,13412,Credit Card,,
13475,2/25/2025,Fateh Gandhi,North,Chandigarh,Sports,Football,Football Occaecati,2,38346,0,76692,9755,COD,,
13476,7/2/2024,Lakshit Sengupta,West,Ahmedabad,Home Decor,Clock,Clock Reprehenderit,5,35065,10,157793,15635,Debit Card,,
13477,7/26/2025,Gokul Bhagat,North,Chandigarh,Electronics,Headphones,Headphones Accusantium,1,76432,0,76432,11014,Debit Card,,
13478,1/26/2024,Heer Bala,North,Lucknow,Books,Textbook,Textbook Ex,2,72445,20,115912,19268,Debit Card,,
13479,5/12/2025,Rhea Kalita,West,Surat,Books,Comics,Comics Ullam,4,21535,0,86140,14751,Net Banking,,
13480,11/25/2024,Dishani Dhillon,West,Pune,Toys,RC Car,RC Car Pariatur,1,66873,10,60186,4072,UPI,,
13481,10/27/2024,Dhruv Magar,West,Surat,Sports,Football,Football Molestiae,1,75145,15,63873,13780,Net Banking,,
13482,9/2/2024,Indrans Khurana,South,Thiruvananthapuram,Home Decor,Wall Art,Wall Art Commodi,4,8015,5,30457,3761,UPI,,
13483,3/16/2025,Sara Chander,East,Guwahati,Electronics,Camera,Camera Omnis,2,18435,20,29496,4566,Net Banking,,
13484,5/13/2025,Prisha Rana,East,Bhubaneswar,Electronics,Headphones,Headphones Quia,3,73213,10,197675,44853,Credit Card,,
13485,10/28/2023,Piya Issac,West,Goa,Sports,Tennis Racket,Tennis Racket Animi,2,13488,0,26976,3357,Net Banking,,
13486,12/1/2023,Hazel Chatterjee,North,Lucknow,Books,Comics,Comics Iusto,3,72181,0,216543,40729,COD,,
13487,1/12/2024,Mannat Ram,South,Hyderabad,Groceries,Spices,Spices Sequi,2,21321,10,38378,2824,Credit Card,,
13488,11/2/2024,Pari Batta,East,Kolkata,Electronics,Laptop,Laptop Veniam,1,61560,0,61560,11239,Net Banking,,
13489,6/28/2024,Suhana Loke,East,Guwahati,Beauty,Perfume,Perfume Voluptates,5,74952,15,318546,72830,COD,,
13490,3/9/2024,Reyansh Barad,East,Ranchi,Books,Biography,Biography Dolores,4,2145,5,8151,1529,UPI,,
13491,9/20/2024,Nirvaan Bawa,North,Delhi,Clothing,Men's Wear,Men's Wear Dolores,4,28307,20,90582,15251,Credit Card,,
13492,2/1/2025,Nitara Roy,East,Patna,Kitchen,Juicer,Juicer Quidem,5,17601,10,79205,13311,Credit Card,,
13493,6/11/2024,Aarush Chakrabarti,East,Guwahati,Furniture,Sofa,Sofa Corrupti,1,34587,0,34587,3264,Net Banking,,
13494,12/5/2024,Tejas Sha,West,Mumbai,Furniture,Cabinet,Cabinet Illo,2,17592,15,29906,5380,UPI,,
13495,5/4/2025,Bhamini Dixit,South,Coimbatore,Home Decor,Wall Art,Wall Art Facere,3,73164,0,219492,52308,UPI,,
13496,1/3/2024,Fateh Karan,West,Mumbai,Kitchen,Cookware Set,Cookware Set Eveniet,3,36324,5,103523,12450,Debit Card,,
13497,2/21/2025,Anvi Badami,East,Patna,Groceries,Rice,Rice Esse,4,56206,5,213583,34448,Net Banking,,
13498,11/18/2024,Tara Sabharwal,South,Coimbatore,Sports,Cricket Bat,Cricket Bat Aliquid,4,66005,5,250819,31433,UPI,,
13499,8/17/2025,Biju Deshpande,North,Jaipur,Books,Textbook,Textbook Reiciendis,2,47043,10,84677,10269,Credit Card,,
13500,11/2/2023,Jayan Thakkar,North,Amritsar,Home Decor,Vase,Vase Nostrum,3,76580,10,206766,21264,UPI,,
13501,5/5/2025,Dishani Shankar,East,Ranchi,Electronics,Mobile,Mobile At,4,66728,0,266912,63455,Credit Card,,
13502,8/28/2025,Ritvik Bail,North,Chandigarh,Home Decor,Wall Art,Wall Art Similique,2,56163,20,89861,17852,COD,,
13503,8/16/2024,Ritvik Rana,North,Amritsar,Clothing,Shoes,Shoes Ipsam,1,35675,0,35675,3407,UPI,,
13504,1/10/2024,Anaya Khatri,East,Kolkata,Beauty,Face Cream,Face Cream Quos,1,65651,15,55803,6949,Credit Card,,
13505,1/25/2025,Indrans Halder,South,Thiruvananthapuram,Clothing,Accessories,Accessories Quia,4,678,15,2305,564,COD,,
13506,5/24/2024,Krish Deo,East,Bhubaneswar,Toys,RC Car,RC Car Occaecati,4,45619,10,164228,18958,Debit Card,,
13507,12/13/2023,Prisha Jha,East,Bhubaneswar,Books,Comics,Comics Provident,5,53735,10,241808,25647,Credit Card,,
13508,10/19/2024,Kashvi Vasa,East,Bhubaneswar,Books,Fiction,Fiction Nesciunt,1,23199,15,19719,4085,UPI,,
13509,6/9/2024,Zoya Loyal,South,Thiruvananthapuram,Toys,RC Car,RC Car Aliquid,3,79196,0,237588,51359,UPI,,
13510,7/23/2024,Rania Dube,West,Surat,Furniture,Chair,Chair Unde,2,64973,5,123449,14448,Credit Card,,
13511,4/14/2024,Vardaniya Tripathi,East,Guwahati,Groceries,Spices,Spices Consectetur,2,35562,20,56899,10231,Credit Card,,
13512,12/5/2024,Yashvi Choudhury,East,Ranchi,Electronics,Smartwatch,Smartwatch Tenetur,4,71480,5,271624,59618,Credit Card,,
13513,4/18/2025,Ranbir Chaudhary,East,Bhubaneswar,Toys,Puzzle,Puzzle Placeat,5,32476,10,146142,31298,UPI,,
13514,8/17/2025,Pari Cheema,South,Thiruvananthapuram,Home Decor,Vase,Vase Odit,5,55702,0,278510,37499,Debit Card,,
13515,4/6/2024,Stuvan Sathe,West,Pune,Beauty,Lipstick,Lipstick Repellat,4,3573,20,11434,2047,UPI,,
13516,6/4/2024,Miraya Varma,West,Mumbai,Books,Textbook,Textbook Consectetur,5,30093,5,142942,30302,Credit Card,,
13517,3/17/2025,Charvi Vaidya,North,Delhi,Kitchen,Juicer,Juicer Cupiditate,2,43958,15,74729,6563,Credit Card,,
13518,1/25/2024,Seher Chopra,East,Guwahati,Home Decor,Lamp,Lamp Tempore,2,42995,15,73092,6700,Credit Card,,
13519,6/2/2025,Suhana Rana,West,Surat,Kitchen,Mixer Grinder,Mixer Grinder Esse,3,32993,15,84132,11183,UPI,,
13520,1/15/2024,Ranbir Upadhyay,South,Coimbatore,Kitchen,Mixer Grinder,Mixer Grinder Deleniti,1,468,20,374,45,Debit Card,,
13521,11/18/2023,Jivika Magar,North,Delhi,Furniture,Sofa,Sofa Non,4,65047,5,247179,44889,UPI,,
13522,8/30/2025,Zaina Khurana,West,Goa,Home Decor,Vase,Vase Totam,1,19302,10,17372,1821,COD,,
13523,2/23/2025,Taran Raju,South,Thiruvananthapuram,Groceries,Rice,Rice Nostrum,1,7433,15,6318,918,COD,,
13524,1/25/2025,Anya Aggarwal,South,Chennai,Home Decor,Vase,Vase Sapiente,4,19891,10,71608,4022,Credit Card,,
13525,10/9/2023,Prerak Mangat,North,Chandigarh,Electronics,Smartwatch,Smartwatch Tempora,1,16448,20,13158,2994,Debit Card,,
13526,7/30/2025,Trisha Rau,North,Amritsar,Clothing,Accessories,Accessories Repellat,3,61597,15,157072,19409,Net Banking,,
13527,3/21/2025,Gatik Ratta,South,Coimbatore,Clothing,Shoes,Shoes Culpa,1,73596,10,66236,10802,Net Banking,,
13528,5/7/2024,Bhamini Dugar,West,Surat,Toys,Puzzle,Puzzle Doloremque,1,68458,20,54766,4291,UPI,,
13529,1/30/2025,Kanav Subramaniam,East,Bhubaneswar,Kitchen,Juicer,Juicer Iusto,3,74544,20,178906,23347,Net Banking,,
13530,2/4/2024,Taimur Bhandari,West,Goa,Toys,RC Car,RC Car Rerum,4,15853,15,53900,7996,COD,,
13531,1/14/2025,Madhav Bhatia,East,Bhubaneswar,Electronics,Laptop,Laptop Eveniet,1,69319,10,62387,4925,UPI,,
13532,5/4/2024,Vedika Borah,East,Kolkata,Clothing,Women's Wear,Women's Wear Saepe,5,14233,15,60490,4870,COD,,
13533,1/18/2024,Adira Dubey,South,Bangalore,Home Decor,Wall Art,Wall Art Perferendis,4,39148,5,148762,22358,COD,,
13534,11/21/2023,Inaaya  Viswanathan,North,Jaipur,Beauty,Lipstick,Lipstick Ab,4,27867,20,89174,7677,Credit Card,,
13535,9/13/2025,Aaina Karnik,East,Guwahati,Furniture,Sofa,Sofa Aperiam,1,66727,20,53382,4368,Debit Card,,
13536,2/3/2024,Yasmin Butala,North,Lucknow,Home Decor,Vase,Vase Laborum,1,62817,0,62817,5326,Debit Card,,
13537,5/14/2025,Ranbir Brar,West,Ahmedabad,Electronics,Mobile,Mobile Officiis,2,1655,20,2648,414,COD,,
13538,6/18/2024,Vihaan Datta,East,Ranchi,Home Decor,Cushion,Cushion Beatae,5,59416,15,252518,30405,COD,,
13539,9/23/2024,Biju Bobal,South,Bangalore,Beauty,Lipstick,Lipstick Facere,1,6633,10,5970,780,COD,,
13540,2/7/2025,Vaibhav Kannan,South,Chennai,Toys,Board Game,Board Game Quod,3,30861,10,83325,19420,UPI,,
13541,12/10/2024,Raunak Suri,West,Surat,Groceries,Oil,Oil Deserunt,1,57096,15,48532,9842,COD,,
13542,7/28/2024,Vaibhav Sama,South,Bangalore,Sports,Yoga Mat,Yoga Mat Aliquam,2,24237,15,41203,9969,UPI,,
13543,11/5/2024,Siya Sathe,North,Delhi,Sports,Football,Football In,4,73927,5,280923,67841,COD,,
13544,9/6/2024,Bhamini Rana,East,Ranchi,Electronics,Camera,Camera Corporis,2,56107,5,106603,21570,Debit Card,,
13545,5/14/2025,Riaan Dhar,West,Surat,Groceries,Oil,Oil Voluptatibus,3,39970,0,119910,25086,Credit Card,,
13546,8/16/2024,Sana Borra,South,Hyderabad,Toys,RC Car,RC Car Magnam,3,22895,0,68685,12049,Credit Card,,
13547,1/13/2025,Kabir Kanda,South,Hyderabad,Furniture,Chair,Chair Velit,4,1141,0,4564,461,Credit Card,,
13548,3/31/2025,Sumer Chowdhury,North,Chandigarh,Home Decor,Lamp,Lamp Ipsam,2,45443,5,86342,16245,Debit Card,,
13549,12/26/2023,Aarav Bhatia,North,Jaipur,Sports,Dumbbells,Dumbbells Ipsa,5,19356,5,91941,9832,Net Banking,,
13550,2/1/2025,Neelofar Bhatnagar,West,Mumbai,Electronics,Mobile,Mobile Dolorem,2,38804,0,77608,10434,COD,,
13551,7/2/2025,Vihaan Badal,East,Guwahati,Toys,Doll,Doll Laboriosam,1,49537,15,42106,9925,Debit Card,,
13552,2/27/2025,Misha Shere,North,Lucknow,Home Decor,Lamp,Lamp Perspiciatis,5,56340,5,267615,65873,Credit Card,,
13553,4/13/2024,Indrajit Garde,West,Ahmedabad,Sports,Cricket Bat,Cricket Bat Sint,1,28325,10,25493,2995,Net Banking,,
13554,3/1/2024,Stuvan Kara,East,Ranchi,Furniture,Chair,Chair Nemo,1,29464,5,27991,3410,UPI,,
13555,6/2/2025,Shlok Dutta,East,Bhubaneswar,Beauty,Lipstick,Lipstick Cum,3,11891,0,35673,4355,UPI,,
13556,6/26/2025,Amani Madan,North,Jaipur,Home Decor,Vase,Vase Ab,4,7448,10,26813,6487,Net Banking,,
13557,1/16/2024,Anahita Bala,West,Goa,Beauty,Foundation,Foundation Aperiam,3,5442,20,13061,1476,Credit Card,,
13558,7/14/2024,Amani Shukla,West,Pune,Clothing,Men's Wear,Men's Wear Et,5,65724,20,262896,21487,Debit Card,,
13559,2/12/2025,Faiyaz Dara,South,Coimbatore,Home Decor,Cushion,Cushion Vero,5,31720,0,158600,37260,Debit Card,,
13560,9/3/2025,Miraan Suresh,West,Goa,Groceries,Wheat,Wheat Possimus,3,33714,5,96085,9068,COD,,
13561,1/4/2024,Ahana  Choudhury,West,Goa,Furniture,Chair,Chair Adipisci,1,44006,10,39605,3176,UPI,,
13562,12/25/2023,Ivan Dutta,West,Pune,Sports,Yoga Mat,Yoga Mat Nemo,1,1508,0,1508,139,Credit Card,,
13563,12/15/2023,Mahika Sridhar,South,Chennai,Groceries,Rice,Rice Laudantium,1,63744,15,54182,3734,Credit Card,,
13564,3/24/2024,Adira Dayal,West,Surat,Kitchen,Microwave,Microwave Nihil,5,12051,5,57242,14299,COD,,
13565,6/9/2025,Taran Krishnan,East,Ranchi,Toys,Board Game,Board Game Fuga,4,8957,20,28662,2572,UPI,,
13566,5/26/2025,Jivika Tata,East,Ranchi,Sports,Football,Football Voluptatibus,1,44907,20,35926,8102,UPI,,
13567,3/21/2024,Hiran Soman,South,Bangalore,Groceries,Rice,Rice Ullam,5,50321,0,251605,15428,Credit Card,,
13568,9/9/2025,Heer Tara,East,Patna,Beauty,Face Cream,Face Cream Consequatur,2,13412,20,21459,3353,Debit Card,,
13569,12/19/2024,Advika Dara,West,Pune,Groceries,Sugar,Sugar Ex,5,31845,15,135341,9973,Debit Card,,
13570,12/14/2024,Vedika Hans,East,Patna,Electronics,Smartwatch,Smartwatch Ipsa,4,65945,10,237402,20382,COD,,
13571,11/11/2023,Riaan Walia,West,Goa,Kitchen,Cookware Set,Cookware Set Amet,4,59561,15,202507,15647,Net Banking,,
13572,9/24/2024,Fateh Shah,East,Patna,Beauty,Foundation,Foundation Ratione,1,39668,15,33718,5056,Debit Card,,
13573,11/19/2023,Vritika Cherian,West,Ahmedabad,Clothing,Men's Wear,Men's Wear Hic,1,76046,10,68441,5512,Net Banking,,
13574,9/26/2024,Advika Dave,West,Mumbai,Home Decor,Vase,Vase Occaecati,4,10077,0,40308,4786,COD,,
13575,4/8/2025,Adah Sinha,South,Coimbatore,Electronics,Smartwatch,Smartwatch Eos,1,66068,5,62765,10948,UPI,,
13576,12/12/2024,Renee Lad,West,Pune,Toys,Board Game,Board Game Reprehenderit,1,70558,0,70558,13211,Debit Card,,
13577,8/28/2024,Arnav Lad,South,Bangalore,Groceries,Wheat,Wheat Nemo,5,66617,15,283122,28552,Net Banking,,
13578,8/24/2025,Shaan Rajagopalan,East,Guwahati,Books,Fiction,Fiction Labore,4,19522,20,62470,13895,Credit Card,,
13579,11/3/2023,Taran Buch,East,Bhubaneswar,Beauty,Foundation,Foundation Perspiciatis,3,77611,0,232833,50971,Credit Card,,
13580,3/4/2025,Aaina Lanka,North,Delhi,Sports,Football,Football Accusamus,4,52281,5,198668,15962,Debit Card,,
13581,9/30/2025,Gokul Doctor,West,Surat,Groceries,Wheat,Wheat Corporis,3,36567,5,104216,9790,COD,,
13582,3/4/2025,Nitara Deshpande,West,Ahmedabad,Groceries,Wheat,Wheat Sit,4,33929,0,135716,15019,Debit Card,,
13583,9/1/2025,Myra Brar,East,Patna,Furniture,Cabinet,Cabinet Earum,2,68407,15,116292,18591,Debit Card,,
13584,1/4/2025,Eva Devan,East,Ranchi,Kitchen,Cookware Set,Cookware Set Harum,4,19959,5,75844,12770,Debit Card,,
13585,9/15/2025,Trisha Bora,West,Surat,Furniture,Table,Table Deleniti,1,33517,20,26814,6696,UPI,,
13586,6/25/2024,Ritvik Kale,North,Lucknow,Beauty,Foundation,Foundation Deleniti,4,14022,5,53284,3109,Credit Card,,
13587,2/27/2025,Yasmin Date,South,Chennai,Sports,Dumbbells,Dumbbells Temporibus,5,33222,10,149499,31255,COD,,
13588,2/22/2024,Badal Malhotra,West,Mumbai,Sports,Dumbbells,Dumbbells Veritatis,3,27079,0,81237,4616,UPI,,
13589,11/26/2023,Aaina Halder,West,Pune,Kitchen,Refrigerator,Refrigerator Quo,1,70392,20,56314,12158,Debit Card,,
13590,8/9/2024,Lakshit Sethi,South,Hyderabad,Sports,Tennis Racket,Tennis Racket Praesentium,5,73435,10,330458,16718,COD,,
13591,5/18/2025,Raghav Sura,North,Delhi,Books,Biography,Biography Nihil,2,74041,20,118466,19836,Credit Card,,
13592,6/26/2025,Drishya Shroff,South,Chennai,Books,Comics,Comics Facilis,2,74333,10,133799,21806,Debit Card,,
13593,11/24/2023,Advika Sachar,North,Delhi,Furniture,Cabinet,Cabinet Ipsum,3,67861,0,203583,37647,Net Banking,,
13594,11/15/2024,Abram Roy,South,Thiruvananthapuram,Sports,Dumbbells,Dumbbells Labore,3,49802,20,119525,6934,Net Banking,,
13595,4/10/2024,Kartik Solanki,East,Patna,Kitchen,Cookware Set,Cookware Set Earum,3,3349,5,9545,795,Debit Card,,
13596,10/18/2023,Reyansh Varty,South,Thiruvananthapuram,Electronics,Camera,Camera Error,4,27670,0,110680,6517,Credit Card,,
13597,12/11/2023,Amira Kohli,South,Bangalore,Home Decor,Vase,Vase Officia,3,66788,5,190346,10849,Net Banking,,
13598,3/18/2025,Diya Ganguly,West,Mumbai,Groceries,Wheat,Wheat Sed,1,22053,15,18745,1463,UPI,,
13599,8/16/2025,Kartik Dua,North,Chandigarh,Furniture,Table,Table Totam,2,45614,10,82105,17401,COD,,
13600,4/20/2025,Kiara Hegde,West,Surat,Home Decor,Cushion,Cushion Laudantium,2,61660,10,110988,14226,Net Banking,,
13601,7/17/2025,Sara Choudhury,North,Lucknow,Beauty,Face Cream,Face Cream Laboriosam,5,21070,20,84280,4857,UPI,,
13602,8/9/2025,Ivana Bahri,South,Hyderabad,Books,Comics,Comics Laudantium,4,25501,0,102004,22076,Credit Card,,
13603,3/1/2024,Hridaan Rout,West,Pune,Groceries,Rice,Rice Enim,4,10719,15,36445,8507,COD,,
13604,6/15/2024,Bhavin Som,East,Guwahati,Clothing,Shoes,Shoes Voluptates,3,52957,20,127097,18749,Debit Card,,
13605,8/12/2025,Lakshay Bail,South,Coimbatore,Books,Textbook,Textbook Inventore,3,30818,10,83209,9394,UPI,,
13606,7/17/2024,Yasmin Contractor,North,Jaipur,Books,Fiction,Fiction Voluptates,2,70825,0,141650,29067,Net Banking,,
13607,10/30/2023,Anvi Kari,West,Mumbai,Toys,Board Game,Board Game Laborum,3,39205,20,94092,9745,COD,,
13608,12/26/2023,Samarth Raju,East,Bhubaneswar,Sports,Football,Football Atque,1,5693,0,5693,418,Net Banking,,
13609,7/29/2024,Aarush Buch,East,Guwahati,Beauty,Shampoo,Shampoo Asperiores,5,51246,15,217796,30009,Debit Card,,
13610,5/26/2025,Riya Desai,West,Pune,Sports,Cricket Bat,Cricket Bat Placeat,2,28167,0,56334,5077,UPI,,
13611,7/13/2025,Advika Mangat,North,Delhi,Kitchen,Juicer,Juicer Blanditiis,1,4164,15,3539,242,UPI,,
13612,7/12/2025,Misha Bajaj,South,Coimbatore,Beauty,Perfume,Perfume Tempora,4,40588,0,162352,28396,Credit Card,,
13613,6/27/2025,Madhup Sane,West,Ahmedabad,Clothing,Women's Wear,Women's Wear Itaque,3,42776,15,109079,12850,UPI,,
13614,2/21/2024,Hunar Bahl,West,Ahmedabad,Beauty,Foundation,Foundation Iste,1,27927,15,23738,5506,COD,,
13615,11/8/2023,Ehsaan Aggarwal,South,Chennai,Groceries,Wheat,Wheat Placeat,2,20727,10,37309,4497,Debit Card,,
13616,4/6/2025,Akarsh Kala,West,Pune,Sports,Tennis Racket,Tennis Racket Voluptatibus,4,34629,20,110813,21237,Net Banking,,
13617,8/31/2025,Heer Dugar,North,Amritsar,Clothing,Men's Wear,Men's Wear Maxime,2,37478,5,71208,4701,Debit Card,,
13618,4/7/2025,Neelofar Kale,East,Guwahati,Beauty,Foundation,Foundation Fuga,4,58129,10,209264,12149,Debit Card,,
13619,5/5/2025,Dharmajan Doshi,North,Chandigarh,Beauty,Shampoo,Shampoo Accusantium,1,68164,10,61348,9317,COD,,
13620,5/6/2024,Dhanush Handa,East,Bhubaneswar,Groceries,Sugar,Sugar Nostrum,4,72502,20,232006,25682,Debit Card,,
13621,2/12/2025,Bhavin Barad,South,Coimbatore,Beauty,Face Cream,Face Cream Nemo,2,8033,5,15263,795,COD,,
13622,8/19/2025,Sana Dhawan,South,Coimbatore,Furniture,Chair,Chair Tempora,5,1015,15,4314,858,COD,,
13623,5/31/2024,Samaira Sethi,East,Guwahati,Electronics,Camera,Camera Sequi,3,5734,0,17202,2623,Net Banking,,
13624,7/11/2024,Taran Deo,North,Jaipur,Electronics,Smartwatch,Smartwatch Asperiores,2,50071,15,85121,7878,Net Banking,,
13625,11/23/2023,Navya Keer,East,Ranchi,Kitchen,Microwave,Microwave Quo,2,50983,5,96868,11870,COD,,
13626,4/22/2025,Aarav Kadakia,North,Amritsar,Books,Non-Fiction,Non-Fiction Suscipit,3,50250,10,135675,16227,Net Banking,,
13627,9/25/2024,Piya Rajagopalan,North,Chandigarh,Home Decor,Vase,Vase Voluptatibus,5,51492,5,244587,28741,Net Banking,,
13628,10/6/2024,Kartik Biswas,North,Delhi,Sports,Cricket Bat,Cricket Bat Iure,3,17287,15,44082,5765,Net Banking,,
13629,9/6/2025,Samaira Tailor,East,Guwahati,Clothing,Women's Wear,Women's Wear Quia,1,52625,15,44731,7997,Debit Card,,
13630,8/6/2024,Saira Gopal,South,Bangalore,Sports,Tennis Racket,Tennis Racket Itaque,1,46826,0,46826,8220,UPI,,
13631,8/7/2024,Mohanlal Dada,North,Jaipur,Home Decor,Clock,Clock Reprehenderit,4,31741,5,120616,13730,Net Banking,,
13632,7/7/2025,Pari Doctor,East,Guwahati,Home Decor,Cushion,Cushion Sed,3,8375,20,20100,2810,Debit Card,,
13633,9/15/2025,Hrishita Banerjee,West,Ahmedabad,Sports,Tennis Racket,Tennis Racket Vero,4,49765,5,189107,18579,Credit Card,,
13634,7/13/2024,Divyansh Sheth,East,Ranchi,Electronics,Headphones,Headphones Repellendus,4,36059,10,129812,24468,Debit Card,,
13635,12/31/2024,Onkar Sarraf,West,Surat,Beauty,Lipstick,Lipstick Laborum,4,65149,20,208477,43253,Net Banking,,
13636,11/29/2024,Anya Jayaraman,North,Delhi,Kitchen,Juicer,Juicer Molestiae,5,51695,0,258475,33531,Credit Card,,
13637,4/11/2024,Kabir Borra,East,Ranchi,Beauty,Face Cream,Face Cream Voluptatum,3,7448,10,20110,1613,Net Banking,,
13638,3/30/2025,Hridaan Apte,North,Amritsar,Sports,Dumbbells,Dumbbells Eveniet,3,5750,0,17250,3349,Net Banking,,
13639,11/24/2024,Tiya Jayaraman,West,Surat,Kitchen,Refrigerator,Refrigerator Molestias,2,75348,10,135626,10376,UPI,,
13640,6/12/2025,Anahita Sunder,East,Ranchi,Kitchen,Cookware Set,Cookware Set Laborum,4,67695,20,216624,37226,Net Banking,,
13641,5/11/2025,Ryan Behl,North,Chandigarh,Home Decor,Clock,Clock Iste,1,62470,10,56223,3547,Credit Card,,
13642,12/8/2023,Ojas Sani,West,Mumbai,Kitchen,Mixer Grinder,Mixer Grinder Laboriosam,4,29094,0,116376,22733,COD,,
13643,11/15/2023,Navya Chandra,West,Pune,Electronics,Laptop,Laptop Voluptatibus,4,79784,20,255309,42298,Net Banking,,
13644,4/16/2024,Manjari Ben,East,Kolkata,Clothing,Kids Wear,Kids Wear Aspernatur,3,26426,20,63422,12273,UPI,,
13645,12/6/2024,Azad Sunder,East,Kolkata,Home Decor,Vase,Vase Atque,3,26546,15,67692,5902,Debit Card,,
13646,8/29/2025,Yuvaan Kulkarni,North,Amritsar,Furniture,Chair,Chair Labore,4,34082,15,115879,11368,COD,,
13647,7/22/2025,Himmat Khare,South,Bangalore,Kitchen,Mixer Grinder,Mixer Grinder Voluptatum,5,76009,0,380045,87688,Debit Card,,
13648,6/19/2024,Mannat Chad,East,Guwahati,Furniture,Sofa,Sofa Pariatur,4,2470,15,8398,1172,Net Banking,,
13649,12/20/2024,Badal Chaudhari,North,Chandigarh,Toys,Action Figure,Action Figure Nulla,5,61017,10,274577,40570,Debit Card,,
13650,7/25/2024,Jayant Sane,North,Delhi,Kitchen,Refrigerator,Refrigerator Doloremque,2,79485,20,127176,19500,COD,,
13651,5/12/2025,Shaan Date,South,Chennai,Books,Fiction,Fiction Minus,2,40020,5,76038,11962,Credit Card,,
13652,5/6/2025,Zara Raval,East,Ranchi,Clothing,Shoes,Shoes Velit,1,1063,20,850,124,Debit Card,,
13653,12/31/2023,Alisha Chadha,West,Ahmedabad,Kitchen,Refrigerator,Refrigerator Soluta,1,31506,10,28355,3324,UPI,,
13654,1/4/2025,Parinaaz Date,North,Lucknow,Furniture,Chair,Chair Vel,4,24436,20,78195,10981,Net Banking,,
13655,10/27/2024,Aniruddh Sridhar,West,Goa,Furniture,Bed,Bed Officiis,3,66161,20,158786,34243,Debit Card,,
13656,5/30/2025,Rasha Brar,East,Ranchi,Electronics,Camera,Camera Reprehenderit,4,59093,20,189098,45863,Credit Card,,
13657,2/20/2025,Uthkarsh Thakkar,West,Ahmedabad,Books,Textbook,Textbook Iusto,1,73268,20,58614,9720,Debit Card,,
13658,5/27/2024,Jayan Chakraborty,West,Mumbai,Books,Non-Fiction,Non-Fiction Illum,2,6532,20,10451,1098,COD,,
13659,3/9/2025,Alia Zacharia,South,Hyderabad,Home Decor,Lamp,Lamp Et,1,68420,5,64999,7158,Net Banking,,
13660,12/21/2024,Pari Loyal,South,Coimbatore,Books,Fiction,Fiction Rem,1,53791,5,51101,10381,Debit Card,,
13661,2/24/2024,Ritvik Sarin,South,Hyderabad,Groceries,Sugar,Sugar Est,2,66325,15,112753,16461,Debit Card,,
13662,2/9/2025,Arnav Kuruvilla,East,Ranchi,Sports,Yoga Mat,Yoga Mat Quos,3,74562,0,223686,35065,Credit Card,,
13663,5/18/2024,Aaryahi Lala,South,Thiruvananthapuram,Kitchen,Cookware Set,Cookware Set Nobis,5,53778,15,228557,39172,Credit Card,,
13664,9/7/2024,Anika Walia,South,Hyderabad,Furniture,Chair,Chair Ad,2,37722,10,67900,12948,Net Banking,,
13665,5/17/2025,Ayesha Dhillon,East,Patna,Clothing,Women's Wear,Women's Wear Provident,2,5585,0,11170,1667,Debit Card,,
13666,7/18/2024,Mehul Chana,East,Ranchi,Toys,Board Game,Board Game Pariatur,2,32435,5,61627,8798,COD,,
13667,5/16/2025,Arhaan Dhaliwal,North,Chandigarh,Clothing,Men's Wear,Men's Wear Similique,4,42234,0,168936,19288,COD,,
13668,11/24/2024,Kartik Dhar,West,Ahmedabad,Furniture,Sofa,Sofa Eum,2,61395,0,122790,18971,Credit Card,,
13669,4/14/2024,Navya Kapur,North,Chandigarh,Groceries,Sugar,Sugar Nobis,3,47690,15,121610,27124,Net Banking,,
13670,3/7/2025,Faiyaz Sandal,East,Bhubaneswar,Kitchen,Refrigerator,Refrigerator Dolore,4,30477,5,115813,17065,Debit Card,,
13671,9/14/2025,Elakshi Aurora,East,Patna,Toys,Action Figure,Action Figure Eius,1,45651,0,45651,10394,COD,,
13672,9/2/2025,Mishti Thaker,North,Lucknow,Kitchen,Microwave,Microwave Odio,3,5655,20,13572,3386,Debit Card,,
13673,1/17/2024,Trisha Golla,South,Hyderabad,Beauty,Shampoo,Shampoo Odio,5,17850,20,71400,17088,COD,,
13674,1/2/2025,Myra Deep,South,Coimbatore,Books,Textbook,Textbook Aliquam,3,73981,0,221943,12174,Debit Card,,
13675,12/31/2023,Sahil Bobal,East,Guwahati,Home Decor,Vase,Vase Inventore,3,15228,10,41116,5351,UPI,,
13676,4/7/2025,Gokul Lata,South,Hyderabad,Clothing,Men's Wear,Men's Wear Quod,2,5274,20,8438,817,Net Banking,,
13677,4/27/2024,Farhan Kala,North,Delhi,Sports,Cricket Bat,Cricket Bat Molestias,3,53119,20,127486,9311,COD,,
13678,4/18/2025,Pihu Sinha,North,Lucknow,Books,Non-Fiction,Non-Fiction In,3,11446,20,27470,3942,UPI,,
13679,12/9/2024,Anahita Arya,West,Ahmedabad,Home Decor,Lamp,Lamp Aperiam,5,56580,20,226320,14548,Net Banking,,
13680,2/18/2024,Kimaya Brar,East,Ranchi,Home Decor,Lamp,Lamp Libero,3,17034,20,40882,4187,Credit Card,,
13681,2/3/2025,Indrajit Ray,West,Pune,Toys,Puzzle,Puzzle Voluptatem,1,26276,10,23648,4177,COD,,
13682,11/16/2024,Armaan Agrawal,East,Guwahati,Kitchen,Refrigerator,Refrigerator Pariatur,4,3419,5,12992,2331,UPI,,
13683,6/14/2025,Priyansh Kala,East,Bhubaneswar,Books,Biography,Biography Sit,2,1530,0,3060,224,Credit Card,,
13684,6/27/2024,Urvi Hayre,South,Coimbatore,Furniture,Cabinet,Cabinet Tempore,1,78796,5,74856,15716,Credit Card,,
13685,12/15/2024,Ivan Krishnamurthy,East,Patna,Clothing,Women's Wear,Women's Wear Qui,1,74399,0,74399,17787,Net Banking,,
13686,3/29/2024,Faiyaz Borah,South,Bangalore,Toys,Doll,Doll Illum,4,16425,10,59130,8282,Debit Card,,
13687,5/23/2024,Kaira Wadhwa,West,Surat,Electronics,Smartwatch,Smartwatch Nostrum,1,73497,0,73497,9512,UPI,,
13688,10/6/2023,Inaaya  Amble,South,Chennai,Home Decor,Lamp,Lamp Incidunt,1,68269,15,58029,8718,COD,,
13689,11/22/2023,Tushar Thakkar,West,Pune,Toys,Action Figure,Action Figure Mollitia,4,1928,0,7712,766,Debit Card,,
13690,12/30/2024,Taimur Dash,East,Kolkata,Furniture,Sofa,Sofa Vero,3,7412,20,17789,979,Debit Card,,
13691,5/9/2024,Kanav Acharya,North,Delhi,Home Decor,Lamp,Lamp Eligendi,4,63180,20,202176,46283,COD,,
13692,9/24/2024,Keya Salvi,West,Goa,Sports,Dumbbells,Dumbbells Dolorem,5,40088,20,160352,28140,Debit Card,,
13693,2/22/2024,Shlok Karpe,South,Coimbatore,Furniture,Table,Table Nihil,1,18654,15,15856,3110,Net Banking,,
13694,1/7/2024,Purab Suri,South,Coimbatore,Sports,Football,Football Nulla,2,41870,0,83740,14234,Credit Card,,
13695,5/16/2024,Ryan Dutt,South,Coimbatore,Kitchen,Cookware Set,Cookware Set Debitis,4,52405,15,178177,17819,COD,,
13696,5/15/2024,Piya Shanker,West,Ahmedabad,Groceries,Oil,Oil Recusandae,5,415,15,1764,266,Credit Card,,
13697,10/25/2024,Jiya Sharma,West,Goa,Electronics,Laptop,Laptop Ipsam,4,1942,5,7380,1575,Net Banking,,
13698,2/25/2024,Indrans Deep,North,Amritsar,Sports,Football,Football Occaecati,1,69900,10,62910,11827,UPI,,
13699,11/24/2023,Hansh Tank,West,Goa,Kitchen,Juicer,Juicer Fugit,5,49840,15,211820,13990,COD,,
13700,7/29/2024,Rasha Handa,West,Pune,Groceries,Rice,Rice Aut,2,38970,0,77940,11711,Debit Card,,
13701,1/6/2024,Saanvi Bala,North,Chandigarh,Beauty,Face Cream,Face Cream Quisquam,3,52274,0,156822,7845,COD,,
13702,8/20/2024,Aarush Chakraborty,West,Ahmedabad,Home Decor,Vase,Vase Ipsum,5,49092,15,208641,51897,Credit Card,,
13703,10/29/2024,Romil Sunder,North,Amritsar,Sports,Yoga Mat,Yoga Mat Consequuntur,2,31000,15,52700,3826,COD,,
13704,7/12/2025,Sahil De,North,Jaipur,Beauty,Face Cream,Face Cream Dolorem,5,74143,5,352179,71867,Net Banking,,
13705,5/29/2024,Navya Issac,West,Surat,Books,Comics,Comics Voluptatibus,5,75345,0,376725,19605,Credit Card,,
13706,10/29/2024,Keya Yadav,West,Goa,Sports,Yoga Mat,Yoga Mat Vero,3,35778,10,96601,13507,UPI,,
13707,5/23/2024,Indrajit Varma,West,Mumbai,Toys,Puzzle,Puzzle Eum,3,16153,20,38767,6542,COD,,
13708,8/8/2025,Ahana  Bera,South,Thiruvananthapuram,Home Decor,Vase,Vase Porro,4,57420,10,206712,13285,UPI,,
13709,5/11/2025,Manikya Gara,North,Lucknow,Books,Biography,Biography Adipisci,2,52157,15,88667,5257,Debit Card,,
13710,3/8/2025,Yasmin Biswas,North,Jaipur,Furniture,Table,Table Quam,5,67845,15,288341,38371,COD,,
13711,6/9/2025,Devansh Sarraf,East,Guwahati,Electronics,Camera,Camera Sunt,5,3159,5,15005,3291,Net Banking,,
13712,6/28/2025,Zara Chada,North,Amritsar,Home Decor,Lamp,Lamp At,2,79820,20,127712,20795,Net Banking,,
13713,8/29/2024,Chirag Datta,West,Goa,Books,Fiction,Fiction Deserunt,3,40774,10,110090,21420,COD,,
13714,1/12/2025,Hrishita Mand,North,Amritsar,Electronics,Camera,Camera Enim,2,8861,20,14178,1094,Debit Card,,
13715,2/7/2025,Ritvik Sawhney,West,Pune,Furniture,Sofa,Sofa Provident,2,54475,15,92608,9285,Net Banking,,
13716,7/11/2025,Jayesh Khalsa,North,Jaipur,Kitchen,Juicer,Juicer Ullam,3,7831,5,22318,5354,Debit Card,,
13717,10/14/2024,Anaya Sangha,East,Patna,Kitchen,Refrigerator,Refrigerator Id,5,54900,15,233325,47255,Debit Card,,
13718,3/15/2024,Zeeshan Mandal,East,Bhubaneswar,Groceries,Rice,Rice Velit,2,19785,10,35613,8244,UPI,,
13719,11/10/2024,Kaira Bhagat,West,Ahmedabad,Home Decor,Lamp,Lamp Consequatur,4,42731,5,162378,16712,Credit Card,,
13720,3/7/2025,Ahana  Verma,West,Pune,Electronics,Laptop,Laptop Voluptas,1,1225,15,1041,150,Net Banking,,
13721,5/20/2024,Eshani Ghose,West,Ahmedabad,Kitchen,Juicer,Juicer Qui,4,53738,15,182709,26825,UPI,,
13722,3/25/2025,Darshit Sarna,East,Guwahati,Electronics,Laptop,Laptop Veritatis,4,44447,20,142230,29760,UPI,,
13723,5/27/2025,Hridaan Guha,North,Jaipur,Electronics,Camera,Camera Placeat,3,13699,10,36987,7151,Debit Card,,
13724,2/18/2024,Sumer Mann,North,Chandigarh,Home Decor,Clock,Clock Eaque,5,52509,0,262545,52053,UPI,,
13725,10/17/2024,Kaira Subramaniam,West,Mumbai,Electronics,Headphones,Headphones Impedit,3,35991,0,107973,19916,Credit Card,,
13726,8/14/2025,Miraya Badami,North,Chandigarh,Toys,Puzzle,Puzzle Ullam,3,40691,20,97658,19901,Net Banking,,
13727,11/30/2023,Aarush Dhingra,North,Delhi,Electronics,Mobile,Mobile Illo,3,4515,0,13545,2466,UPI,,
13728,9/15/2024,Ivana Thakkar,South,Bangalore,Home Decor,Vase,Vase Recusandae,3,9909,0,29727,3132,UPI,,
13729,1/8/2025,Riaan Hayre,North,Delhi,Beauty,Face Cream,Face Cream Exercitationem,2,79471,10,143048,28493,Net Banking,,
13730,5/30/2024,Arhaan Saxena,North,Lucknow,Toys,Action Figure,Action Figure Ab,5,29118,20,116472,17210,UPI,,
13731,6/18/2025,Azad Dhillon,North,Chandigarh,Electronics,Smartwatch,Smartwatch Eum,5,70579,15,299961,30249,COD,,
13732,7/1/2025,Zara Uppal,East,Kolkata,Beauty,Shampoo,Shampoo Dolore,5,3008,20,12032,943,UPI,,
13733,10/30/2023,Neelofar Yohannan,West,Pune,Books,Textbook,Textbook Repudiandae,3,56769,10,153276,12603,Debit Card,,
13734,8/23/2025,Vardaniya Verma,South,Chennai,Home Decor,Lamp,Lamp Vitae,3,36583,15,93287,12989,Debit Card,,
13735,7/30/2024,Jayesh Ramachandran,East,Ranchi,Home Decor,Lamp,Lamp Soluta,5,64058,5,304276,73169,Net Banking,,
13736,12/4/2024,Keya Saha,North,Delhi,Furniture,Cabinet,Cabinet Occaecati,3,26638,20,63931,10477,Credit Card,,
13737,5/7/2024,Arhaan Sinha,East,Patna,Sports,Tennis Racket,Tennis Racket Aliquid,5,68408,0,342040,27573,Net Banking,,
13738,9/20/2024,Pranay Balan,North,Jaipur,Toys,Board Game,Board Game Praesentium,1,3664,15,3114,311,Net Banking,,
13739,10/14/2023,Ojas Sehgal,East,Kolkata,Beauty,Face Cream,Face Cream Quis,1,68650,10,61785,14609,UPI,,
13740,10/8/2024,Madhav Kara,East,Guwahati,Furniture,Bed,Bed Accusamus,5,25622,15,108894,23866,Credit Card,,
13741,9/16/2025,Rati Boase,North,Jaipur,Home Decor,Lamp,Lamp Recusandae,4,77690,5,295222,39392,COD,,
13742,5/6/2025,Mehul Zacharia,South,Coimbatore,Furniture,Table,Table Ducimus,5,24310,10,109395,20036,UPI,,
13743,8/28/2025,Himmat Jhaveri,West,Ahmedabad,Books,Comics,Comics Suscipit,4,41107,10,147985,8142,COD,,
13744,8/21/2024,Jiya Kala,South,Hyderabad,Home Decor,Clock,Clock Animi,3,3622,15,9236,2038,COD,,
13745,7/26/2024,Kashvi Chaudry,South,Thiruvananthapuram,Electronics,Mobile,Mobile Placeat,5,52978,15,225157,50284,Credit Card,,
13746,4/11/2025,Ira Bera,West,Goa,Electronics,Headphones,Headphones Maxime,4,36274,0,145096,17332,Net Banking,,
13747,4/21/2024,Aarna Bera,East,Bhubaneswar,Kitchen,Juicer,Juicer Enim,3,61001,10,164703,17011,COD,,
13748,9/14/2025,Madhup Dubey,East,Guwahati,Toys,Doll,Doll Impedit,2,16884,15,28703,4567,COD,,
13749,10/25/2023,Armaan Saran,East,Ranchi,Clothing,Kids Wear,Kids Wear Facere,3,52971,0,158913,21780,Debit Card,,
13750,10/24/2024,Miraan Soman,North,Jaipur,Beauty,Lipstick,Lipstick Fuga,5,68077,5,323366,56821,Credit Card,,
13751,11/13/2023,Vedika Dara,West,Ahmedabad,Kitchen,Cookware Set,Cookware Set Illo,4,63873,20,204394,20085,UPI,,
13752,2/8/2024,Gokul Maharaj,North,Amritsar,Home Decor,Vase,Vase Consectetur,2,22178,20,35485,8739,UPI,,
13753,10/14/2023,Aarav Handa,North,Chandigarh,Books,Biography,Biography Tempora,2,46507,15,79062,8748,Debit Card,,
13754,3/25/2024,Madhav Malhotra,East,Patna,Kitchen,Mixer Grinder,Mixer Grinder Sequi,4,43748,5,166242,31519,Debit Card,,
13755,2/22/2024,Navya Sha,East,Ranchi,Furniture,Cabinet,Cabinet Provident,1,539,10,485,112,Net Banking,,
13756,10/9/2024,Madhup Ray,East,Guwahati,Books,Textbook,Textbook Quis,3,53563,20,128551,12687,Net Banking,,
13757,4/26/2024,Umang Sachdeva,West,Pune,Groceries,Rice,Rice Quisquam,3,67728,20,162547,36135,UPI,,
13758,3/3/2025,Emir Shere,North,Delhi,Clothing,Accessories,Accessories Iusto,4,59748,10,215093,28142,Debit Card,,
13759,5/11/2024,Zeeshan Chander,East,Bhubaneswar,Toys,Doll,Doll Omnis,5,22675,5,107706,20529,Net Banking,,
13760,1/7/2024,Nayantara Tata,West,Mumbai,Clothing,Accessories,Accessories Quam,4,39815,10,143334,33845,UPI,,
13761,11/9/2024,Dhruv Sura,East,Guwahati,Clothing,Shoes,Shoes Officiis,3,75203,10,203048,20207,Net Banking,,
13762,11/15/2024,Shray Khare,East,Bhubaneswar,Furniture,Table,Table Illum,2,56865,20,90984,18718,COD,,
13763,6/24/2024,Nishith Basu,East,Kolkata,Books,Comics,Comics Modi,4,60001,0,240004,46033,Credit Card,,
13764,1/21/2024,Kabir Sarma,North,Delhi,Electronics,Laptop,Laptop Fuga,2,29602,15,50323,4267,Debit Card,,
13765,10/23/2023,Baiju Sandhu,South,Chennai,Groceries,Wheat,Wheat Recusandae,1,62888,15,53455,8257,Net Banking,,
13766,7/3/2024,Gokul Hayer,North,Amritsar,Home Decor,Clock,Clock Voluptates,3,62531,15,159454,13180,Net Banking,,
13767,10/11/2024,Amani Sachar,South,Bangalore,Kitchen,Microwave,Microwave Fugiat,5,62253,15,264575,18454,Credit Card,,
13768,4/15/2024,Samarth Koshy,North,Jaipur,Groceries,Spices,Spices Eaque,3,51595,15,131567,13771,Net Banking,,
13769,1/8/2025,Zain Mander,West,Mumbai,Electronics,Headphones,Headphones Vero,4,63939,5,242968,42590,COD,,
13770,4/19/2024,Nitya Rattan,North,Jaipur,Kitchen,Mixer Grinder,Mixer Grinder Explicabo,5,22239,0,111195,26087,Credit Card,,
13771,5/21/2025,Ojas Doshi,North,Chandigarh,Furniture,Cabinet,Cabinet Enim,5,36316,0,181580,44696,Net Banking,,
13772,11/17/2024,Anay Vasa,East,Ranchi,Groceries,Sugar,Sugar Ullam,2,47762,0,95524,17964,Net Banking,,
13773,12/8/2023,Sumer Dalal,North,Jaipur,Electronics,Laptop,Laptop Nisi,5,51029,20,204116,36294,Credit Card,,
13774,2/20/2024,Tarini Bakshi,North,Chandigarh,Sports,Dumbbells,Dumbbells Nesciunt,1,20176,5,19167,1980,UPI,,
13775,5/26/2024,Rhea Ratta,West,Goa,Kitchen,Microwave,Microwave Quae,4,31875,0,127500,22702,COD,,
13776,8/1/2025,Bhavin Bhatia,East,Kolkata,Kitchen,Juicer,Juicer Dolor,4,42356,15,144010,16767,UPI,,
13777,1/26/2024,Seher Bhardwaj,North,Amritsar,Home Decor,Vase,Vase Doloremque,2,54040,5,102676,5758,UPI,,
13778,11/3/2024,Advik Ramanathan,West,Surat,Kitchen,Refrigerator,Refrigerator Architecto,4,61933,0,247732,41386,Credit Card,,
13779,4/26/2024,Emir Dass,South,Bangalore,Groceries,Oil,Oil Facere,1,23921,0,23921,5638,Net Banking,,
13780,1/10/2024,Sara Keer,North,Jaipur,Sports,Cricket Bat,Cricket Bat Doloremque,5,68726,0,343630,60282,Net Banking,,
13781,7/24/2024,Inaaya  Doshi,West,Surat,Sports,Cricket Bat,Cricket Bat Ullam,5,50988,0,254940,62980,UPI,,
13782,10/11/2024,Rohan Gulati,North,Jaipur,Furniture,Table,Table Harum,2,13525,5,25698,2937,Net Banking,,
13783,8/17/2025,Siya Dash,North,Jaipur,Groceries,Oil,Oil Velit,5,66254,20,265016,56862,Credit Card,,
13784,12/11/2023,Navya Thakur,North,Chandigarh,Beauty,Foundation,Foundation Veniam,3,15553,10,41993,4879,COD,,
13785,12/3/2024,Faiyaz Dasgupta,South,Hyderabad,Kitchen,Cookware Set,Cookware Set Laudantium,3,37303,5,106314,22450,Debit Card,,
13786,10/20/2023,Mannat Jaggi,West,Pune,Beauty,Foundation,Foundation Rerum,1,29881,20,23905,4722,UPI,,
13787,10/15/2024,Arnav Viswanathan,North,Jaipur,Furniture,Table,Table Nam,1,23035,5,21883,2730,COD,,
13788,10/23/2024,Nirvi Samra,East,Kolkata,Books,Fiction,Fiction Officiis,2,47478,10,85460,8477,Credit Card,,
13789,2/22/2024,Kiara Shankar,West,Mumbai,Clothing,Women's Wear,Women's Wear Officiis,1,38646,15,32849,3886,Debit Card,,
13790,2/23/2025,Hazel Desai,East,Patna,Kitchen,Refrigerator,Refrigerator Officia,3,74840,20,179616,31494,Net Banking,,
13791,12/18/2024,Shray Kuruvilla,East,Kolkata,Toys,Puzzle,Puzzle Quos,5,21454,20,85816,10079,COD,,
13792,8/8/2025,Misha Baral,East,Guwahati,Furniture,Sofa,Sofa Nobis,5,19178,15,81507,9880,Credit Card,,
13793,8/21/2024,Manjari Lata,East,Patna,Toys,RC Car,RC Car Minus,3,42488,0,127464,9498,COD,,
13794,8/13/2024,Anya Ramachandran,South,Coimbatore,Books,Non-Fiction,Non-Fiction Temporibus,4,13481,20,43139,10456,COD,,
13795,11/23/2023,Chirag Varkey,East,Bhubaneswar,Electronics,Headphones,Headphones Adipisci,3,1377,5,3924,641,UPI,,
13796,5/20/2025,Seher Balay,North,Lucknow,Toys,Doll,Doll Deserunt,2,41628,15,70768,8792,Debit Card,,
13797,5/29/2025,Pihu Shenoy,East,Kolkata,Electronics,Laptop,Laptop Similique,5,75358,20,301432,68696,Credit Card,,
13798,9/1/2024,Umang Bora,East,Guwahati,Clothing,Kids Wear,Kids Wear Itaque,1,18477,5,17553,3344,Debit Card,,
13799,4/24/2025,Nayantara Babu,North,Lucknow,Sports,Cricket Bat,Cricket Bat Quam,4,17219,15,58545,12592,UPI,,
13800,3/17/2025,Trisha Vyas,West,Pune,Furniture,Table,Table Iste,2,45301,15,77012,11400,COD,,
13801,10/10/2024,Misha Goyal,East,Bhubaneswar,Sports,Cricket Bat,Cricket Bat Omnis,1,45667,20,36534,5789,Credit Card,,
13802,1/8/2025,Emir Chauhan,North,Jaipur,Sports,Football,Football Placeat,1,25538,10,22984,1659,COD,,
13803,7/18/2024,Yakshit Dey,South,Bangalore,Groceries,Sugar,Sugar Dolores,4,15250,20,48800,5754,Debit Card,,
13804,9/8/2024,Fateh Chana,South,Hyderabad,Furniture,Bed,Bed Ut,1,28133,15,23913,2812,UPI,,
13805,2/26/2025,Vritika Babu,East,Bhubaneswar,Beauty,Face Cream,Face Cream Molestias,2,13273,10,23891,1916,Debit Card,,
13806,11/14/2023,Hansh De,East,Kolkata,Beauty,Foundation,Foundation Incidunt,5,22752,5,108072,21674,Credit Card,,
13807,10/20/2024,Aarna Sama,East,Bhubaneswar,Home Decor,Cushion,Cushion Non,1,73319,10,65987,7356,COD,,
13808,2/20/2025,Vihaan Cherian,North,Delhi,Sports,Cricket Bat,Cricket Bat Ea,4,13463,10,48467,6880,Credit Card,,
13809,8/2/2024,Veer Dara,South,Bangalore,Furniture,Bed,Bed A,5,64962,15,276089,68739,UPI,,
13810,4/3/2025,Sahil Bawa,East,Guwahati,Kitchen,Cookware Set,Cookware Set Quia,3,28974,15,73884,7866,Net Banking,,
13811,4/20/2024,Uthkarsh Solanki,East,Kolkata,Beauty,Foundation,Foundation Odio,5,18882,15,80249,15287,Debit Card,,
13812,4/21/2025,Faiyaz Gulati,West,Mumbai,Clothing,Men's Wear,Men's Wear Eligendi,4,71673,20,229354,51735,COD,,
13813,4/15/2024,Amira Savant,West,Pune,Toys,Doll,Doll Non,4,2203,15,7490,448,COD,,
13814,5/10/2024,Samaira Barad,West,Surat,Furniture,Table,Table Neque,1,55484,20,44387,4379,Debit Card,,
13815,3/1/2025,Zoya Sankar,South,Bangalore,Kitchen,Mixer Grinder,Mixer Grinder Autem,5,9459,10,42566,6063,Net Banking,,
13816,9/7/2024,Rasha Golla,North,Delhi,Home Decor,Wall Art,Wall Art Excepturi,5,20640,20,82560,7916,Debit Card,,
13817,1/24/2025,Kiara Bhatia,South,Bangalore,Kitchen,Cookware Set,Cookware Set Ut,1,40410,10,36369,3559,Net Banking,,
13818,8/8/2024,Tejas Dalal,South,Bangalore,Home Decor,Wall Art,Wall Art Nihil,2,13000,15,22100,3823,Net Banking,,
13819,2/28/2025,Lakshay Balay,North,Amritsar,Beauty,Foundation,Foundation Pariatur,2,74405,10,133929,7482,Debit Card,,
13820,8/29/2024,Manjari Rastogi,West,Pune,Kitchen,Microwave,Microwave Eveniet,1,72142,20,57714,5965,Debit Card,,
13821,7/21/2024,Umang Gupta,North,Delhi,Home Decor,Lamp,Lamp Omnis,5,35427,15,150565,34871,Net Banking,,
13822,7/18/2024,Sahil Bera,East,Patna,Kitchen,Refrigerator,Refrigerator Magnam,5,38466,20,153864,30909,UPI,,
13823,10/18/2024,Darshit Gera,North,Amritsar,Furniture,Table,Table Voluptatum,5,20247,0,101235,25010,Credit Card,,
13824,3/13/2024,Sara Raval,East,Ranchi,Furniture,Bed,Bed Tempora,1,35237,0,35237,7955,Debit Card,,
13825,11/30/2024,Ivana Baral,South,Bangalore,Clothing,Shoes,Shoes Nemo,4,39281,0,157124,24626,COD,,
13826,7/2/2025,Nirvaan Datta,North,Jaipur,Kitchen,Microwave,Microwave Reiciendis,5,71172,5,338067,61986,Debit Card,,
13827,3/26/2024,Vivaan Setty,East,Patna,Furniture,Sofa,Sofa Delectus,3,21963,20,52711,3202,UPI,,
13828,10/10/2024,Divij Loyal,South,Chennai,Furniture,Bed,Bed Dicta,3,9199,20,22078,3221,Debit Card,,
13829,8/7/2025,Hazel Ramachandran,North,Chandigarh,Home Decor,Lamp,Lamp Consequuntur,4,22057,15,74994,5612,Debit Card,,
13830,6/11/2025,Ela Soni,South,Chennai,Toys,Action Figure,Action Figure Impedit,1,40271,20,32217,2043,Debit Card,,
13831,9/16/2024,Faiyaz Apte,East,Ranchi,Furniture,Sofa,Sofa Ea,5,72295,20,289180,45698,Net Banking,,
13832,10/10/2023,Eshani Saran,South,Thiruvananthapuram,Books,Non-Fiction,Non-Fiction Iure,3,75120,20,180288,40877,COD,,
13833,11/29/2023,Arnav Golla,East,Kolkata,Sports,Football,Football Modi,5,63288,5,300618,62609,Credit Card,,
13834,5/3/2025,Yasmin Sekhon,West,Mumbai,Sports,Dumbbells,Dumbbells Doloribus,5,28281,10,127265,31811,COD,,
13835,3/28/2025,Alisha Sachar,East,Ranchi,Toys,RC Car,RC Car Maiores,5,19510,20,78040,7582,COD,,
13836,12/20/2024,Aaryahi Bal,North,Chandigarh,Groceries,Wheat,Wheat Dolore,4,34623,15,117718,21649,UPI,,
13837,5/29/2025,Prerak Srinivas,East,Kolkata,Home Decor,Cushion,Cushion Unde,4,47826,5,181739,26895,COD,,
13838,1/17/2024,Myra Bawa,East,Patna,Kitchen,Refrigerator,Refrigerator Totam,1,73288,10,65959,14300,Credit Card,,
13839,5/29/2024,Dhanush Mand,East,Kolkata,Home Decor,Lamp,Lamp Enim,4,60244,5,228927,39408,Credit Card,,
13840,2/22/2025,Eva Srinivas,East,Kolkata,Groceries,Spices,Spices Hic,2,9019,15,15332,1374,Credit Card,,
13841,10/18/2024,Yakshit Raman,South,Chennai,Toys,Doll,Doll Alias,3,21517,0,64551,14889,Net Banking,,
13842,4/13/2025,Divij Thaman,East,Patna,Electronics,Laptop,Laptop Ipsum,5,26145,20,104580,7468,Credit Card,,
13843,9/4/2024,Purab Sarraf,North,Amritsar,Home Decor,Wall Art,Wall Art Error,3,69425,20,166620,25353,UPI,,
13844,7/11/2024,Kanav Luthra,North,Jaipur,Beauty,Lipstick,Lipstick Quidem,4,39613,15,134684,13402,Credit Card,,
13845,7/9/2025,Trisha Majumdar,North,Jaipur,Furniture,Sofa,Sofa Fugiat,3,47394,10,127964,25035,Debit Card,,
13846,3/12/2025,Indranil Sachdev,South,Bangalore,Home Decor,Cushion,Cushion Non,5,7553,5,35877,4975,UPI,,
13847,11/30/2023,Aarna Walla,East,Ranchi,Sports,Tennis Racket,Tennis Racket Mollitia,2,61751,10,111152,24642,Net Banking,,
13848,4/15/2024,Azad Khurana,North,Lucknow,Electronics,Headphones,Headphones Tempora,3,50043,0,150129,16029,Credit Card,,
13849,6/16/2025,Nirvi Chana,North,Delhi,Clothing,Women's Wear,Women's Wear Laudantium,1,25700,0,25700,2075,Credit Card,,
13850,4/7/2025,Uthkarsh Suresh,East,Guwahati,Kitchen,Cookware Set,Cookware Set Voluptatem,1,48679,5,46245,3298,UPI,,
13851,5/25/2025,Shalv Wagle,West,Pune,Books,Non-Fiction,Non-Fiction Eveniet,4,57935,0,231740,20459,COD,,
13852,3/21/2024,Vivaan Kala,West,Pune,Furniture,Cabinet,Cabinet Dolores,5,10805,10,48623,5823,COD,,
13853,3/10/2025,Nayantara Jhaveri,South,Bangalore,Groceries,Oil,Oil Voluptatem,1,17122,5,16266,907,COD,,
13854,1/16/2025,Miraan Dutta,West,Goa,Beauty,Face Cream,Face Cream Quo,2,66040,5,125476,16103,COD,,
13855,1/28/2025,Jayesh Mann,West,Mumbai,Toys,RC Car,RC Car Voluptatibus,3,44797,0,134391,28232,COD,,
13856,4/7/2025,Tanya Bandi,East,Patna,Sports,Tennis Racket,Tennis Racket Commodi,1,45406,10,40865,7965,COD,,
13857,10/15/2024,Vidur Suri,West,Pune,Home Decor,Clock,Clock Modi,4,72031,20,230499,34284,Debit Card,,
13858,3/13/2024,Anay Comar,East,Bhubaneswar,Beauty,Lipstick,Lipstick Quod,1,30699,5,29164,5598,Net Banking,,
13859,11/5/2023,Divij Mahajan,South,Coimbatore,Sports,Yoga Mat,Yoga Mat Quibusdam,4,34465,0,137860,11234,Credit Card,,
13860,5/26/2025,Nitara Mani,East,Bhubaneswar,Beauty,Face Cream,Face Cream Voluptatem,4,30982,5,117732,15109,Net Banking,,
13861,11/19/2023,Anvi Bahl,West,Surat,Groceries,Spices,Spices Placeat,4,2070,10,7452,1692,Credit Card,,
13862,7/29/2024,Badal Sachdeva,South,Bangalore,Kitchen,Juicer,Juicer Repellat,4,16459,0,65836,6304,Debit Card,,
13863,3/7/2025,Oorja Dave,East,Guwahati,Groceries,Oil,Oil Corrupti,1,3804,20,3043,637,Debit Card,,
13864,10/19/2023,Misha Ranganathan,East,Ranchi,Furniture,Table,Table Atque,5,61626,5,292724,71120,Net Banking,,
13865,7/12/2025,Indranil Gokhale,North,Delhi,Books,Non-Fiction,Non-Fiction Exercitationem,4,32226,5,122459,8662,Net Banking,,
13866,5/10/2025,Tejas Sood,South,Thiruvananthapuram,Kitchen,Cookware Set,Cookware Set Repellendus,1,12751,5,12113,2678,COD,,
13867,10/19/2024,Heer Sathe,North,Amritsar,Kitchen,Microwave,Microwave Velit,3,26362,20,63269,10537,COD,,
13868,1/20/2024,Fateh Bahl,North,Chandigarh,Beauty,Perfume,Perfume Alias,4,5587,0,22348,2066,COD,,
13869,11/18/2023,Kashvi Barad,North,Jaipur,Clothing,Women's Wear,Women's Wear Inventore,2,42612,15,72440,11699,COD,,
13870,3/3/2025,Bhavin Dhingra,North,Jaipur,Clothing,Accessories,Accessories Qui,5,7555,5,35886,7789,UPI,,
13871,4/11/2024,Aarna Kunda,North,Jaipur,Kitchen,Refrigerator,Refrigerator Temporibus,2,47271,20,75634,5583,COD,,
13872,2/1/2024,Khushi Seth,West,Pune,Sports,Yoga Mat,Yoga Mat Autem,5,48403,15,205713,25594,COD,,
13873,6/3/2024,Nakul Singh,North,Chandigarh,Toys,Board Game,Board Game Quisquam,4,25573,15,86948,9577,Debit Card,,
13874,12/9/2024,Azad Sathe,North,Amritsar,Beauty,Lipstick,Lipstick Laborum,4,65482,0,261928,55150,COD,,
13875,9/15/2025,Jivin Sheth,North,Chandigarh,Electronics,Headphones,Headphones Animi,3,35261,15,89916,10235,UPI,,
13876,11/16/2024,Abram Khurana,West,Surat,Electronics,Laptop,Laptop Aspernatur,3,46208,10,124762,27592,COD,,
13877,3/25/2024,Tanya Mander,West,Goa,Furniture,Chair,Chair Dicta,1,35203,15,29923,7039,COD,,
13878,11/18/2024,Misha Bava,East,Guwahati,Books,Biography,Biography Recusandae,5,38803,0,194015,17020,Credit Card,,
13879,10/2/2024,Rasha Dixit,West,Surat,Books,Biography,Biography Facere,2,10003,15,17005,2555,Credit Card,,
13880,5/7/2025,Drishya Jha,East,Guwahati,Furniture,Cabinet,Cabinet Autem,1,47978,0,47978,5386,UPI,,
13881,8/30/2024,Kabir Deep,East,Ranchi,Home Decor,Cushion,Cushion Aperiam,3,47011,15,119878,19548,Debit Card,,
13882,10/11/2024,Keya Tandon,North,Delhi,Clothing,Shoes,Shoes Earum,3,48199,20,115678,10572,Debit Card,,
13883,1/19/2025,Fateh Bhavsar,South,Hyderabad,Beauty,Face Cream,Face Cream Quaerat,5,74837,10,336767,17376,Debit Card,,
13884,3/3/2025,Vritika Batra,East,Guwahati,Electronics,Camera,Camera Voluptate,5,70565,20,282260,32677,Debit Card,,
13885,2/16/2025,Manjari Trivedi,North,Amritsar,Clothing,Men's Wear,Men's Wear Praesentium,4,59075,20,189040,28935,UPI,,
13886,1/5/2025,Veer Edwin,West,Mumbai,Groceries,Sugar,Sugar Suscipit,3,65530,20,157272,9403,UPI,,
13887,1/13/2025,Kanav Tata,South,Bangalore,Sports,Football,Football Eligendi,3,71731,20,172154,22627,UPI,,
13888,5/5/2024,Pihu Wason,West,Mumbai,Books,Comics,Comics Qui,1,24773,15,21057,1399,COD,,
13889,2/27/2025,Renee Chander,West,Pune,Clothing,Accessories,Accessories Iusto,2,56585,15,96195,11680,Credit Card,,
13890,12/13/2023,Divyansh Bhasin,East,Kolkata,Clothing,Accessories,Accessories Itaque,5,11280,5,53580,7884,COD,,
13891,9/14/2024,Aaina Maharaj,North,Amritsar,Sports,Football,Football Tempora,5,58166,5,276289,50120,UPI,,
13892,5/2/2025,Shamik Date,East,Kolkata,Clothing,Men's Wear,Men's Wear Aliquid,1,10427,10,9384,925,Net Banking,,
13893,3/3/2025,Anahi Varkey,North,Jaipur,Home Decor,Cushion,Cushion Eos,4,50788,20,162522,20075,UPI,,
13894,4/4/2025,Stuvan Datta,North,Jaipur,Clothing,Kids Wear,Kids Wear Molestiae,5,9032,5,42902,9027,COD,,
13895,3/2/2024,Badal Rao,West,Goa,Books,Non-Fiction,Non-Fiction Praesentium,5,32316,15,137343,7982,UPI,,
13896,2/26/2024,Nitara Randhawa,West,Goa,Sports,Football,Football Maiores,5,18823,5,89409,7860,Credit Card,,
13897,8/11/2025,Zeeshan Vaidya,South,Chennai,Electronics,Headphones,Headphones Laboriosam,3,9491,20,22778,1824,COD,,
13898,8/19/2024,Mehul Roy,East,Guwahati,Clothing,Shoes,Shoes Maiores,4,23988,5,91154,13547,Credit Card,,
13899,3/22/2025,Anaya Savant,South,Bangalore,Groceries,Sugar,Sugar Officia,2,43254,0,86508,8647,COD,,
13900,1/23/2024,Rania Jhaveri,East,Guwahati,Sports,Football,Football Harum,4,46404,10,167054,18375,COD,,
13901,5/23/2025,Ehsaan Krishnan,South,Coimbatore,Home Decor,Cushion,Cushion Dolore,1,73953,15,62860,13813,UPI,,
13902,8/8/2024,Tanya Taneja,East,Guwahati,Books,Textbook,Textbook Nihil,1,40421,10,36379,8475,UPI,,
13903,1/12/2025,Riaan Kalita,North,Amritsar,Sports,Yoga Mat,Yoga Mat Quo,4,44152,0,176608,37699,COD,,
13904,7/1/2025,Tanya Amble,South,Chennai,Sports,Tennis Racket,Tennis Racket Inventore,2,74506,0,149012,23049,Net Banking,,
13905,4/6/2025,Drishya Chokshi,South,Bangalore,Electronics,Camera,Camera Expedita,1,19730,15,16771,3417,Net Banking,,
13906,11/28/2023,Elakshi Kannan,South,Thiruvananthapuram,Home Decor,Wall Art,Wall Art Commodi,5,57236,20,228944,30219,COD,,
13907,1/1/2025,Armaan Kalita,North,Chandigarh,Groceries,Wheat,Wheat Perspiciatis,4,28409,10,102272,6216,COD,,
13908,11/22/2024,Tanya Barad,North,Delhi,Books,Biography,Biography Sint,4,11791,15,40089,8210,Credit Card,,
13909,10/22/2023,Kiara Ben,North,Jaipur,Beauty,Foundation,Foundation Molestiae,2,24666,0,49332,10546,UPI,,
13910,7/22/2025,Shanaya Bir,South,Thiruvananthapuram,Furniture,Sofa,Sofa Maxime,5,52764,5,250629,43785,UPI,,
13911,8/22/2025,Vritika Dyal,South,Bangalore,Home Decor,Vase,Vase Itaque,2,51158,15,86969,16152,UPI,,
13912,8/26/2025,Jayan Roy,West,Ahmedabad,Beauty,Face Cream,Face Cream Neque,3,73805,5,210344,22491,Debit Card,,
13913,11/14/2024,Jayant Joshi,North,Delhi,Home Decor,Vase,Vase Fugiat,1,4647,20,3718,658,COD,,
13914,3/24/2025,Adah Gandhi,South,Hyderabad,Furniture,Cabinet,Cabinet Asperiores,5,62363,0,311815,67266,COD,,
13915,8/31/2024,Samar Edwin,East,Patna,Groceries,Wheat,Wheat Recusandae,4,21390,10,77004,11059,UPI,,
13916,7/16/2024,Romil Saha,North,Chandigarh,Beauty,Foundation,Foundation Alias,3,1551,15,3955,342,Debit Card,,
13917,3/27/2025,Nitya Bandi,North,Chandigarh,Toys,Action Figure,Action Figure Eaque,4,49423,10,177923,17733,UPI,,
13918,9/12/2024,Zain Kota,West,Pune,Home Decor,Cushion,Cushion Aut,1,60959,5,57911,7266,Net Banking,,
13919,7/23/2024,Mohanlal Jayaraman,South,Coimbatore,Home Decor,Vase,Vase Delectus,2,25048,10,45086,6501,Net Banking,,
13920,11/14/2023,Siya Arora,East,Kolkata,Home Decor,Wall Art,Wall Art Facere,3,42348,5,120692,21925,Debit Card,,
13921,2/27/2024,Badal Desai,North,Lucknow,Clothing,Men's Wear,Men's Wear Sapiente,3,35536,20,85286,20838,Debit Card,,
13922,3/9/2025,Piya Saha,East,Bhubaneswar,Home Decor,Wall Art,Wall Art Eveniet,4,67011,5,254642,54231,Net Banking,,
13923,9/12/2024,Khushi Iyer,East,Bhubaneswar,Toys,Puzzle,Puzzle Occaecati,3,222,15,566,98,Debit Card,,
13924,10/13/2023,Amira Dewan,East,Ranchi,Electronics,Laptop,Laptop Unde,2,77949,15,132513,16953,Debit Card,,
13925,8/12/2024,Veer Hari,East,Guwahati,Furniture,Bed,Bed Perferendis,3,69452,15,177103,22802,Debit Card,,
13926,9/8/2024,Jivika Saxena,South,Coimbatore,Groceries,Wheat,Wheat Atque,4,2916,5,11081,1350,UPI,,
13927,9/9/2025,Ela Bains,West,Pune,Electronics,Camera,Camera Modi,4,32597,5,123869,20841,UPI,,
13928,10/14/2023,Yakshit Ramachandran,North,Chandigarh,Clothing,Accessories,Accessories Architecto,1,59294,15,50400,6193,Debit Card,,
13929,6/29/2024,Rhea Balay,South,Thiruvananthapuram,Toys,Doll,Doll Similique,3,66736,0,200208,36553,Debit Card,,
13930,10/9/2024,Uthkarsh Madan,South,Bangalore,Furniture,Bed,Bed Pariatur,1,74428,20,59542,6451,Net Banking,,
13931,6/19/2025,Arnav Kunda,North,Lucknow,Electronics,Smartwatch,Smartwatch Nostrum,4,1709,0,6836,1085,Net Banking,,
13932,4/1/2024,Divit Hora,East,Kolkata,Books,Fiction,Fiction Fugiat,2,9466,5,17985,1607,COD,,
13933,5/1/2024,Madhav Rama,South,Hyderabad,Sports,Tennis Racket,Tennis Racket Temporibus,1,74859,20,59887,10248,Net Banking,,
13934,12/19/2024,Hansh Balakrishnan,East,Patna,Electronics,Smartwatch,Smartwatch Illum,1,79709,15,67753,10348,Net Banking,,
13935,7/14/2025,Lakshay Mall,North,Lucknow,Groceries,Sugar,Sugar Iure,5,43802,5,208060,37268,Credit Card,,
13936,12/16/2023,Anika Kapoor,East,Patna,Kitchen,Juicer,Juicer Officia,4,53838,10,193817,19627,Debit Card,,
13937,11/22/2023,Ira Kulkarni,West,Surat,Books,Comics,Comics Quam,1,8911,5,8465,1696,UPI,,
13938,4/18/2024,Samaira Ramakrishnan,North,Jaipur,Clothing,Women's Wear,Women's Wear Quidem,4,72336,5,274877,25096,Net Banking,,
13939,10/27/2024,Hunar Sachdeva,South,Bangalore,Clothing,Kids Wear,Kids Wear Saepe,2,18052,10,32494,2961,Credit Card,,
13940,6/29/2025,Akarsh Sachdev,East,Patna,Toys,Puzzle,Puzzle Accusamus,4,34290,10,123444,26964,Debit Card,,
13941,9/1/2024,Urvi Upadhyay,East,Guwahati,Kitchen,Microwave,Microwave Illum,4,32298,20,103354,17799,Debit Card,,
13942,2/10/2025,Ahana  Tak,West,Mumbai,Furniture,Sofa,Sofa Ipsa,5,31201,15,132604,18877,Debit Card,,
13943,12/24/2023,Rohan Acharya,East,Ranchi,Toys,Puzzle,Puzzle Sequi,3,53938,20,129451,10801,COD,,
13944,10/17/2024,Nakul Zacharia,East,Patna,Beauty,Perfume,Perfume Molestiae,2,25704,20,41126,3163,UPI,,
13945,12/31/2024,Tushar Dua,North,Amritsar,Groceries,Rice,Rice In,2,37132,20,59411,6256,Net Banking,,
13946,1/14/2024,Mannat Iyer,West,Mumbai,Electronics,Camera,Camera Quae,2,67427,10,121369,15169,Credit Card,,
13947,4/7/2024,Mehul Toor,East,Patna,Home Decor,Clock,Clock Minima,1,14010,0,14010,750,Net Banking,,
13948,10/12/2024,Ranbir Ben,East,Patna,Furniture,Sofa,Sofa Ipsam,5,6606,10,29727,1679,COD,,
13949,8/25/2024,Alia Salvi,North,Delhi,Kitchen,Refrigerator,Refrigerator Enim,2,22249,10,40048,6851,COD,,
13950,4/21/2025,Jhanvi Sandal,South,Thiruvananthapuram,Books,Comics,Comics Quo,1,19868,20,15894,1844,Net Banking,,
13951,2/21/2025,Hrishita Jha,East,Patna,Sports,Dumbbells,Dumbbells Ut,4,40150,10,144540,15617,Debit Card,,
13952,2/8/2025,Rhea Dugar,West,Surat,Toys,Board Game,Board Game Quod,5,30135,0,150675,21442,COD,,
13953,4/26/2025,Jhanvi Madan,South,Coimbatore,Kitchen,Mixer Grinder,Mixer Grinder Harum,3,13627,5,38837,5439,COD,,
13954,4/23/2025,Tiya Gera,South,Chennai,Clothing,Shoes,Shoes Deserunt,2,38246,5,72667,3916,Net Banking,,
13955,7/16/2025,Tushar Gera,North,Lucknow,Home Decor,Clock,Clock Quia,1,54866,15,46636,5628,Net Banking,,
13956,12/6/2023,Ira Rastogi,North,Amritsar,Furniture,Bed,Bed Officia,2,33697,5,64024,4800,Debit Card,,
13957,5/13/2024,Vaibhav Bava,North,Delhi,Beauty,Foundation,Foundation Similique,5,2710,10,12195,1602,Debit Card,,
13958,4/29/2025,Kabir Ravi,East,Guwahati,Furniture,Cabinet,Cabinet Asperiores,3,24320,5,69312,9362,COD,,
13959,11/29/2023,Inaaya  Ganesan,East,Bhubaneswar,Sports,Football,Football Modi,3,49558,5,141240,13429,Net Banking,,
13960,1/15/2024,Jhanvi Bal,West,Ahmedabad,Toys,Puzzle,Puzzle Sapiente,2,30560,0,61120,14005,Net Banking,,
13961,12/12/2024,Amani Rastogi,West,Mumbai,Furniture,Cabinet,Cabinet Quam,4,13709,10,49352,6805,COD,,
13962,8/21/2024,Ryan Lanka,North,Delhi,Toys,Action Figure,Action Figure Asperiores,5,14825,0,74125,9274,COD,,
13963,12/29/2024,Drishya Chana,West,Mumbai,Books,Fiction,Fiction Commodi,3,28627,0,85881,7489,Credit Card,,
13964,8/12/2025,Parinaaz Din,East,Bhubaneswar,Groceries,Sugar,Sugar Modi,3,41428,5,118070,19716,Credit Card,,
13965,11/28/2024,Navya Taneja,West,Pune,Electronics,Mobile,Mobile Aspernatur,3,12069,0,36207,7151,Credit Card,,
13966,7/31/2025,Ritvik Dara,East,Bhubaneswar,Electronics,Smartwatch,Smartwatch Dolor,3,39237,10,105940,13369,COD,,
13967,4/16/2024,Bhavin Ganesan,East,Kolkata,Clothing,Accessories,Accessories Est,5,71144,0,355720,51224,Debit Card,,
13968,1/20/2025,Vritika Sant,West,Goa,Kitchen,Juicer,Juicer Distinctio,3,15926,20,38222,5453,Debit Card,,
13969,5/21/2025,Amani Apte,North,Lucknow,Home Decor,Wall Art,Wall Art Laboriosam,4,48409,20,154909,15605,Net Banking,,
13970,7/4/2024,Mishti Manne,West,Ahmedabad,Clothing,Accessories,Accessories Dolor,1,49538,20,39630,8601,Net Banking,,
13971,4/15/2024,Umang Roy,West,Pune,Furniture,Chair,Chair Harum,5,22134,5,105137,5406,Net Banking,,
13972,1/17/2024,Uthkarsh Viswanathan,North,Delhi,Furniture,Bed,Bed Autem,5,61532,0,307660,17079,Credit Card,,
13973,8/9/2024,Biju Dugar,East,Patna,Groceries,Sugar,Sugar Deleniti,4,17731,15,60285,3074,COD,,
13974,11/10/2024,Krish Ram,East,Bhubaneswar,Clothing,Kids Wear,Kids Wear Repellat,1,55828,20,44662,7165,UPI,,
13975,6/5/2025,Ranbir Rajagopal,East,Ranchi,Books,Non-Fiction,Non-Fiction Deleniti,1,50349,20,40279,3224,Credit Card,,
13976,1/14/2024,Piya Magar,South,Thiruvananthapuram,Electronics,Smartwatch,Smartwatch Voluptatibus,1,31014,5,29463,4461,Credit Card,,
13977,3/31/2025,Zara Khalsa,East,Ranchi,Home Decor,Lamp,Lamp Velit,5,40921,15,173914,41421,Credit Card,,
13978,6/21/2024,Riaan Yohannan,West,Ahmedabad,Beauty,Face Cream,Face Cream Quos,1,5000,5,4750,252,COD,,
13979,8/2/2024,Prerak Sawhney,North,Amritsar,Books,Textbook,Textbook Repudiandae,2,19620,20,31392,1801,Debit Card,,
13980,4/5/2024,Abram Lata,North,Delhi,Groceries,Wheat,Wheat Aspernatur,2,63955,0,127910,10570,Debit Card,,
13981,6/10/2025,Arhaan Sidhu,North,Delhi,Furniture,Cabinet,Cabinet Occaecati,5,6114,10,27513,5304,Credit Card,,
13982,1/26/2025,Nishith Arora,East,Kolkata,Kitchen,Mixer Grinder,Mixer Grinder Ea,4,14793,15,50296,5620,UPI,,
13983,1/27/2024,Aayush Tak,North,Delhi,Kitchen,Microwave,Microwave Beatae,3,305,10,824,127,UPI,,
13984,6/25/2025,Vihaan Dani,North,Lucknow,Sports,Dumbbells,Dumbbells Rerum,4,69085,20,221072,25935,Net Banking,,
13985,3/22/2024,Aaina Sagar,North,Chandigarh,Sports,Cricket Bat,Cricket Bat Aperiam,1,49113,0,49113,10381,Credit Card,,
13986,6/18/2024,Kashvi Tiwari,East,Guwahati,Furniture,Chair,Chair Adipisci,1,53555,20,42844,6580,Debit Card,,
13987,10/9/2024,Adira Bansal,North,Chandigarh,Sports,Tennis Racket,Tennis Racket Doloremque,2,20837,0,41674,10173,Debit Card,,
13988,1/17/2024,Neelofar Dhawan,East,Patna,Sports,Tennis Racket,Tennis Racket Ex,4,65896,20,210867,21586,UPI,,
13989,10/21/2024,Nirvaan Master,North,Amritsar,Kitchen,Refrigerator,Refrigerator Ipsum,1,70885,10,63797,6201,Net Banking,,
13990,7/27/2024,Umang Chahal,North,Chandigarh,Books,Comics,Comics Eveniet,5,11091,0,55455,2990,Net Banking,,
13991,1/5/2024,Kimaya Gera,West,Surat,Books,Biography,Biography Sint,1,2322,5,2206,346,Debit Card,,
13992,5/28/2024,Rati Banerjee,North,Amritsar,Kitchen,Refrigerator,Refrigerator Aliquid,5,73352,15,311746,42399,UPI,,
13993,10/11/2024,Dhanush Tara,North,Amritsar,Beauty,Foundation,Foundation Tempora,4,25280,15,85952,13599,COD,,
13994,10/27/2024,Nehmat Kannan,East,Guwahati,Beauty,Foundation,Foundation Hic,3,43877,15,111886,23248,Debit Card,,
13995,1/19/2024,Anahi Choudhry,North,Jaipur,Kitchen,Mixer Grinder,Mixer Grinder Nisi,3,58788,20,141091,25544,Net Banking,,
13996,8/4/2024,Hiran Kala,East,Ranchi,Toys,Doll,Doll Ea,3,39367,20,94481,15133,COD,,
13997,11/9/2023,Shray Jayaraman,East,Ranchi,Electronics,Smartwatch,Smartwatch Possimus,4,15240,15,51816,7579,Net Banking,,
13998,1/12/2025,Zain Dani,South,Hyderabad,Home Decor,Cushion,Cushion Similique,1,28121,0,28121,2647,Net Banking,,
13999,2/2/2025,Ahana  Wable,South,Coimbatore,Sports,Yoga Mat,Yoga Mat Praesentium,2,38624,0,77248,12653,Credit Card,,
14000,12/17/2023,Tarini Varkey,West,Ahmedabad,Electronics,Mobile,Mobile Alias,2,44179,5,83940,5644,COD,,
14001,4/23/2024,Jayant Mallick,South,Hyderabad,Electronics,Smartwatch,Smartwatch Occaecati,2,29790,10,53622,5830,UPI,,
14002,5/22/2024,Madhav Barad,East,Guwahati,Kitchen,Cookware Set,Cookware Set Voluptatum,5,33828,5,160683,33755,Net Banking,,
14003,8/12/2025,Vritika Sethi,South,Hyderabad,Electronics,Smartwatch,Smartwatch Repudiandae,3,28443,5,81063,4976,Net Banking,,
14004,7/23/2024,Kiaan Gala,West,Mumbai,Kitchen,Microwave,Microwave Deleniti,1,59998,15,50998,9612,Debit Card,,
14005,2/27/2024,Kartik Bhandari,East,Patna,Beauty,Foundation,Foundation Sed,2,52569,0,105138,6082,COD,,
14006,3/14/2025,Vidur Deol,North,Lucknow,Sports,Dumbbells,Dumbbells Ullam,4,21017,0,84068,11856,UPI,,
14007,11/17/2024,Dhanuk Saxena,North,Delhi,Sports,Cricket Bat,Cricket Bat Quos,3,57585,20,138204,9449,Debit Card,,
14008,4/28/2024,Damini Barman,South,Chennai,Toys,Doll,Doll Enim,5,37349,10,168071,34912,UPI,,
14009,7/1/2025,Myra Dada,West,Surat,Electronics,Camera,Camera Ex,3,27312,20,65549,14068,Net Banking,,
14010,11/12/2023,Samiha Shan,East,Kolkata,Groceries,Oil,Oil Praesentium,1,51919,5,49323,2779,Net Banking,,
14011,6/22/2025,Manjari Bumb,West,Goa,Home Decor,Lamp,Lamp Aliquid,2,35266,20,56426,10576,COD,,
14012,6/23/2024,Yasmin Chahal,South,Thiruvananthapuram,Groceries,Rice,Rice Dolores,4,11341,5,43096,8320,COD,,
14013,9/16/2025,Kiara Chopra,North,Amritsar,Sports,Dumbbells,Dumbbells Omnis,2,1725,0,3450,749,COD,,
14014,6/30/2025,Aniruddh Shetty,South,Chennai,Beauty,Face Cream,Face Cream Iure,4,70596,5,268265,57443,Debit Card,,
14015,3/19/2025,Indranil Date,East,Patna,Groceries,Rice,Rice Laboriosam,3,37004,10,99911,13975,Debit Card,,
14016,1/19/2024,Eva Bhandari,West,Pune,Beauty,Face Cream,Face Cream Autem,3,63215,0,189645,31009,UPI,,
14017,9/10/2024,Jivin Sangha,East,Ranchi,Beauty,Foundation,Foundation Laudantium,4,23886,5,90767,19057,UPI,,
14018,2/11/2024,Alia Rau,North,Lucknow,Books,Fiction,Fiction Adipisci,3,57129,20,137110,29038,COD,,
14019,12/28/2024,Siya Sangha,South,Chennai,Sports,Football,Football Modi,1,58052,10,52247,6896,Debit Card,,
14020,9/3/2025,Kiara Dhawan,South,Thiruvananthapuram,Groceries,Rice,Rice Velit,1,64542,5,61315,4365,Credit Card,,
14021,7/23/2025,Akarsh Swamy,North,Jaipur,Furniture,Table,Table Iure,4,58929,0,235716,17377,Net Banking,,
14022,5/4/2024,Azad Anand,West,Surat,Furniture,Table,Table Nesciunt,3,71890,15,183320,14939,Net Banking,,
14023,1/15/2025,Yasmin Vaidya,West,Surat,Furniture,Bed,Bed Dolore,5,61293,15,260495,29361,COD,,
14024,11/12/2023,Jivin Jani,North,Chandigarh,Clothing,Accessories,Accessories Voluptatum,4,64859,0,259436,19912,Credit Card,,
14025,6/21/2024,Ishita Chowdhury,North,Chandigarh,Home Decor,Vase,Vase Quas,1,32903,0,32903,7498,Debit Card,,
14026,4/5/2024,Vardaniya Kale,East,Patna,Beauty,Lipstick,Lipstick Beatae,1,76065,0,76065,9816,UPI,,
14027,12/19/2023,Dhanush Jha,North,Chandigarh,Furniture,Cabinet,Cabinet Cupiditate,1,27749,10,24974,2222,Debit Card,,
14028,9/6/2025,Saanvi Chandra,South,Coimbatore,Home Decor,Wall Art,Wall Art Ipsa,3,23636,5,67363,9247,Credit Card,,
14029,8/7/2025,Mishti Kumer,West,Mumbai,Sports,Football,Football Quaerat,1,49102,0,49102,7177,Net Banking,,
14030,12/8/2023,Dhanuk Kakar,West,Surat,Books,Textbook,Textbook Enim,5,6420,5,30495,5691,Debit Card,,
14031,1/18/2025,Aaryahi Wadhwa,North,Lucknow,Clothing,Shoes,Shoes Aliquid,4,73794,15,250900,61074,COD,,
14032,10/30/2023,Kashvi Manne,North,Delhi,Toys,Action Figure,Action Figure Adipisci,4,23790,15,80886,15563,Net Banking,,
14033,3/3/2025,Yasmin Kala,North,Amritsar,Home Decor,Lamp,Lamp Nesciunt,3,67176,5,191452,27647,Credit Card,,
14034,3/4/2024,Veer Rout,South,Coimbatore,Toys,RC Car,RC Car Ipsum,2,42749,10,76948,11588,Net Banking,,
14035,7/10/2024,Jayan Shenoy,North,Chandigarh,Sports,Cricket Bat,Cricket Bat Nisi,1,39461,0,39461,6205,COD,,
14036,6/6/2024,Vedika Ganguly,East,Ranchi,Furniture,Chair,Chair Molestias,3,76241,0,228723,23543,Credit Card,,
14037,4/23/2025,Indrans Sharma,South,Thiruvananthapuram,Clothing,Men's Wear,Men's Wear Cum,2,59303,20,94885,7023,Net Banking,,
14038,8/23/2025,Raunak Loyal,West,Surat,Beauty,Shampoo,Shampoo Quae,2,64937,20,103899,8768,COD,,
14039,9/30/2024,Prerak Shere,West,Goa,Beauty,Perfume,Perfume Nesciunt,3,56768,10,153274,19510,UPI,,
14040,8/30/2024,Indranil Ramesh,North,Chandigarh,Books,Biography,Biography Quasi,3,23075,10,62303,7203,Net Banking,,
14041,12/8/2023,Myra Bath,North,Lucknow,Furniture,Cabinet,Cabinet Saepe,1,67313,5,63947,14978,Debit Card,,
14042,6/30/2025,Lakshay Konda,North,Chandigarh,Furniture,Table,Table Pariatur,5,67069,20,268276,46457,UPI,,
14043,6/14/2024,Elakshi Mann,West,Pune,Kitchen,Cookware Set,Cookware Set Laborum,4,43358,15,147417,7648,COD,,
14044,9/15/2024,Fateh Gola,East,Guwahati,Home Decor,Clock,Clock Amet,5,71542,5,339825,35606,Net Banking,,
14045,9/20/2024,Nishith Ram,West,Ahmedabad,Beauty,Shampoo,Shampoo Nulla,3,28596,15,72920,5573,Credit Card,,
14046,8/4/2025,Saira Banik,West,Pune,Kitchen,Mixer Grinder,Mixer Grinder In,3,58593,20,140623,32834,COD,,
14047,6/5/2025,Pihu Ravi,West,Goa,Home Decor,Wall Art,Wall Art Molestiae,2,13415,15,22806,1501,UPI,,
14048,11/20/2024,Neelofar Borde,North,Delhi,Toys,Board Game,Board Game Sint,3,38876,15,99134,11933,COD,,
14049,2/13/2024,Myra Divan,North,Amritsar,Kitchen,Cookware Set,Cookware Set Quibusdam,2,41159,20,65854,8012,UPI,,
14050,3/25/2025,Priyansh Wadhwa,South,Bangalore,Books,Textbook,Textbook Natus,5,15648,0,78240,4831,Debit Card,,
14051,9/18/2025,Uthkarsh Bhatnagar,West,Ahmedabad,Groceries,Wheat,Wheat Eaque,1,22918,0,22918,4916,COD,,
14052,2/17/2025,Khushi Reddy,West,Pune,Clothing,Shoes,Shoes Iste,2,52822,20,84515,18381,Credit Card,,
14053,10/26/2024,Kavya Goel,South,Chennai,Electronics,Camera,Camera Libero,3,68992,0,206976,38712,Credit Card,,
14054,2/7/2025,Mohanlal Chaudhry,South,Bangalore,Books,Textbook,Textbook Non,2,67277,15,114371,20679,COD,,
14055,5/19/2025,Aaryahi Madan,South,Bangalore,Home Decor,Wall Art,Wall Art Quod,5,76037,10,342167,44452,Credit Card,,
14056,10/4/2023,Hazel Sinha,East,Guwahati,Home Decor,Vase,Vase Vitae,3,7716,20,18518,2274,COD,,
14057,4/3/2024,Trisha Bansal,South,Thiruvananthapuram,Toys,RC Car,RC Car Provident,4,8252,5,31358,3170,Debit Card,,
14058,8/8/2025,Ela Khatri,West,Mumbai,Beauty,Foundation,Foundation Debitis,5,60053,20,240212,17200,Credit Card,,
14059,12/31/2024,Kashvi Bedi,West,Mumbai,Electronics,Smartwatch,Smartwatch Atque,4,53880,15,183192,18755,UPI,,
14060,9/3/2025,Kartik Jha,South,Coimbatore,Clothing,Accessories,Accessories Repellat,1,53148,15,45176,4358,Credit Card,,
14061,6/19/2025,Ishita Sarin,North,Jaipur,Home Decor,Vase,Vase Tempore,5,20333,15,86415,9458,Debit Card,,
14062,12/30/2023,Aradhya Kapoor,East,Kolkata,Sports,Dumbbells,Dumbbells Eaque,2,65420,15,111214,23393,COD,,
14063,5/19/2024,Reyansh Aurora,West,Surat,Home Decor,Wall Art,Wall Art In,1,45126,10,40613,9733,Debit Card,,
14064,7/22/2024,Adah Gopal,West,Ahmedabad,Kitchen,Microwave,Microwave Cupiditate,3,59533,15,151809,10912,Credit Card,,
14065,4/2/2024,Dharmajan Kakar,West,Pune,Kitchen,Refrigerator,Refrigerator Veritatis,1,16046,0,16046,826,UPI,,
14066,2/4/2025,Piya Sanghvi,East,Guwahati,Toys,Puzzle,Puzzle Enim,3,61532,0,184596,32164,Credit Card,,
14067,4/17/2024,Saksham Srivastava,North,Chandigarh,Toys,Board Game,Board Game Quae,5,27936,15,118728,16896,Credit Card,,
14068,2/26/2025,Mishti Sibal,West,Ahmedabad,Beauty,Shampoo,Shampoo Velit,1,71060,0,71060,4135,Net Banking,,
14069,4/18/2024,Ryan Sha,West,Ahmedabad,Sports,Cricket Bat,Cricket Bat Incidunt,5,39811,15,169197,13456,Debit Card,,
14070,7/30/2025,Anika Dugal,South,Hyderabad,Toys,RC Car,RC Car Enim,1,41941,20,33553,6368,COD,,
14071,8/5/2024,Saksham Datta,East,Guwahati,Kitchen,Cookware Set,Cookware Set Dignissimos,5,51710,20,206840,23176,Credit Card,,
14072,10/5/2023,Dhanuk Kamdar,South,Hyderabad,Toys,RC Car,RC Car Distinctio,2,19867,20,31787,5819,Credit Card,,
14073,11/6/2024,Shray Gaba,East,Ranchi,Kitchen,Juicer,Juicer Veritatis,4,23656,5,89893,11149,Credit Card,,
14074,11/30/2024,Chirag Kothari,East,Guwahati,Clothing,Accessories,Accessories Nihil,2,51737,10,93127,9278,Net Banking,,
14075,1/11/2024,Jayesh Ratti,West,Goa,Groceries,Spices,Spices Officia,3,25115,5,71578,16041,Credit Card,,
14076,12/11/2023,Adah Rau,East,Bhubaneswar,Toys,RC Car,RC Car Corrupti,3,32954,0,98862,7368,UPI,,
14077,8/12/2025,Amira Karnik,East,Patna,Beauty,Shampoo,Shampoo Ducimus,3,77262,10,208607,41335,Debit Card,,
14078,10/8/2024,Pihu Balan,South,Hyderabad,Sports,Tennis Racket,Tennis Racket Dolorem,3,32059,5,91368,4891,Net Banking,,
14079,11/17/2023,Saira Gala,East,Bhubaneswar,Clothing,Accessories,Accessories Nulla,5,72820,10,327690,25776,Credit Card,,
14080,9/27/2024,Rasha Ram,West,Goa,Home Decor,Cushion,Cushion Voluptatibus,1,3009,0,3009,174,COD,,
14081,3/7/2025,Samiha Dugar,South,Thiruvananthapuram,Books,Non-Fiction,Non-Fiction Nemo,1,20833,0,20833,4425,COD,,
14082,5/19/2025,Lavanya Dubey,East,Patna,Kitchen,Mixer Grinder,Mixer Grinder Natus,5,15635,5,74266,8306,COD,,
14083,3/17/2025,Samar Dutta,South,Hyderabad,Toys,RC Car,RC Car Corrupti,1,61389,10,55250,6417,Net Banking,,
14084,12/22/2024,Heer Johal,North,Jaipur,Clothing,Women's Wear,Women's Wear Deserunt,4,78422,20,250950,35256,COD,,
14085,7/1/2024,Gokul Karnik,East,Patna,Home Decor,Clock,Clock Distinctio,5,78937,10,355217,38823,COD,,
14086,4/15/2025,Lakshay Batra,North,Chandigarh,Books,Non-Fiction,Non-Fiction Aspernatur,1,73404,10,66064,7546,Net Banking,,
14087,1/14/2024,Ira Lad,West,Goa,Toys,Puzzle,Puzzle Molestiae,2,52740,10,94932,23326,Credit Card,,
14088,1/7/2025,Ritvik Badal,East,Kolkata,Electronics,Smartwatch,Smartwatch Totam,2,66812,5,126943,23583,Credit Card,,
14089,5/25/2024,Kismat Ramesh,East,Bhubaneswar,Electronics,Laptop,Laptop Accusantium,4,18171,5,69050,4879,Debit Card,,
14090,8/10/2025,Rasha Ramesh,West,Mumbai,Books,Comics,Comics Inventore,4,10022,0,40088,7333,Debit Card,,
14091,10/6/2023,Badal Lala,North,Amritsar,Beauty,Shampoo,Shampoo Minus,5,4668,10,21006,1257,Debit Card,,
14092,5/23/2025,Uthkarsh Jani,North,Jaipur,Home Decor,Cushion,Cushion Neque,2,77715,5,147659,7476,Credit Card,,
14093,12/23/2023,Azad Sanghvi,East,Ranchi,Books,Comics,Comics Similique,3,2739,20,6574,1124,Credit Card,,
14094,7/13/2024,Samarth Sura,East,Guwahati,Furniture,Sofa,Sofa Expedita,3,46207,5,131690,32484,Credit Card,,
14095,4/13/2025,Urvi Saraf,West,Goa,Furniture,Chair,Chair Labore,2,23121,0,46242,7892,Debit Card,,
14096,6/19/2025,Shayak Sarna,East,Bhubaneswar,Groceries,Rice,Rice Dolorem,3,73666,15,187848,14179,Credit Card,,
14097,7/23/2025,Suhana Mallick,West,Surat,Furniture,Sofa,Sofa Beatae,5,32839,0,164195,30693,Net Banking,,
14098,9/5/2025,Mannat Chad,East,Guwahati,Groceries,Oil,Oil Iusto,5,20467,10,92102,5299,Net Banking,,
14099,9/1/2024,Krish Sinha,South,Hyderabad,Toys,RC Car,RC Car Assumenda,1,69771,20,55817,4734,Debit Card,,
14100,8/25/2024,Trisha Goswami,West,Goa,Beauty,Face Cream,Face Cream Amet,1,279,5,265,23,Net Banking,,
14101,11/8/2024,Yasmin Badami,West,Goa,Furniture,Chair,Chair Ut,5,49580,5,235505,31151,COD,,
14102,5/21/2024,Vihaan Bhatti,North,Jaipur,Home Decor,Lamp,Lamp Numquam,2,22225,20,35560,2234,Net Banking,,
14103,3/19/2025,Shlok Srinivas,West,Ahmedabad,Clothing,Shoes,Shoes Numquam,2,27110,20,43376,6949,COD,,
14104,5/23/2025,Ishita Comar,West,Ahmedabad,Books,Non-Fiction,Non-Fiction Laborum,3,69391,15,176947,31047,Net Banking,,
14105,12/3/2024,Himmat Sandhu,North,Delhi,Sports,Dumbbells,Dumbbells Dolores,5,46020,20,184080,43927,UPI,,
14106,8/19/2025,Yuvraj  Varghese,South,Chennai,Toys,Board Game,Board Game Perspiciatis,3,36265,20,87036,17675,Debit Card,,
14107,5/2/2025,Nayantara Kata,North,Delhi,Furniture,Bed,Bed Ab,1,53195,10,47876,3041,COD,,
14108,5/27/2025,Chirag Iyengar,South,Bangalore,Beauty,Face Cream,Face Cream Ad,5,63549,20,254196,13759,Credit Card,,
14109,3/29/2024,Vardaniya Vora,West,Surat,Beauty,Lipstick,Lipstick Atque,1,59706,15,50750,5886,Net Banking,,
14110,6/30/2025,Shaan Dhar,East,Kolkata,Groceries,Spices,Spices Doloremque,3,2210,5,6299,1100,Net Banking,,
14111,11/8/2024,Eshani Ganguly,North,Jaipur,Books,Comics,Comics Quibusdam,3,725,15,1849,432,Debit Card,,
14112,4/15/2024,Chirag Master,South,Chennai,Beauty,Shampoo,Shampoo Eaque,4,59559,10,214412,14569,Debit Card,,
14113,4/17/2025,Riya Yohannan,West,Pune,Kitchen,Mixer Grinder,Mixer Grinder Minus,5,58401,20,233604,57791,Debit Card,,
14114,6/5/2024,Mehul Sarraf,West,Mumbai,Furniture,Sofa,Sofa Facere,5,32673,10,147029,35637,COD,,
14115,11/30/2023,Pihu Das,East,Bhubaneswar,Home Decor,Cushion,Cushion Debitis,3,2073,20,4975,899,COD,,
14116,7/11/2025,Adira Dhingra,North,Amritsar,Furniture,Cabinet,Cabinet Aut,2,63417,0,126834,14329,UPI,,
14117,1/13/2025,Mannat Ramakrishnan,North,Lucknow,Home Decor,Wall Art,Wall Art Vitae,2,23065,10,41517,9031,Net Banking,,
14118,5/3/2024,Nitya Bobal,North,Delhi,Home Decor,Cushion,Cushion Nam,3,53861,15,137346,19064,UPI,,
14119,7/19/2024,Nakul Kade,North,Chandigarh,Furniture,Table,Table A,4,1061,5,4032,374,UPI,,
14120,10/6/2023,Purab Gole,North,Delhi,Home Decor,Clock,Clock Ducimus,4,65895,15,224043,55563,Credit Card,,
14121,11/21/2023,Yakshit Dhingra,East,Bhubaneswar,Groceries,Spices,Spices Dicta,4,66959,5,254444,37018,Credit Card,,
14122,10/1/2025,Aaryahi Lalla,West,Ahmedabad,Furniture,Table,Table Distinctio,3,30623,10,82682,10027,Credit Card,,
14123,8/7/2025,Khushi Venkatesh,South,Bangalore,Clothing,Shoes,Shoes Velit,5,9465,5,44959,5743,Credit Card,,
14124,1/22/2025,Samarth Dhillon,South,Chennai,Toys,Puzzle,Puzzle Expedita,3,27437,10,74080,9604,Net Banking,,
14125,9/8/2024,Anaya Char,East,Patna,Home Decor,Cushion,Cushion Veniam,5,18377,20,73508,17559,Net Banking,,
14126,6/12/2024,Suhana Tank,West,Mumbai,Toys,Board Game,Board Game Quia,5,1056,5,5016,610,Debit Card,,
14127,10/24/2024,Indranil Bhardwaj,West,Pune,Kitchen,Microwave,Microwave Debitis,1,71294,20,57035,5297,UPI,,
14128,12/28/2023,Nehmat Bahri,South,Bangalore,Sports,Football,Football Exercitationem,5,17924,15,76177,9594,UPI,,
14129,9/28/2024,Shlok Kamdar,North,Jaipur,Clothing,Women's Wear,Women's Wear Fugiat,1,46429,0,46429,8711,Debit Card,,
14130,4/12/2024,Arnav Agate,South,Thiruvananthapuram,Beauty,Foundation,Foundation Facilis,1,29993,10,26994,3261,Net Banking,,
14131,3/30/2025,Uthkarsh Chad,South,Chennai,Furniture,Table,Table Atque,3,21040,5,59964,10277,COD,,
14132,12/22/2024,Shayak Mahajan,East,Guwahati,Home Decor,Wall Art,Wall Art Vero,1,51713,0,51713,6255,Debit Card,,
14133,4/30/2024,Lavanya Loke,East,Bhubaneswar,Home Decor,Lamp,Lamp Ratione,2,4787,20,7659,1717,Net Banking,,
14134,8/23/2025,Aarush Wadhwa,West,Surat,Books,Textbook,Textbook Omnis,4,37107,0,148428,30282,Debit Card,,
14135,2/20/2025,Divyansh Sarna,South,Thiruvananthapuram,Furniture,Cabinet,Cabinet Repellendus,5,32581,20,130324,18180,Credit Card,,
14136,10/30/2023,Lagan Kaul,North,Amritsar,Beauty,Lipstick,Lipstick Tempora,5,36765,5,174634,39513,Credit Card,,
14137,10/12/2024,Baiju Ben,North,Amritsar,Beauty,Shampoo,Shampoo Earum,5,33468,0,167340,21071,COD,,
14138,5/23/2025,Baiju Sane,South,Bangalore,Toys,Action Figure,Action Figure Dolorum,2,59500,5,113050,11859,COD,,
14139,9/23/2025,Rohan Vaidya,East,Bhubaneswar,Clothing,Women's Wear,Women's Wear Architecto,3,49280,0,147840,7524,Credit Card,,
14140,7/29/2024,Arhaan Char,North,Delhi,Electronics,Smartwatch,Smartwatch Veritatis,4,65337,15,222146,42294,Net Banking,,
14141,9/1/2025,Jiya Chanda,North,Chandigarh,Toys,Board Game,Board Game Earum,5,62065,20,248260,29959,Net Banking,,
14142,8/19/2024,Samiha Mandal,West,Surat,Toys,RC Car,RC Car Qui,1,17378,5,16509,3058,Credit Card,,
14143,5/6/2025,Keya Rout,South,Thiruvananthapuram,Books,Non-Fiction,Non-Fiction Sit,5,13798,0,68990,10149,Net Banking,,
14144,5/23/2025,Samar Wason,South,Chennai,Home Decor,Cushion,Cushion Ipsum,3,52248,20,125395,13850,UPI,,
14145,6/15/2024,Nayantara Kohli,South,Chennai,Home Decor,Vase,Vase Nulla,3,51589,15,131552,32663,Net Banking,,
14146,9/21/2025,Bhavin Sastry,West,Ahmedabad,Furniture,Chair,Chair Sunt,1,59127,10,53214,9500,COD,,
14147,11/30/2023,Dhanuk Gola,West,Goa,Sports,Yoga Mat,Yoga Mat Fugit,4,34771,15,118221,26006,Debit Card,,
14148,3/1/2025,Vritika Tandon,South,Thiruvananthapuram,Kitchen,Refrigerator,Refrigerator Maiores,1,35166,5,33408,8347,UPI,,
14149,10/23/2024,Shray Chakrabarti,North,Chandigarh,Beauty,Face Cream,Face Cream Impedit,3,24213,5,69007,10987,Net Banking,,
14150,8/21/2024,Samiha Gupta,South,Hyderabad,Furniture,Table,Table Perferendis,5,52049,10,234221,37646,Net Banking,,
14151,6/16/2024,Jhanvi Sami,South,Chennai,Kitchen,Mixer Grinder,Mixer Grinder Necessitatibus,4,49743,10,179075,22260,Credit Card,,
14152,9/17/2024,Dishani Lad,East,Patna,Toys,Action Figure,Action Figure Non,2,1563,20,2501,418,UPI,,
14153,5/24/2025,Lakshay Thaman,East,Patna,Furniture,Sofa,Sofa Aperiam,1,35614,5,33833,8036,Net Banking,,
14154,3/26/2024,Anika Bumb,South,Chennai,Groceries,Sugar,Sugar Vero,3,33589,5,95729,13023,COD,,
14155,8/6/2024,Kiara Balay,East,Patna,Furniture,Sofa,Sofa Nemo,5,12156,10,54702,3633,UPI,,
14156,12/15/2024,Anya Ranganathan,West,Surat,Beauty,Lipstick,Lipstick Quis,4,10094,15,34320,3825,COD,,
14157,6/18/2025,Amira Dar,East,Guwahati,Home Decor,Lamp,Lamp Aperiam,5,8962,0,44810,3098,UPI,,
14158,8/28/2024,Aaina Shenoy,North,Jaipur,Sports,Dumbbells,Dumbbells Commodi,4,67533,15,229612,56187,Debit Card,,
14159,12/25/2023,Elakshi Din,South,Bangalore,Electronics,Smartwatch,Smartwatch Error,2,74898,5,142306,10168,Debit Card,,
14160,6/9/2025,Ivan Varkey,East,Guwahati,Toys,Doll,Doll Assumenda,2,15165,20,24264,5939,COD,,
14161,1/5/2024,Reyansh Agrawal,South,Thiruvananthapuram,Furniture,Table,Table Nihil,2,38880,5,73872,13951,UPI,,
14162,4/14/2024,Aniruddh Batra,North,Chandigarh,Electronics,Camera,Camera Maxime,5,26461,15,112459,17768,COD,,
14163,8/5/2025,Advik Ganesan,North,Jaipur,Groceries,Spices,Spices Minus,1,24904,5,23659,2127,Debit Card,,
14164,5/1/2024,Raghav Bhat,North,Jaipur,Books,Comics,Comics Doloribus,4,12589,20,40285,4654,Debit Card,,
14165,11/17/2024,Samaira Hegde,North,Jaipur,Sports,Tennis Racket,Tennis Racket Doloremque,2,29344,0,58688,4597,Net Banking,,
14166,1/21/2024,Ehsaan Date,North,Lucknow,Beauty,Perfume,Perfume Dignissimos,1,9083,15,7721,1854,Debit Card,,
14167,12/8/2023,Kismat Batra,North,Jaipur,Clothing,Shoes,Shoes Magnam,1,79625,0,79625,4507,Net Banking,,
14168,7/9/2024,Charvi Dua,West,Pune,Sports,Yoga Mat,Yoga Mat Dolorum,5,15766,20,63064,11775,COD,,
14169,8/26/2025,Hridaan Raj,West,Goa,Clothing,Women's Wear,Women's Wear Sapiente,1,29337,20,23470,5251,COD,,
14170,5/7/2024,Zoya Ranganathan,East,Ranchi,Sports,Tennis Racket,Tennis Racket Sit,1,72627,10,65364,11783,UPI,,
14171,8/31/2025,Nayantara Chatterjee,South,Thiruvananthapuram,Kitchen,Microwave,Microwave Officiis,4,21963,10,79067,5246,Credit Card,,
14172,5/25/2024,Jayesh Sachdeva,South,Hyderabad,Sports,Tennis Racket,Tennis Racket Consequuntur,2,64873,0,129746,22510,COD,,
14173,6/13/2025,Navya Sur,North,Chandigarh,Home Decor,Clock,Clock Doloribus,5,9075,10,40838,3607,Credit Card,,
14174,8/25/2025,Jayan Chatterjee,West,Pune,Books,Biography,Biography At,3,15699,5,44742,3936,Debit Card,,
14175,3/11/2025,Zain Dalal,East,Guwahati,Beauty,Perfume,Perfume Earum,5,2063,10,9284,2312,Credit Card,,
14176,9/22/2024,Saira Contractor,North,Delhi,Toys,Action Figure,Action Figure Rerum,5,12698,0,63490,12308,Credit Card,,
14177,6/24/2025,Vihaan Dash,North,Delhi,Kitchen,Refrigerator,Refrigerator Fugit,2,43826,5,83269,7827,UPI,,
14178,6/2/2024,Aaina Deshmukh,East,Kolkata,Home Decor,Vase,Vase Necessitatibus,2,12439,15,21146,4550,Credit Card,,
14179,4/30/2025,Nirvi Sarma,South,Bangalore,Groceries,Wheat,Wheat Doloribus,4,64044,15,217750,49611,UPI,,
14180,5/27/2025,Raghav Krish,East,Patna,Sports,Dumbbells,Dumbbells Omnis,4,23926,20,76563,4002,COD,,
14181,6/13/2025,Vivaan Gaba,South,Bangalore,Furniture,Sofa,Sofa Aliquam,4,70320,20,225024,16711,UPI,,
14182,6/21/2025,Reyansh Chakraborty,South,Bangalore,Furniture,Bed,Bed Tempore,1,74023,15,62920,8388,Net Banking,,
14183,5/11/2025,Mohanlal Bhatia,West,Surat,Furniture,Chair,Chair Odit,4,48409,15,164591,8634,UPI,,
14184,5/28/2024,Yakshit Gola,South,Bangalore,Toys,RC Car,RC Car Iure,2,230,10,414,98,UPI,,
14185,6/8/2024,Kashvi Thakkar,East,Bhubaneswar,Furniture,Cabinet,Cabinet Nemo,5,31332,10,140994,11583,UPI,,
14186,12/19/2023,Pari Varghese,South,Chennai,Kitchen,Microwave,Microwave Fugiat,4,21976,20,70323,7713,Debit Card,,
14187,6/23/2025,Rania Wali,North,Lucknow,Kitchen,Refrigerator,Refrigerator Voluptates,4,36482,20,116742,23265,Debit Card,,
14188,2/1/2025,Badal Raju,South,Hyderabad,Clothing,Shoes,Shoes Repellendus,4,31211,10,112360,7794,UPI,,
14189,9/1/2025,Navya Mann,North,Chandigarh,Clothing,Shoes,Shoes Incidunt,4,61371,20,196387,43158,Net Banking,,
14190,11/6/2024,Dhanush Edwin,East,Guwahati,Sports,Tennis Racket,Tennis Racket Mollitia,3,72788,10,196528,11012,UPI,,
14191,8/28/2024,Elakshi Kashyap,South,Hyderabad,Sports,Football,Football Dolore,2,12211,10,21980,2178,Credit Card,,
14192,3/20/2025,Bhavin Sarraf,North,Jaipur,Groceries,Spices,Spices Libero,1,53546,5,50869,9767,Debit Card,,
14193,8/10/2024,Madhup Mannan,South,Coimbatore,Home Decor,Lamp,Lamp Repellat,5,3817,20,15268,3502,COD,,
14194,6/14/2025,Trisha Dugal,West,Mumbai,Beauty,Lipstick,Lipstick Beatae,2,10710,0,21420,2772,COD,,
14195,7/17/2025,Dishani Sama,East,Patna,Groceries,Spices,Spices Odit,2,37310,10,67158,15052,Credit Card,,
14196,11/22/2023,Lagan Korpal,South,Thiruvananthapuram,Toys,Board Game,Board Game Quis,1,28382,20,22706,1708,Debit Card,,
14197,7/11/2024,Tanya Master,South,Chennai,Home Decor,Lamp,Lamp Reprehenderit,1,4180,0,4180,947,Net Banking,,
14198,8/9/2025,Stuvan Kant,South,Bangalore,Sports,Dumbbells,Dumbbells Est,4,13266,10,47758,5780,Net Banking,,
14199,1/31/2025,Ehsaan Dass,East,Patna,Furniture,Table,Table Itaque,4,1192,10,4291,684,UPI,,
14200,8/3/2024,Neysa Sachdeva,West,Goa,Kitchen,Microwave,Microwave Corrupti,2,22884,15,38903,4447,Debit Card,,
14201,8/14/2025,Reyansh Goel,West,Pune,Sports,Football,Football Sunt,4,2979,0,11916,2161,Debit Card,,
14202,3/27/2024,Kashvi Garde,South,Coimbatore,Home Decor,Lamp,Lamp Accusantium,4,50408,20,161306,25932,Credit Card,,
14203,9/22/2025,Lakshit Shah,South,Chennai,Furniture,Cabinet,Cabinet Aspernatur,3,61023,15,155609,19574,COD,,
14204,10/27/2024,Keya Dâ€™Alia,West,Goa,Books,Non-Fiction,Non-Fiction Hic,3,10491,20,25178,1862,Credit Card,,
14205,11/12/2023,Amani Chatterjee,East,Ranchi,Beauty,Lipstick,Lipstick Recusandae,5,24144,10,108648,18929,Debit Card,,
14206,3/25/2024,Prisha Bassi,West,Mumbai,Furniture,Bed,Bed Magnam,4,21184,0,84736,17468,COD,,
14207,1/4/2024,Darshit Chaudhry,East,Guwahati,Home Decor,Cushion,Cushion Cumque,3,73674,5,209971,14653,Credit Card,,
14208,12/4/2024,Faiyaz Thaman,East,Kolkata,Home Decor,Cushion,Cushion Temporibus,1,56656,10,50990,9654,UPI,,
14209,8/19/2024,Vedika Mani,West,Goa,Sports,Football,Football Recusandae,2,20315,20,32504,6392,Credit Card,,
14210,6/18/2024,Amani Hegde,South,Chennai,Furniture,Bed,Bed Inventore,5,20550,10,92475,18053,Debit Card,,
14211,2/15/2024,Miraan Gupta,East,Guwahati,Clothing,Shoes,Shoes Quae,5,52761,10,237425,52747,Debit Card,,
14212,6/14/2024,Tiya Hans,West,Goa,Furniture,Chair,Chair Voluptate,4,74329,5,282450,39219,UPI,,
14213,2/9/2025,Neelofar Maharaj,East,Guwahati,Groceries,Wheat,Wheat Laudantium,1,4288,15,3645,489,Debit Card,,
14214,9/20/2025,Shayak Mani,East,Guwahati,Clothing,Kids Wear,Kids Wear Doloremque,5,38267,15,162635,33371,Debit Card,,
14215,5/29/2025,Tejas Saran,East,Bhubaneswar,Groceries,Oil,Oil Accusantium,1,74519,15,63341,11504,UPI,,
14216,12/19/2024,Samiha Aurora,South,Bangalore,Electronics,Smartwatch,Smartwatch Iste,2,12655,5,24045,3045,UPI,,
14217,6/28/2025,Jayant Varty,South,Hyderabad,Furniture,Table,Table Magni,4,71098,5,270172,55080,Net Banking,,
14218,8/21/2024,Samarth Wali,North,Lucknow,Electronics,Smartwatch,Smartwatch Sapiente,2,16477,0,32954,5043,COD,,
14219,11/5/2023,Vaibhav Buch,East,Kolkata,Beauty,Perfume,Perfume Optio,1,25646,20,20517,4654,COD,,
14220,6/18/2025,Piya Mallick,South,Thiruvananthapuram,Home Decor,Wall Art,Wall Art Nobis,1,73009,0,73009,12226,UPI,,
14221,10/18/2024,Anay Ramachandran,North,Amritsar,Beauty,Face Cream,Face Cream Mollitia,1,10072,5,9568,1573,UPI,,
14222,10/16/2023,Dhruv Sodhi,West,Ahmedabad,Home Decor,Cushion,Cushion Nemo,3,37533,10,101339,22912,Net Banking,,
14223,6/15/2024,Oorja Virk,West,Mumbai,Kitchen,Refrigerator,Refrigerator A,4,76139,10,274100,39517,COD,,
14224,2/27/2024,Kiaan Ben,West,Ahmedabad,Beauty,Face Cream,Face Cream Facere,2,9823,0,19646,1444,UPI,,
14225,5/2/2025,Aniruddh Mander,North,Amritsar,Books,Biography,Biography Temporibus,1,70399,5,66879,15026,COD,,
14226,3/5/2025,Inaaya  Garg,South,Chennai,Books,Textbook,Textbook Iusto,5,68461,20,273844,47658,UPI,,
14227,12/1/2023,Misha Suri,East,Bhubaneswar,Groceries,Spices,Spices Nostrum,4,4994,10,17978,2590,Net Banking,,
14228,11/8/2023,Divit Deep,West,Goa,Sports,Dumbbells,Dumbbells Itaque,2,78935,20,126296,14275,Net Banking,,
14229,8/2/2024,Kanav Vohra,West,Pune,Clothing,Kids Wear,Kids Wear Error,5,59010,5,280298,33129,Credit Card,,
14230,8/28/2025,Damini Rajagopal,South,Hyderabad,Toys,RC Car,RC Car Ad,3,28330,20,67992,7625,Net Banking,,
14231,9/13/2024,Sana Shenoy,West,Ahmedabad,Home Decor,Lamp,Lamp Veritatis,5,63067,0,315335,16131,Net Banking,,
14232,8/31/2024,Bhamini Tata,South,Chennai,Home Decor,Clock,Clock Assumenda,1,73694,5,70009,13909,Net Banking,,
14233,5/6/2024,Shlok Gandhi,South,Chennai,Kitchen,Microwave,Microwave Et,2,20624,5,39186,4905,Credit Card,,
14234,3/21/2025,Darshit Kurian,East,Ranchi,Books,Comics,Comics Culpa,2,29523,15,50189,4620,COD,,
14235,7/14/2025,Baiju Kapoor,East,Kolkata,Electronics,Laptop,Laptop Molestiae,4,14833,5,56365,7039,COD,,
14236,9/17/2024,Shayak Rana,East,Patna,Groceries,Sugar,Sugar Iure,5,47334,0,236670,13160,Net Banking,,
14237,2/21/2024,Darshit Gupta,South,Thiruvananthapuram,Toys,Action Figure,Action Figure Iure,2,8882,20,14211,2223,UPI,,
14238,10/9/2023,Jivika Malhotra,East,Ranchi,Kitchen,Mixer Grinder,Mixer Grinder Illum,4,60473,20,193514,19017,Net Banking,,
14239,10/25/2024,Indranil Kalla,North,Delhi,Furniture,Cabinet,Cabinet Earum,5,64907,20,259628,28981,Debit Card,,
14240,5/2/2025,Seher Shroff,East,Ranchi,Clothing,Kids Wear,Kids Wear Quas,3,47018,10,126949,27641,COD,,
14241,2/28/2025,Faiyaz Ravel,North,Delhi,Clothing,Accessories,Accessories Reprehenderit,5,10645,5,50564,3476,Net Banking,,
14242,11/15/2023,Purab Dada,North,Lucknow,Groceries,Wheat,Wheat Doloribus,2,3538,10,6368,1309,Debit Card,,
14243,2/25/2024,Dhanuk Dâ€™Alia,North,Lucknow,Toys,Doll,Doll Assumenda,1,30214,5,28703,3669,COD,,
14244,3/24/2025,Badal Tank,North,Amritsar,Furniture,Cabinet,Cabinet Hic,5,28829,5,136938,8605,UPI,,
14245,6/5/2025,Zara Hegde,West,Mumbai,Toys,RC Car,RC Car Quaerat,2,29462,20,47139,5968,Credit Card,,
14246,8/23/2024,Alia Wable,West,Goa,Kitchen,Juicer,Juicer Repellat,3,10640,0,31920,7782,Debit Card,,
14247,4/5/2024,Yakshit Biswas,North,Jaipur,Books,Non-Fiction,Non-Fiction Numquam,3,21351,15,54445,3384,Credit Card,,
14248,3/1/2025,Anika Reddy,South,Bangalore,Toys,Action Figure,Action Figure Inventore,4,26258,10,94529,18224,UPI,,
14249,2/20/2025,Armaan Shanker,East,Ranchi,Home Decor,Cushion,Cushion Cumque,4,63506,5,241323,30833,Debit Card,,
14250,12/14/2023,Gokul Dixit,West,Pune,Clothing,Kids Wear,Kids Wear Ducimus,2,51286,20,82058,15125,COD,,
14251,1/21/2024,Ryan Bedi,West,Mumbai,Beauty,Lipstick,Lipstick Voluptates,1,7746,15,6584,508,Credit Card,,
14252,9/27/2024,Inaaya  Mani,West,Goa,Clothing,Men's Wear,Men's Wear Repudiandae,5,61650,5,292838,19061,UPI,,
14253,1/4/2024,Piya Ganesan,South,Coimbatore,Electronics,Laptop,Laptop Consectetur,3,5806,5,16547,1377,Net Banking,,
14254,2/19/2024,Romil Saxena,West,Surat,Sports,Cricket Bat,Cricket Bat Sit,1,22765,0,22765,3158,Debit Card,,
14255,4/2/2025,Chirag Taneja,East,Ranchi,Sports,Football,Football Ullam,4,76904,20,246093,35906,COD,,
14256,12/13/2024,Seher Brar,West,Surat,Toys,Doll,Doll Ex,5,54945,0,274725,67364,COD,,
14257,6/3/2024,Inaaya  Seth,West,Surat,Clothing,Shoes,Shoes Distinctio,4,45978,15,156325,21389,COD,,
14258,9/15/2025,Ryan Yohannan,South,Hyderabad,Electronics,Mobile,Mobile Itaque,3,62376,20,149702,15843,UPI,,
14259,6/4/2024,Purab Raju,West,Surat,Sports,Tennis Racket,Tennis Racket Cum,2,38895,0,77790,16917,Net Banking,,
14260,11/24/2024,Lavanya Chandran,East,Guwahati,Clothing,Men's Wear,Men's Wear Consequatur,2,46794,15,79550,19602,Credit Card,,
14261,8/24/2024,Madhav Sahni,North,Chandigarh,Furniture,Sofa,Sofa Maiores,2,68892,10,124006,22524,COD,,
14262,10/13/2024,Anvi Madan,West,Mumbai,Beauty,Face Cream,Face Cream Repellat,2,10779,10,19402,4299,Credit Card,,
14263,5/14/2025,Mohanlal Bath,North,Delhi,Books,Biography,Biography Iusto,2,70763,15,120297,28267,COD,,
14264,2/7/2024,Madhup Kunda,East,Bhubaneswar,Kitchen,Juicer,Juicer Error,2,17580,20,28128,3697,UPI,,
14265,3/30/2024,Ayesha Bhasin,East,Ranchi,Books,Textbook,Textbook Deleniti,4,24736,10,89050,21096,COD,,
14266,10/29/2023,Ritvik Lad,North,Chandigarh,Kitchen,Juicer,Juicer Officia,4,40532,10,145915,16116,COD,,
14267,5/21/2025,Sana Sampath,South,Bangalore,Clothing,Accessories,Accessories Debitis,4,47375,20,151600,10673,COD,,
14268,7/27/2024,Aarna Borra,South,Thiruvananthapuram,Sports,Dumbbells,Dumbbells Sunt,2,5533,5,10513,2382,COD,,
14269,7/1/2025,Drishya Das,East,Ranchi,Toys,RC Car,RC Car Quis,4,13805,15,46937,8047,Net Banking,,
14270,8/29/2024,Zaina Bath,South,Hyderabad,Beauty,Shampoo,Shampoo Dolorem,1,34991,5,33241,2305,COD,,
14271,6/23/2025,Miraan Dugar,North,Amritsar,Groceries,Oil,Oil Doloremque,2,41040,5,77976,14178,Debit Card,,
14272,8/25/2025,Anay Ganesan,East,Guwahati,Beauty,Shampoo,Shampoo Quia,4,45218,0,180872,22032,COD,,
14273,6/27/2024,Zaina Ben,West,Ahmedabad,Sports,Tennis Racket,Tennis Racket Illo,3,69029,10,186378,39813,UPI,,
14274,11/18/2024,Nakul Jani,North,Chandigarh,Electronics,Headphones,Headphones Deserunt,1,52689,20,42151,7151,Debit Card,,
14275,6/6/2024,Miraya Kara,South,Bangalore,Clothing,Accessories,Accessories Nesciunt,5,23891,20,95564,7876,Credit Card,,
14276,10/28/2024,Nishith Thaker,West,Pune,Beauty,Perfume,Perfume Illo,1,37645,5,35763,5645,Net Banking,,
14277,9/7/2025,Saksham Sodhi,West,Mumbai,Sports,Tennis Racket,Tennis Racket Ratione,3,41904,20,100570,16721,COD,,
14278,10/17/2024,Amani Deol,South,Bangalore,Clothing,Women's Wear,Women's Wear Quasi,5,54701,20,218804,15468,COD,,
14279,9/6/2025,Damini Raju,South,Hyderabad,Books,Comics,Comics Earum,5,63067,10,283802,48807,Credit Card,,
14280,1/24/2025,Darshit Kant,South,Coimbatore,Sports,Yoga Mat,Yoga Mat Dicta,5,44673,10,201029,37127,Credit Card,,
14281,5/24/2024,Khushi Batta,West,Ahmedabad,Home Decor,Wall Art,Wall Art Aperiam,5,52704,10,237168,21960,Debit Card,,
14282,1/29/2024,Ayesha Reddy,East,Patna,Sports,Tennis Racket,Tennis Racket Perferendis,4,50385,10,181386,41433,Credit Card,,
14283,7/29/2024,Zain Baria,South,Chennai,Groceries,Sugar,Sugar Ratione,1,76908,5,73063,9415,Debit Card,,
14284,11/28/2024,Kartik Garg,South,Hyderabad,Electronics,Camera,Camera Quas,4,1868,20,5978,951,Credit Card,,
14285,10/2/2024,Ehsaan Babu,South,Coimbatore,Groceries,Wheat,Wheat Molestias,5,68716,20,274864,25784,UPI,,
14286,7/2/2025,Miraya Srivastava,West,Surat,Books,Non-Fiction,Non-Fiction Eos,3,52623,5,149976,27730,UPI,,
14287,6/1/2025,Manjari Mangal,South,Hyderabad,Beauty,Shampoo,Shampoo Impedit,4,55056,15,187190,32130,UPI,,
14288,8/4/2024,Advika Bora,East,Guwahati,Beauty,Foundation,Foundation Ea,2,15877,5,30166,4820,UPI,,
14289,8/29/2025,Charvi Mandal,North,Jaipur,Kitchen,Cookware Set,Cookware Set Vero,1,18809,15,15988,3255,Debit Card,,
14290,4/4/2025,Neelofar Bhatt,West,Pune,Toys,Board Game,Board Game Repudiandae,5,29911,20,119644,15341,Debit Card,,
14291,10/6/2023,Aaryahi Ganesh,East,Kolkata,Home Decor,Cushion,Cushion Eaque,3,2953,15,7530,1491,COD,,
14292,6/24/2024,Lakshay Lata,East,Bhubaneswar,Home Decor,Wall Art,Wall Art Dicta,1,37239,10,33515,4856,Debit Card,,
14293,9/24/2025,Lavanya Shan,North,Chandigarh,Books,Textbook,Textbook Accusamus,2,27891,20,44626,3583,COD,,
14294,8/25/2024,Yuvaan Kumer,West,Surat,Home Decor,Cushion,Cushion Odio,1,36970,10,33273,1723,COD,,
14295,3/1/2025,Dhanuk Krish,South,Bangalore,Toys,Action Figure,Action Figure Mollitia,1,24383,5,23164,1717,Credit Card,,
14296,4/29/2025,Baiju Kuruvilla,North,Jaipur,Groceries,Spices,Spices Sapiente,2,44814,0,89628,21513,Debit Card,,
14297,7/8/2025,Shanaya Yohannan,East,Bhubaneswar,Beauty,Foundation,Foundation Eius,4,77743,0,310972,46204,Net Banking,,
14298,12/21/2024,Tiya Dutta,East,Guwahati,Clothing,Men's Wear,Men's Wear Maxime,4,74791,0,299164,34059,Net Banking,,
14299,8/21/2025,Ojas Sem,South,Thiruvananthapuram,Sports,Cricket Bat,Cricket Bat Laudantium,2,28331,0,56662,8549,UPI,,
14300,5/4/2024,Amani Andra,East,Guwahati,Electronics,Camera,Camera Eligendi,3,63442,20,152261,27540,COD,,
14301,11/11/2024,Ela Koshy,South,Thiruvananthapuram,Sports,Cricket Bat,Cricket Bat Necessitatibus,4,14991,10,53968,7196,UPI,,
14302,7/11/2025,Darshit Sampath,West,Goa,Groceries,Wheat,Wheat Consequuntur,2,52692,15,89576,14285,Debit Card,,
14303,5/22/2025,Divyansh Ravel,West,Pune,Books,Non-Fiction,Non-Fiction Molestiae,1,15829,20,12663,3023,UPI,,
14304,10/7/2023,Badal Krish,East,Guwahati,Furniture,Sofa,Sofa Labore,4,11278,15,38345,5988,UPI,,
14305,12/9/2024,Dishani Das,West,Goa,Electronics,Headphones,Headphones Laboriosam,2,23079,10,41542,3033,Net Banking,,
14306,1/15/2025,Nayantara Setty,West,Surat,Groceries,Spices,Spices Earum,1,60192,5,57182,3544,Debit Card,,
14307,7/24/2024,Misha Kota,North,Chandigarh,Clothing,Men's Wear,Men's Wear Sapiente,4,11666,5,44331,8976,COD,,
14308,1/7/2024,Sana Dua,East,Bhubaneswar,Beauty,Face Cream,Face Cream Molestias,4,29972,5,113894,10570,Net Banking,,
14309,9/12/2024,Trisha Mani,West,Ahmedabad,Furniture,Cabinet,Cabinet Vero,2,71427,5,135711,15321,UPI,,
14310,1/10/2024,Uthkarsh Shetty,East,Ranchi,Home Decor,Lamp,Lamp Ipsum,3,55314,0,165942,24842,COD,,
14311,5/6/2025,Khushi Sarraf,East,Kolkata,Beauty,Foundation,Foundation Eos,1,34064,10,30658,5452,UPI,,
14312,6/7/2024,Shayak Vora,East,Guwahati,Kitchen,Refrigerator,Refrigerator Explicabo,4,74274,15,252532,62583,Net Banking,,
14313,3/28/2025,Shlok Sarna,West,Mumbai,Toys,Doll,Doll Sequi,3,75803,10,204668,18799,Net Banking,,
14314,4/10/2025,Sumer Yadav,South,Hyderabad,Furniture,Table,Table Sunt,4,17989,5,68358,11448,Net Banking,,
14315,3/3/2025,Jayesh Dayal,South,Bangalore,Books,Biography,Biography Unde,1,44583,0,44583,3093,Net Banking,,
14316,4/13/2024,Lagan Chahal,South,Bangalore,Home Decor,Lamp,Lamp Non,3,15603,5,44469,4365,Debit Card,,
14317,6/5/2025,Hazel Bedi,South,Chennai,Toys,Board Game,Board Game Deleniti,4,2105,0,8420,712,COD,,
14318,11/25/2024,Shanaya Jaggi,North,Jaipur,Beauty,Face Cream,Face Cream Laboriosam,1,32127,15,27308,2029,Net Banking,,
14319,8/9/2024,Rania Sachar,South,Hyderabad,Home Decor,Wall Art,Wall Art Ducimus,1,1829,10,1646,361,Debit Card,,
14320,5/19/2025,Shanaya Shan,North,Jaipur,Clothing,Men's Wear,Men's Wear Dolorum,4,37403,10,134651,24415,COD,,
14321,1/23/2025,Vaibhav Kade,West,Mumbai,Books,Non-Fiction,Non-Fiction Quidem,3,23508,5,66998,16084,Debit Card,,
14322,2/24/2025,Dharmajan Sridhar,North,Delhi,Electronics,Headphones,Headphones Animi,4,71527,20,228886,22036,COD,,
14323,8/11/2025,Navya Sagar,East,Guwahati,Furniture,Table,Table Officiis,4,60378,0,241512,58217,Credit Card,,
14324,4/19/2024,Kismat Rao,East,Guwahati,Electronics,Mobile,Mobile Numquam,4,49447,5,187899,32101,Net Banking,,
14325,6/7/2025,Manikya Ravel,North,Amritsar,Clothing,Kids Wear,Kids Wear Necessitatibus,2,78014,10,140425,22251,Credit Card,,
14326,4/6/2024,Zaina Sengupta,West,Mumbai,Clothing,Kids Wear,Kids Wear Tempore,3,21224,5,60488,3572,Credit Card,,
14327,7/19/2024,Pranay Ravel,West,Goa,Kitchen,Microwave,Microwave Adipisci,5,32778,10,147501,16862,UPI,,
14328,5/7/2025,Ritvik Thakur,East,Guwahati,Beauty,Face Cream,Face Cream Debitis,1,41408,5,39338,2155,UPI,,
14329,2/27/2025,Divit Sant,South,Bangalore,Home Decor,Lamp,Lamp Magni,5,65490,15,278333,25278,UPI,,
14330,5/15/2024,Elakshi Kulkarni,South,Coimbatore,Books,Textbook,Textbook Doloribus,4,72290,20,231328,17535,COD,,
14331,7/10/2025,Ritvik Verma,West,Pune,Home Decor,Clock,Clock Dignissimos,5,25263,0,126315,15892,Credit Card,,
14332,6/8/2024,Prerak Koshy,South,Coimbatore,Electronics,Camera,Camera Delectus,5,47353,20,189412,42458,Credit Card,,
14333,12/7/2023,Nitara Dora,West,Mumbai,Clothing,Kids Wear,Kids Wear Porro,2,35073,20,56117,7023,Debit Card,,
14334,5/19/2025,Sumer Date,West,Goa,Toys,Doll,Doll Impedit,1,37731,5,35844,5052,Credit Card,,
14335,4/9/2024,Rasha Samra,West,Pune,Kitchen,Juicer,Juicer Quas,3,15649,15,39905,4010,COD,,
14336,3/5/2024,Darshit Contractor,East,Bhubaneswar,Kitchen,Refrigerator,Refrigerator Accusamus,1,34586,20,27669,4999,Net Banking,,
14337,8/2/2025,Umang Ramanathan,South,Hyderabad,Beauty,Foundation,Foundation Iusto,2,10560,5,20064,1989,COD,,
14338,10/19/2023,Reyansh Sachdeva,East,Ranchi,Sports,Cricket Bat,Cricket Bat Optio,4,17083,15,58082,8014,COD,,
14339,2/20/2024,Mahika Banerjee,West,Surat,Clothing,Men's Wear,Men's Wear Perferendis,3,2881,15,7347,1262,Net Banking,,
14340,9/17/2025,Kabir Ganesh,South,Hyderabad,Sports,Tennis Racket,Tennis Racket Earum,3,38614,5,110050,21137,Debit Card,,
14341,3/5/2025,Pari Sood,West,Mumbai,Beauty,Face Cream,Face Cream Aliquam,4,69706,15,237000,52875,Debit Card,,
14342,3/18/2025,Dharmajan Rajagopal,South,Hyderabad,Furniture,Bed,Bed Perferendis,1,3195,15,2716,233,Debit Card,,
14343,7/30/2024,Mehul Bali,East,Guwahati,Kitchen,Mixer Grinder,Mixer Grinder A,2,50294,10,90529,18551,Credit Card,,
14344,4/28/2024,Adah Bath,South,Coimbatore,Home Decor,Vase,Vase Eveniet,5,72455,15,307934,29043,COD,,
14345,4/11/2025,Anaya Banik,South,Thiruvananthapuram,Kitchen,Microwave,Microwave Ea,5,48552,15,206346,27709,COD,,
14346,1/23/2025,Yakshit Kuruvilla,South,Thiruvananthapuram,Sports,Tennis Racket,Tennis Racket Repellendus,2,7367,0,14734,3182,Net Banking,,
14347,1/8/2024,Himmat Choudhary,West,Surat,Clothing,Accessories,Accessories Dolorem,1,15038,20,12030,2409,UPI,,
14348,12/19/2024,Samiha Kar,North,Lucknow,Furniture,Cabinet,Cabinet Ducimus,2,2428,20,3885,608,COD,,
14349,5/30/2024,Divij Doctor,North,Jaipur,Groceries,Sugar,Sugar Dolore,5,53396,15,226933,29139,UPI,,
14350,9/12/2024,Pari Thaker,West,Ahmedabad,Home Decor,Vase,Vase Asperiores,1,49929,15,42440,7282,UPI,,
14351,10/14/2024,Indrajit Buch,East,Kolkata,Home Decor,Vase,Vase Rem,5,3871,10,17420,1304,Credit Card,,
14352,10/26/2024,Vanya Vohra,South,Bangalore,Kitchen,Juicer,Juicer Dolor,5,43047,0,215235,52434,COD,,
14353,9/19/2025,Ryan Savant,East,Ranchi,Clothing,Kids Wear,Kids Wear Culpa,3,9399,0,28197,1499,Debit Card,,
14354,6/15/2024,Mishti Sangha,East,Ranchi,Electronics,Camera,Camera Consequatur,5,75566,5,358939,76356,Credit Card,,
14355,9/4/2024,Anay Sandhu,North,Chandigarh,Toys,RC Car,RC Car Sequi,4,71329,0,285316,44268,Credit Card,,
14356,4/9/2025,Madhup Saxena,North,Lucknow,Electronics,Laptop,Laptop Similique,4,69263,10,249347,39813,UPI,,
14357,3/26/2025,Darshit Tella,West,Pune,Kitchen,Microwave,Microwave Quos,3,46047,10,124327,16812,COD,,
14358,8/28/2024,Shlok Rau,North,Chandigarh,Books,Textbook,Textbook Provident,1,8857,10,7971,1878,Debit Card,,
14359,7/7/2024,Oorja Khare,West,Pune,Groceries,Spices,Spices Quibusdam,4,60720,20,194304,22134,UPI,,
14360,9/23/2025,Amani Sachar,East,Ranchi,Furniture,Table,Table Harum,4,19989,15,67963,14779,UPI,,
14361,5/19/2024,Kimaya Agate,North,Delhi,Sports,Yoga Mat,Yoga Mat Est,3,663,20,1591,133,Credit Card,,
14362,6/25/2025,Vihaan Cheema,West,Goa,Electronics,Headphones,Headphones Inventore,3,37699,20,90478,6098,Debit Card,,
14363,8/16/2024,Vanya Magar,North,Amritsar,Groceries,Spices,Spices Eum,2,31912,20,51059,11798,Credit Card,,
14364,4/11/2024,Elakshi Mann,West,Mumbai,Furniture,Table,Table Autem,3,22462,5,64017,10647,COD,,
14365,12/4/2024,Jayesh Lall,North,Delhi,Home Decor,Wall Art,Wall Art Laborum,2,17711,0,35422,7166,Net Banking,,
14366,11/5/2023,Ivana Talwar,West,Ahmedabad,Electronics,Smartwatch,Smartwatch Minus,3,24711,10,66720,15382,Debit Card,,
14367,9/19/2025,Shamik Sundaram,West,Goa,Books,Textbook,Textbook Facere,3,27808,10,75082,13111,Debit Card,,
14368,2/8/2025,Rati Handa,North,Amritsar,Sports,Tennis Racket,Tennis Racket Dicta,5,42476,10,191142,22836,COD,,
14369,1/31/2024,Urvi Chada,East,Bhubaneswar,Kitchen,Refrigerator,Refrigerator Aut,1,58003,15,49303,10200,COD,,
14370,10/25/2023,Ivana Mann,South,Chennai,Clothing,Men's Wear,Men's Wear Tempore,3,67818,20,162763,34701,Credit Card,,
14371,11/14/2023,Faiyaz Andra,West,Goa,Kitchen,Refrigerator,Refrigerator Id,4,19693,5,74833,17454,Credit Card,,
14372,11/1/2024,Siya Dhillon,South,Thiruvananthapuram,Beauty,Foundation,Foundation In,2,23853,10,42935,7885,Debit Card,,
14373,8/16/2025,Saksham Mani,South,Hyderabad,Electronics,Laptop,Laptop Sit,1,12992,0,12992,1718,Debit Card,,
14374,12/7/2024,Onkar Bhasin,South,Hyderabad,Electronics,Laptop,Laptop Vel,3,45498,5,129669,31511,Credit Card,,
14375,7/14/2024,Dhanush Cheema,South,Chennai,Furniture,Chair,Chair Illum,1,49660,20,39728,3976,UPI,,
14376,1/24/2025,Trisha Ram,West,Mumbai,Groceries,Oil,Oil Cumque,5,2075,0,10375,2098,Net Banking,,
14377,2/5/2025,Hiran Jani,West,Surat,Electronics,Mobile,Mobile At,2,62102,5,117994,19323,UPI,,
14378,10/2/2025,Ela Yadav,South,Hyderabad,Kitchen,Mixer Grinder,Mixer Grinder Illo,5,20484,20,81936,6887,Net Banking,,
14379,12/29/2023,Jiya Sankar,South,Bangalore,Clothing,Women's Wear,Women's Wear Magni,5,69730,0,348650,69633,COD,,
14380,10/22/2024,Diya Jha,North,Jaipur,Electronics,Headphones,Headphones Accusantium,5,60594,15,257525,18555,Net Banking,,
14381,8/31/2024,Neelofar Goyal,East,Bhubaneswar,Books,Fiction,Fiction Aut,2,69813,0,139626,31460,Debit Card,,
14382,8/20/2024,Ehsaan Gokhale,South,Thiruvananthapuram,Groceries,Oil,Oil Laboriosam,1,26778,0,26778,4695,Credit Card,,
14383,1/13/2024,Damini Rout,East,Ranchi,Books,Non-Fiction,Non-Fiction Doloribus,2,55708,10,100274,8710,COD,,
14384,12/6/2024,Neelofar Warrior,North,Jaipur,Kitchen,Cookware Set,Cookware Set Blanditiis,4,73656,5,279893,17589,Net Banking,,
14385,5/24/2024,Azad Sawhney,West,Goa,Electronics,Laptop,Laptop Error,5,73283,10,329774,71074,Net Banking,,
14386,6/3/2025,Tara Raju,North,Amritsar,Home Decor,Lamp,Lamp Deserunt,1,79898,20,63918,11229,Net Banking,,
14387,6/8/2024,Riaan Vala,South,Hyderabad,Clothing,Shoes,Shoes Nam,4,51973,5,197497,48625,Debit Card,,
14388,11/21/2024,Gatik Banerjee,South,Coimbatore,Groceries,Sugar,Sugar Voluptas,5,32801,20,131204,10020,Credit Card,,
14389,11/11/2024,Nirvaan Bhardwaj,West,Mumbai,Electronics,Headphones,Headphones Nam,1,20852,20,16682,2362,Debit Card,,
14390,5/4/2025,Trisha Sankaran,East,Ranchi,Electronics,Laptop,Laptop Placeat,5,1585,15,6736,1649,Net Banking,,
14391,11/6/2023,Damini Bala,West,Pune,Home Decor,Cushion,Cushion Corrupti,3,6588,10,17788,1039,COD,,
14392,6/1/2025,Anay Wason,South,Chennai,Kitchen,Mixer Grinder,Mixer Grinder Sit,2,8049,10,14488,813,Credit Card,,
14393,12/6/2024,Zoya Joshi,North,Delhi,Kitchen,Cookware Set,Cookware Set Dolor,4,47143,15,160286,33283,Credit Card,,
14394,3/16/2024,Jivin Chanda,East,Kolkata,Home Decor,Wall Art,Wall Art Porro,5,26128,20,104512,19139,COD,,
14395,9/1/2025,Samiha Buch,South,Hyderabad,Toys,Board Game,Board Game Error,5,24751,10,111380,26522,Credit Card,,
14396,8/12/2024,Hansh Rajagopal,West,Goa,Electronics,Camera,Camera Doloremque,1,35786,20,28629,4512,UPI,,
14397,4/29/2024,Nirvaan Arora,North,Amritsar,Kitchen,Mixer Grinder,Mixer Grinder Officiis,2,2611,15,4439,849,Net Banking,,
14398,12/26/2024,Oorja Varma,North,Delhi,Groceries,Sugar,Sugar Rem,5,7183,15,30528,4949,Debit Card,,
14399,4/26/2024,Abram Rout,West,Pune,Books,Textbook,Textbook Alias,4,25196,15,85666,4933,Debit Card,,
14400,1/21/2025,Divij Tank,West,Mumbai,Clothing,Women's Wear,Women's Wear Illo,3,20833,0,62499,13726,UPI,,
14401,4/24/2024,Madhav Mand,West,Mumbai,Beauty,Lipstick,Lipstick Voluptatum,1,72591,20,58073,9932,COD,,
14402,7/12/2025,Riaan Ray,North,Delhi,Books,Biography,Biography Reiciendis,3,55857,0,167571,15138,UPI,,
14403,12/4/2023,Urvi Amble,West,Goa,Sports,Yoga Mat,Yoga Mat Officia,5,31777,0,158885,28450,Debit Card,,
14404,7/10/2025,Ranbir Acharya,East,Guwahati,Home Decor,Lamp,Lamp Eum,4,54451,0,217804,26421,COD,,
14405,6/10/2025,Riaan Doctor,East,Guwahati,Electronics,Headphones,Headphones Quo,1,51177,5,48618,5087,COD,,
14406,3/13/2024,Nitya Dora,East,Patna,Electronics,Headphones,Headphones Laboriosam,2,66910,5,127129,11643,COD,,
14407,1/31/2024,Pari Sangha,East,Guwahati,Toys,RC Car,RC Car Aliquid,3,3152,0,9456,693,Net Banking,,
14408,2/19/2025,Zara Singh,East,Kolkata,Groceries,Spices,Spices Quia,2,76370,0,152740,20339,Credit Card,,
14409,3/8/2024,Hazel Bawa,East,Patna,Electronics,Mobile,Mobile Sint,4,54217,5,206025,30674,UPI,,
14410,12/16/2023,Shayak Bora,West,Goa,Kitchen,Cookware Set,Cookware Set Deleniti,3,66857,10,180514,18852,Debit Card,,
14411,1/19/2025,Heer Chatterjee,North,Chandigarh,Sports,Dumbbells,Dumbbells Asperiores,2,66267,5,125907,30852,UPI,,
14412,10/25/2024,Kiara Saraf,North,Delhi,Toys,RC Car,RC Car Illo,1,17564,20,14051,3118,UPI,,
14413,9/25/2024,Taran Chaudhary,North,Amritsar,Sports,Yoga Mat,Yoga Mat Voluptate,5,16165,5,76784,14623,Credit Card,,
14414,12/5/2024,Aniruddh Varghese,North,Amritsar,Furniture,Sofa,Sofa Explicabo,5,27095,15,115154,8987,UPI,,
14415,5/20/2024,Biju Edwin,North,Amritsar,Home Decor,Wall Art,Wall Art Sequi,3,14923,0,44769,3643,UPI,,
14416,6/11/2024,Jhanvi Solanki,West,Ahmedabad,Beauty,Foundation,Foundation Dolor,2,77254,0,154508,11516,UPI,,
14417,1/5/2025,Piya Kothari,East,Patna,Home Decor,Vase,Vase Iure,4,13446,0,53784,6554,UPI,,
14418,5/24/2025,Ishaan Kibe,West,Pune,Beauty,Face Cream,Face Cream In,4,79126,0,316504,60653,Net Banking,,
14419,4/3/2025,Devansh Ramakrishnan,East,Kolkata,Electronics,Laptop,Laptop Quo,3,25256,5,71980,13733,COD,,
14420,12/7/2023,Nishith Saxena,East,Bhubaneswar,Furniture,Chair,Chair Sequi,2,45462,0,90924,9872,UPI,,
14421,2/18/2024,Ivan Vig,South,Coimbatore,Toys,Board Game,Board Game Praesentium,3,50347,10,135937,32642,COD,,
14422,10/6/2024,Vardaniya Hegde,East,Ranchi,Kitchen,Refrigerator,Refrigerator Illo,1,44833,20,35866,3600,Net Banking,,
14423,2/24/2025,Neelofar Mani,East,Bhubaneswar,Sports,Dumbbells,Dumbbells Repellat,4,17806,5,67663,6064,UPI,,
14424,1/13/2024,Divit Swaminathan,East,Patna,Books,Textbook,Textbook Beatae,2,10137,0,20274,1363,Net Banking,,
14425,10/15/2024,Urvi Babu,South,Chennai,Groceries,Oil,Oil Voluptates,1,47504,15,40378,4712,UPI,,
14426,2/11/2025,Darshit Agrawal,West,Goa,Kitchen,Cookware Set,Cookware Set Harum,4,5375,0,21500,3933,COD,,
14427,9/8/2024,Abram Aggarwal,South,Chennai,Clothing,Kids Wear,Kids Wear Deleniti,4,2812,20,8998,1891,Credit Card,,
14428,12/8/2024,Tejas Bora,North,Lucknow,Books,Textbook,Textbook Omnis,5,36780,5,174705,33212,Debit Card,,
14429,4/6/2025,Vedika Grewal,East,Patna,Beauty,Face Cream,Face Cream Aliquid,5,34112,15,144976,19543,Credit Card,,
14430,8/25/2025,Devansh Raval,East,Guwahati,Groceries,Sugar,Sugar Architecto,4,12902,10,46447,9734,COD,,
14431,8/2/2025,Divyansh Arya,East,Ranchi,Clothing,Men's Wear,Men's Wear Quae,4,27510,0,110040,16480,Credit Card,,
14432,1/19/2024,Tejas Amble,South,Bangalore,Clothing,Kids Wear,Kids Wear Error,1,2577,5,2448,220,COD,,
14433,6/13/2025,Zeeshan Dâ€™Alia,East,Bhubaneswar,Kitchen,Refrigerator,Refrigerator Corporis,2,3116,10,5609,863,Debit Card,,
14434,9/24/2025,Ishita Basu,West,Mumbai,Clothing,Women's Wear,Women's Wear Hic,5,76393,15,324670,54863,Debit Card,,
14435,10/8/2023,Baiju Soni,East,Bhubaneswar,Furniture,Sofa,Sofa Repellat,5,61025,5,289869,29163,Debit Card,,
14436,10/1/2025,Romil Gandhi,West,Ahmedabad,Home Decor,Lamp,Lamp Voluptas,3,7146,0,21438,3307,UPI,,
14437,5/1/2024,Anvi Reddy,South,Hyderabad,Kitchen,Mixer Grinder,Mixer Grinder Architecto,1,25036,5,23784,4808,Debit Card,,
14438,6/10/2025,Tejas Vora,North,Chandigarh,Groceries,Rice,Rice Tenetur,5,43938,15,186737,26731,Debit Card,,
14439,6/18/2024,Alisha Bail,East,Ranchi,Books,Non-Fiction,Non-Fiction Labore,4,55465,5,210767,40763,COD,,
14440,7/29/2024,Samaira Gokhale,East,Bhubaneswar,Books,Non-Fiction,Non-Fiction Vitae,1,20244,5,19232,1600,COD,,
14441,10/5/2024,Ivan Mane,East,Kolkata,Furniture,Cabinet,Cabinet Harum,2,37235,15,63300,5114,Credit Card,,
14442,3/10/2024,Adira Dutta,South,Bangalore,Toys,Doll,Doll Veniam,5,8856,10,39852,2347,Net Banking,,
14443,3/13/2024,Raghav Wali,East,Kolkata,Sports,Dumbbells,Dumbbells Unde,3,603,15,1538,264,Credit Card,,
14444,8/19/2025,Taran Sengupta,South,Coimbatore,Toys,Doll,Doll Sint,5,69388,20,277552,24830,Net Banking,,
14445,2/1/2025,Hunar Verma,West,Mumbai,Home Decor,Lamp,Lamp Dolorum,4,29104,15,98954,23609,COD,,
14446,5/19/2024,Anay Sharaf,North,Delhi,Groceries,Wheat,Wheat Autem,3,57731,10,155874,23254,Debit Card,,
14447,7/18/2025,Diya Divan,North,Jaipur,Beauty,Face Cream,Face Cream Laboriosam,3,65652,0,196956,33195,COD,,
14448,1/28/2024,Akarsh Sastry,East,Patna,Sports,Tennis Racket,Tennis Racket Eos,4,9489,15,32263,1740,Net Banking,,
14449,11/26/2024,Himmat Rout,South,Bangalore,Toys,Action Figure,Action Figure Et,3,51658,20,123979,9231,Debit Card,,
14450,1/16/2024,Miraya Amble,North,Jaipur,Clothing,Accessories,Accessories Pariatur,1,30735,0,30735,1989,Debit Card,,
14451,9/3/2025,Siya Garde,South,Bangalore,Sports,Tennis Racket,Tennis Racket Doloribus,1,52781,0,52781,4085,Net Banking,,
14452,12/12/2024,Vihaan Choudhry,East,Ranchi,Toys,RC Car,RC Car Labore,1,71157,5,67599,9600,Net Banking,,
14453,7/19/2024,Riaan Dutt,South,Chennai,Home Decor,Wall Art,Wall Art Sed,1,73569,10,66212,12025,Net Banking,,
14454,4/6/2024,Zaina Bora,East,Guwahati,Groceries,Oil,Oil Delectus,3,14832,15,37822,9189,Debit Card,,
14455,6/16/2025,Farhan Kari,North,Delhi,Kitchen,Juicer,Juicer Tempora,3,21054,15,53688,8755,COD,,
14456,11/30/2023,Siya Mann,West,Goa,Furniture,Cabinet,Cabinet Ab,3,41689,15,106307,9054,Debit Card,,
14457,8/17/2024,Pihu Karpe,North,Delhi,Furniture,Bed,Bed Minus,3,11373,5,32413,7330,Debit Card,,
14458,9/27/2025,Aaryahi Issac,East,Guwahati,Groceries,Spices,Spices Quidem,2,49143,0,98286,9885,UPI,,
14459,5/22/2024,Aayush Sur,North,Amritsar,Books,Comics,Comics Qui,4,46702,15,158787,19940,Debit Card,,
14460,12/19/2023,Siya Warrior,East,Kolkata,Furniture,Cabinet,Cabinet Aperiam,1,7817,0,7817,588,Net Banking,,
14461,4/1/2024,Ehsaan Bhattacharyya,West,Mumbai,Books,Comics,Comics Placeat,2,68471,5,130095,7882,Credit Card,,
14462,6/5/2024,Stuvan Dutt,South,Bangalore,Home Decor,Clock,Clock Ab,2,56197,0,112394,22488,COD,,
14463,6/17/2024,Jivin Sani,South,Hyderabad,Beauty,Face Cream,Face Cream Consequatur,3,24154,15,61593,7626,Credit Card,,
14464,7/27/2024,Oorja Hegde,North,Chandigarh,Books,Biography,Biography Maxime,5,31572,15,134181,24990,COD,,
14465,3/1/2024,Yuvaan Sarraf,West,Goa,Beauty,Foundation,Foundation Facere,4,17628,5,66986,9415,Credit Card,,
14466,9/28/2025,Dishani Bhatt,East,Guwahati,Clothing,Women's Wear,Women's Wear Officiis,1,9133,0,9133,814,COD,,
14467,4/20/2024,Saira Dubey,South,Thiruvananthapuram,Electronics,Headphones,Headphones Voluptas,2,21733,5,41293,9099,UPI,,
14468,1/22/2024,Indranil Guha,North,Delhi,Beauty,Face Cream,Face Cream Unde,2,24898,10,44816,8962,Debit Card,,
14469,12/29/2024,Dhanush Yogi,North,Amritsar,Groceries,Wheat,Wheat Suscipit,5,70349,20,281396,35694,Debit Card,,
14470,5/3/2024,Kaira Dass,North,Lucknow,Beauty,Perfume,Perfume Temporibus,1,56283,15,47841,10519,Credit Card,,
14471,8/16/2025,Hansh Varty,West,Ahmedabad,Toys,Action Figure,Action Figure Accusantium,5,21689,10,97601,7876,Credit Card,,
14472,10/7/2023,Emir Talwar,South,Coimbatore,Home Decor,Lamp,Lamp Reiciendis,2,39180,5,74442,10036,Net Banking,,
14473,12/7/2024,Elakshi Sama,East,Kolkata,Electronics,Laptop,Laptop Ducimus,2,27455,15,46674,9054,COD,,
14474,10/2/2024,Oorja Kunda,East,Patna,Sports,Dumbbells,Dumbbells Cupiditate,3,30228,10,81616,7327,COD,,
14475,4/17/2025,Nitya Deo,South,Chennai,Beauty,Perfume,Perfume Quasi,2,53451,10,96212,22143,COD,,
14476,6/24/2024,Keya Kalla,West,Mumbai,Furniture,Bed,Bed Vel,4,40921,0,163684,32117,Debit Card,,
14477,9/1/2024,Anaya Chahal,East,Ranchi,Toys,Doll,Doll Cumque,5,9565,0,47825,3408,COD,,
14478,7/7/2025,Rati Yogi,South,Hyderabad,Furniture,Bed,Bed Reprehenderit,1,74395,15,63236,14639,Debit Card,,
14479,4/10/2025,Jayant Dhar,West,Pune,Clothing,Men's Wear,Men's Wear Dolor,3,15388,20,36931,2055,Debit Card,,
14480,10/18/2024,Tara Kala,East,Bhubaneswar,Books,Non-Fiction,Non-Fiction Molestiae,3,47729,15,121709,27820,Net Banking,,
14481,4/4/2024,Mehul Roy,South,Chennai,Beauty,Foundation,Foundation Aut,1,53022,15,45069,6666,UPI,,
14482,6/5/2024,Shamik Vyas,North,Lucknow,Clothing,Men's Wear,Men's Wear Ad,4,36345,10,130842,6607,UPI,,
14483,6/29/2024,Kiaan Venkataraman,West,Mumbai,Clothing,Shoes,Shoes Officia,3,42121,5,120045,18630,UPI,,
14484,11/2/2024,Adah Gokhale,North,Delhi,Sports,Yoga Mat,Yoga Mat Incidunt,1,47219,20,37775,6869,Debit Card,,
14485,12/21/2024,Shalv Bhattacharyya,West,Pune,Electronics,Camera,Camera Perspiciatis,3,13297,10,35902,4004,Debit Card,,
14486,10/14/2023,Vivaan Sastry,South,Bangalore,Kitchen,Cookware Set,Cookware Set Neque,4,15484,0,61936,10861,Credit Card,,
14487,1/3/2025,Kartik Tara,West,Surat,Furniture,Bed,Bed Temporibus,2,31835,15,54120,11378,Credit Card,,
14488,2/8/2024,Himmat Zachariah,North,Chandigarh,Kitchen,Refrigerator,Refrigerator Ipsa,5,21648,0,108240,24320,Credit Card,,
14489,3/3/2024,Bhamini Sane,South,Hyderabad,Beauty,Lipstick,Lipstick Debitis,4,54409,15,184991,17655,Net Banking,,
14490,5/5/2025,Stuvan Hans,South,Thiruvananthapuram,Home Decor,Lamp,Lamp Culpa,1,20244,0,20244,5010,UPI,,
14491,7/24/2025,Hiran Karpe,West,Mumbai,Furniture,Bed,Bed Blanditiis,4,49308,10,177509,37651,COD,,
14492,9/27/2025,Vanya Iyer,South,Hyderabad,Sports,Football,Football Eius,1,25617,0,25617,5014,Net Banking,,
14493,4/25/2024,Mannat Sodhi,North,Lucknow,Furniture,Sofa,Sofa Vitae,5,61855,10,278348,45877,Net Banking,,
14494,2/25/2024,Hunar Deo,East,Guwahati,Kitchen,Refrigerator,Refrigerator Sunt,3,64359,15,164115,18208,Credit Card,,
14495,4/17/2025,Romil Devan,West,Surat,Electronics,Mobile,Mobile Itaque,3,10922,0,32766,5368,COD,,
14496,12/11/2024,Vivaan Sheth,East,Kolkata,Furniture,Bed,Bed Laudantium,3,57472,20,137933,26665,Net Banking,,
14497,4/25/2025,Aarav Kaur,East,Ranchi,Clothing,Shoes,Shoes Est,5,72225,20,288900,67695,UPI,,
14498,1/29/2025,Ishita Lall,East,Kolkata,Kitchen,Mixer Grinder,Mixer Grinder Nobis,4,24330,5,92454,11782,Credit Card,,
14499,6/15/2025,Hrishita Sankar,West,Surat,Beauty,Face Cream,Face Cream Voluptatum,5,62839,15,267066,14466,UPI,,
14500,8/18/2024,Nirvaan Lad,South,Chennai,Sports,Dumbbells,Dumbbells Mollitia,4,42141,0,168564,31098,UPI,,
14501,11/25/2024,Himmat Bhagat,East,Bhubaneswar,Toys,Doll,Doll Repellat,3,21828,0,65484,3895,Net Banking,,
14502,6/16/2024,Damini Acharya,West,Ahmedabad,Furniture,Sofa,Sofa Nam,2,7873,20,12597,2503,Debit Card,,
14503,3/4/2024,Kimaya Ganguly,West,Mumbai,Home Decor,Clock,Clock Perferendis,2,60191,5,114363,7027,Net Banking,,
14504,12/15/2024,Fateh Brahmbhatt,East,Bhubaneswar,Electronics,Headphones,Headphones Facilis,2,78088,20,124941,8952,Net Banking,,
14505,8/11/2025,Anahi Bandi,East,Bhubaneswar,Electronics,Smartwatch,Smartwatch Optio,1,43318,0,43318,6694,Credit Card,,
14506,1/23/2025,Biju Kadakia,South,Coimbatore,Books,Fiction,Fiction Aperiam,4,7219,0,28876,5234,COD,,
14507,4/23/2024,Nirvaan Bhattacharyya,West,Mumbai,Electronics,Mobile,Mobile Autem,3,2615,5,7453,1658,Credit Card,,
14508,12/31/2023,Bhamini Rout,West,Ahmedabad,Clothing,Shoes,Shoes Quo,4,8846,10,31846,2451,Credit Card,,
14509,6/19/2024,Aarush Kalla,East,Bhubaneswar,Clothing,Accessories,Accessories Veritatis,3,33572,0,100716,16413,Debit Card,,
14510,9/27/2025,Navya Sagar,East,Bhubaneswar,Furniture,Table,Table Beatae,2,36868,5,70049,17488,Debit Card,,
14511,2/18/2025,Nehmat Date,West,Ahmedabad,Kitchen,Juicer,Juicer Necessitatibus,3,61549,10,166182,28718,Debit Card,,
14512,9/3/2024,Vaibhav Gokhale,North,Amritsar,Clothing,Men's Wear,Men's Wear Similique,4,23872,0,95488,18486,UPI,,
14513,7/3/2025,Lakshay Johal,West,Surat,Books,Fiction,Fiction Impedit,4,50497,15,171690,26317,COD,,
14514,10/15/2023,Aaina Ganguly,South,Bangalore,Sports,Yoga Mat,Yoga Mat Quam,4,4495,20,14384,2803,COD,,
14515,10/18/2023,Jivin Chauhan,West,Pune,Electronics,Headphones,Headphones Minus,1,48140,10,43326,8066,Credit Card,,
14516,6/3/2024,Himmat Mannan,North,Lucknow,Kitchen,Microwave,Microwave Neque,2,49006,10,88211,18677,Debit Card,,
14517,5/22/2025,Riaan Mannan,South,Chennai,Toys,Action Figure,Action Figure Amet,4,75443,0,301772,15437,Debit Card,,
14518,8/9/2024,Samar Ghosh,West,Goa,Groceries,Rice,Rice Dignissimos,3,29047,20,69713,7430,Credit Card,,
14519,4/17/2025,Rohan Ramachandran,North,Delhi,Electronics,Camera,Camera Atque,2,64325,10,115785,23937,COD,,
14520,10/1/2025,Ela Dave,East,Patna,Groceries,Sugar,Sugar Aspernatur,1,29157,0,29157,1888,UPI,,
14521,7/31/2024,Yuvaan Din,East,Bhubaneswar,Furniture,Table,Table Quae,1,7259,0,7259,926,Debit Card,,
14522,5/7/2024,Kiaan Virk,West,Ahmedabad,Kitchen,Cookware Set,Cookware Set Esse,4,12982,20,41542,9694,Debit Card,,
14523,3/30/2025,Tejas Kaur,South,Bangalore,Toys,Doll,Doll Eveniet,1,67075,0,67075,4916,Net Banking,,
14524,2/15/2024,Vaibhav Ratta,West,Ahmedabad,Books,Comics,Comics Quasi,4,14927,15,50752,4972,Debit Card,,
14525,9/7/2025,Ishaan Dube,South,Hyderabad,Kitchen,Microwave,Microwave Perferendis,3,24052,0,72156,8623,Net Banking,,
14526,4/11/2025,Akarsh Dora,East,Guwahati,Groceries,Rice,Rice Voluptatem,3,14592,20,35021,6312,Net Banking,,
14527,1/21/2024,Aarna Doshi,West,Ahmedabad,Toys,Doll,Doll Accusamus,2,21798,20,34877,2317,COD,,
14528,2/22/2024,Jayan Dayal,East,Ranchi,Books,Textbook,Textbook Distinctio,2,24487,10,44077,5990,Debit Card,,
14529,4/8/2025,Trisha Bhargava,North,Lucknow,Toys,Action Figure,Action Figure Sunt,4,30628,20,98010,15015,Net Banking,,
14530,3/11/2025,Anika Varghese,West,Ahmedabad,Toys,Puzzle,Puzzle Corrupti,4,65659,0,262636,33937,Credit Card,,
14531,12/13/2023,Mehul Dutt,East,Ranchi,Clothing,Shoes,Shoes Consectetur,5,34009,5,161543,31954,Debit Card,,
14532,4/14/2024,Ritvik Sandhu,East,Ranchi,Electronics,Camera,Camera Magni,4,72863,20,233162,24179,Credit Card,,
14533,4/18/2025,Shayak Dhawan,East,Ranchi,Furniture,Bed,Bed Commodi,5,52297,5,248411,59978,Net Banking,,
14534,1/26/2025,Rati Singhal,North,Jaipur,Clothing,Accessories,Accessories Rem,3,8589,20,20614,2864,COD,,
14535,9/27/2024,Trisha Srivastava,East,Bhubaneswar,Clothing,Women's Wear,Women's Wear Doloremque,1,4555,0,4555,459,Debit Card,,
14536,7/12/2024,Biju Gupta,East,Ranchi,Home Decor,Lamp,Lamp Commodi,1,49163,20,39330,9394,COD,,
14537,12/9/2023,Mahika Kakar,East,Guwahati,Electronics,Smartwatch,Smartwatch Odit,4,4780,15,16252,3580,UPI,,
14538,3/26/2025,Reyansh Sarna,East,Ranchi,Clothing,Women's Wear,Women's Wear Suscipit,2,2967,15,5044,877,UPI,,
14539,12/10/2024,Dhruv Kata,North,Jaipur,Clothing,Women's Wear,Women's Wear Deserunt,5,29733,10,133799,25623,Net Banking,,
14540,3/27/2025,Trisha Ram,North,Lucknow,Sports,Dumbbells,Dumbbells A,1,75470,5,71697,13878,COD,,
14541,6/19/2024,Alisha Doctor,North,Lucknow,Sports,Yoga Mat,Yoga Mat Consectetur,2,2280,15,3876,361,Credit Card,,
14542,12/9/2024,Keya Walia,North,Jaipur,Toys,Action Figure,Action Figure Velit,1,74388,5,70669,8123,COD,,
14543,1/12/2024,Yashvi Brahmbhatt,West,Surat,Books,Biography,Biography Ex,1,50224,0,50224,11861,UPI,,
14544,8/15/2024,Nirvaan Talwar,South,Thiruvananthapuram,Furniture,Chair,Chair Magnam,2,22591,10,40664,6342,Credit Card,,
14545,1/26/2024,Aaryahi Lata,West,Surat,Books,Biography,Biography Dignissimos,1,17220,20,13776,1017,Credit Card,,
14546,6/15/2025,Raghav Mammen,East,Patna,Beauty,Shampoo,Shampoo Voluptate,3,5668,20,13603,1039,COD,,
14547,5/21/2024,Aarush Mandal,North,Lucknow,Electronics,Headphones,Headphones Non,3,54750,15,139613,12103,UPI,,
14548,7/11/2024,Arnav Buch,East,Guwahati,Clothing,Shoes,Shoes Natus,2,15743,15,26763,6186,Net Banking,,
14549,10/31/2024,Dhanuk Bhardwaj,East,Bhubaneswar,Kitchen,Microwave,Microwave Voluptates,4,65522,15,222775,23398,Credit Card,,
14550,4/17/2024,Myra Randhawa,East,Bhubaneswar,Groceries,Rice,Rice Vel,5,39827,5,189178,28616,Credit Card,,
14551,7/13/2025,Riaan Lad,West,Pune,Books,Textbook,Textbook Delectus,5,34500,10,155250,38494,Net Banking,,
14552,3/6/2025,Ryan Boase,South,Hyderabad,Beauty,Foundation,Foundation Alias,2,42789,15,72741,14133,Debit Card,,
14553,11/27/2024,Eshani Mann,East,Guwahati,Books,Textbook,Textbook Numquam,5,75669,15,321593,40731,Credit Card,,
14554,7/7/2025,Aarush Jani,South,Chennai,Home Decor,Wall Art,Wall Art Quis,2,62225,0,124450,14004,Debit Card,,
14555,3/10/2025,Anvi Trivedi,North,Amritsar,Electronics,Camera,Camera Explicabo,4,54607,20,174742,29652,Credit Card,,
14556,4/30/2025,Anahita Krishna,South,Chennai,Beauty,Perfume,Perfume Accusamus,2,24693,0,49386,11059,UPI,,
14557,10/9/2023,Dharmajan Gole,West,Goa,Groceries,Sugar,Sugar Voluptates,5,73655,0,368275,89688,Net Banking,,
14558,1/29/2025,Diya Sarraf,South,Bangalore,Books,Biography,Biography At,3,21308,10,57532,5108,Debit Card,,
14559,11/22/2023,Misha Salvi,East,Guwahati,Beauty,Shampoo,Shampoo Molestiae,1,56452,10,50807,9231,COD,,
14560,8/5/2024,Alisha Walla,North,Amritsar,Home Decor,Vase,Vase A,3,38281,20,91874,9971,Debit Card,,
14561,3/25/2025,Alisha Mannan,West,Surat,Home Decor,Vase,Vase Aut,5,25717,5,122156,15578,COD,,
14562,9/10/2024,Myra Dalal,North,Delhi,Beauty,Shampoo,Shampoo Quisquam,2,61600,10,110880,20590,COD,,
14563,5/13/2024,Shayak Bandi,West,Mumbai,Toys,Board Game,Board Game Veniam,1,16590,15,14102,754,Credit Card,,
14564,10/28/2023,Lagan Venkatesh,East,Ranchi,Groceries,Oil,Oil Magni,4,67483,5,256435,48470,Net Banking,,
14565,12/31/2023,Eshani Shenoy,West,Ahmedabad,Home Decor,Clock,Clock Culpa,3,27065,10,73076,13186,UPI,,
14566,11/22/2023,Priyansh Mahajan,North,Chandigarh,Groceries,Wheat,Wheat Corporis,4,42660,5,162108,28163,UPI,,
14567,11/19/2023,Anahita Agarwal,South,Chennai,Furniture,Sofa,Sofa Facilis,2,37940,5,72086,10812,Debit Card,,
14568,8/28/2024,Jayant Yohannan,South,Coimbatore,Kitchen,Juicer,Juicer Blanditiis,1,36209,10,32588,7824,UPI,,
14569,8/9/2024,Gatik Jayaraman,East,Guwahati,Electronics,Laptop,Laptop Modi,3,9523,5,27141,3677,COD,,
14570,5/14/2024,Charvi Lala,North,Jaipur,Electronics,Mobile,Mobile Quam,4,25375,20,81200,12349,Net Banking,,
14571,4/6/2025,Sumer Sengupta,West,Mumbai,Clothing,Shoes,Shoes Facere,1,18066,10,16259,888,Net Banking,,
14572,1/4/2024,Ojas Uppal,South,Hyderabad,Kitchen,Microwave,Microwave Architecto,1,72775,5,69136,3825,UPI,,
14573,6/18/2024,Jivika Raja,South,Bangalore,Groceries,Oil,Oil Perspiciatis,3,74936,15,191087,10795,UPI,,
14574,5/26/2024,Ehsaan Das,South,Bangalore,Sports,Cricket Bat,Cricket Bat Molestias,3,51851,20,124442,27981,COD,,
14575,2/26/2025,Mishti Vala,South,Thiruvananthapuram,Electronics,Camera,Camera Officia,4,19186,10,69070,8781,COD,,
14576,2/10/2024,Nirvi Bhasin,South,Coimbatore,Groceries,Sugar,Sugar Laborum,5,43409,10,195341,17255,Credit Card,,
14577,3/16/2025,Taimur Comar,North,Lucknow,Beauty,Foundation,Foundation Dolorum,2,46622,0,93244,5623,Credit Card,,
14578,11/14/2023,Vidur Gandhi,West,Goa,Kitchen,Refrigerator,Refrigerator Maiores,4,75759,5,287884,27465,UPI,,
14579,9/2/2024,Seher Shetty,North,Delhi,Kitchen,Refrigerator,Refrigerator Impedit,5,15012,5,71307,15010,Debit Card,,
14580,9/1/2025,Rasha Thaman,South,Coimbatore,Books,Textbook,Textbook Accusamus,2,70609,10,127096,30765,Debit Card,,
14581,8/20/2024,Aniruddh Bhavsar,North,Delhi,Books,Fiction,Fiction Quos,5,56097,5,266461,29233,Credit Card,,
14582,5/17/2024,Ranbir Sehgal,North,Amritsar,Books,Fiction,Fiction Eos,1,44617,0,44617,8400,Credit Card,,
14583,4/13/2024,Myra Gopal,East,Patna,Clothing,Men's Wear,Men's Wear Consectetur,5,23757,5,112846,20201,COD,,
14584,4/19/2025,Dhanush Dhaliwal,West,Surat,Home Decor,Wall Art,Wall Art Asperiores,3,32050,10,86535,20339,Net Banking,,
14585,11/25/2024,Alia Brahmbhatt,East,Kolkata,Home Decor,Cushion,Cushion Laudantium,3,79277,10,214048,47029,UPI,,
14586,6/12/2025,Tanya Sahota,East,Bhubaneswar,Toys,Action Figure,Action Figure Occaecati,4,27950,15,95030,9115,COD,,
14587,8/8/2024,Saanvi Dugar,North,Chandigarh,Toys,Action Figure,Action Figure Suscipit,2,49690,15,84473,9126,Debit Card,,
14588,3/2/2024,Mamooty Kaul,North,Chandigarh,Clothing,Shoes,Shoes Cum,1,35032,10,31529,3488,Credit Card,,
14589,10/19/2023,Seher Tandon,West,Surat,Toys,RC Car,RC Car Quisquam,2,32915,15,55956,7213,COD,,
14590,5/13/2025,Mohanlal Dubey,South,Coimbatore,Toys,Action Figure,Action Figure Possimus,5,34275,10,154238,24911,Net Banking,,
14591,1/26/2024,Yuvraj  Roy,East,Ranchi,Groceries,Sugar,Sugar Doloribus,3,25218,15,64306,13301,COD,,
14592,3/2/2024,Faiyaz Tiwari,South,Hyderabad,Groceries,Sugar,Sugar Libero,1,50536,5,48009,5845,Net Banking,,
14593,5/31/2025,Nirvi Raj,North,Amritsar,Sports,Yoga Mat,Yoga Mat Eveniet,1,2635,0,2635,347,UPI,,
14594,1/16/2024,Tarini Bandi,West,Goa,Furniture,Chair,Chair Unde,4,65025,10,234090,44513,Debit Card,,
14595,8/20/2025,Divij Dixit,North,Amritsar,Furniture,Sofa,Sofa Voluptas,1,75750,10,68175,5299,UPI,,
14596,9/12/2024,Damini Rau,West,Ahmedabad,Electronics,Headphones,Headphones Dolore,5,50439,20,201756,18011,Credit Card,,
14597,1/10/2025,Urvi Varma,West,Surat,Groceries,Wheat,Wheat Alias,4,705,0,2820,459,Net Banking,,
14598,2/8/2024,Saira Cherian,South,Hyderabad,Groceries,Oil,Oil Officiis,3,30416,20,72998,4885,Debit Card,,
14599,5/26/2025,Rati Bail,East,Guwahati,Home Decor,Clock,Clock Quidem,3,23013,0,69039,16389,UPI,,
14600,1/24/2024,Dhanuk Yadav,North,Amritsar,Kitchen,Refrigerator,Refrigerator Velit,2,57650,15,98005,8250,Debit Card,,
14601,3/11/2025,Hridaan Luthra,South,Coimbatore,Clothing,Shoes,Shoes A,4,33939,5,128968,23070,UPI,,
14602,1/17/2025,Tiya Dhar,North,Amritsar,Books,Biography,Biography Molestias,1,43515,15,36988,3373,Credit Card,,
14603,6/22/2025,Parinaaz Dixit,North,Chandigarh,Groceries,Wheat,Wheat Animi,3,22419,20,53806,7063,Net Banking,,
14604,5/27/2025,Rasha Johal,North,Delhi,Clothing,Women's Wear,Women's Wear Corrupti,3,44615,5,127153,12407,Credit Card,,
14605,12/20/2023,Vardaniya Chaudhari,East,Patna,Clothing,Accessories,Accessories Mollitia,1,55296,10,49766,9435,COD,,
14606,1/19/2024,Jivika Agrawal,West,Pune,Sports,Tennis Racket,Tennis Racket Excepturi,3,45903,20,110167,24032,Debit Card,,
14607,9/16/2024,Ritvik Venkatesh,West,Pune,Home Decor,Vase,Vase Nisi,1,51820,10,46638,5597,COD,,
14608,9/6/2024,Rania Bhavsar,West,Goa,Electronics,Headphones,Headphones Quidem,5,29633,10,133349,10535,Net Banking,,
14609,2/16/2024,Advika Thaman,East,Kolkata,Beauty,Perfume,Perfume Commodi,3,20814,5,59320,7273,Credit Card,,
14610,7/11/2025,Anahi Raval,West,Goa,Beauty,Foundation,Foundation Facere,4,26570,20,85024,19731,Net Banking,,
14611,4/18/2025,Fateh Kala,East,Ranchi,Furniture,Table,Table Tenetur,4,13148,20,42074,2290,COD,,
14612,5/7/2024,Hansh Tak,South,Chennai,Kitchen,Juicer,Juicer Nostrum,1,21735,10,19562,4391,UPI,,
14613,3/23/2025,Vedika Magar,South,Thiruvananthapuram,Sports,Yoga Mat,Yoga Mat Id,1,13556,10,12200,1992,UPI,,
14614,11/5/2024,Renee Ratta,South,Thiruvananthapuram,Sports,Yoga Mat,Yoga Mat Quod,2,5764,10,10375,1395,Credit Card,,
14615,9/12/2024,Anvi Keer,East,Patna,Sports,Cricket Bat,Cricket Bat Eum,2,71299,10,128338,26655,Debit Card,,
14616,5/12/2024,Riaan Loyal,West,Mumbai,Toys,Action Figure,Action Figure Expedita,4,66754,15,226964,44175,Credit Card,,
14617,7/18/2024,Anay Bala,West,Pune,Books,Comics,Comics Dignissimos,4,28747,15,97740,21482,COD,,
14618,12/10/2024,Ishita Keer,North,Amritsar,Sports,Cricket Bat,Cricket Bat Aut,3,58800,15,149940,28108,COD,,
14619,3/30/2025,Bhavin Som,West,Goa,Home Decor,Vase,Vase Porro,1,36266,0,36266,4749,Net Banking,,
14620,1/20/2024,Veer Dâ€™Alia,North,Amritsar,Furniture,Chair,Chair Adipisci,3,59820,10,161514,11817,Debit Card,,
14621,1/4/2024,Onkar Borah,South,Thiruvananthapuram,Home Decor,Cushion,Cushion Voluptates,1,14133,0,14133,3001,UPI,,
14622,4/4/2024,Nayantara Mammen,North,Amritsar,Furniture,Chair,Chair Excepturi,2,78956,10,142121,12670,COD,,
14623,8/12/2025,Ranbir Kumar,North,Jaipur,Kitchen,Juicer,Juicer Fugit,2,15749,20,25198,2935,Net Banking,,
14624,1/19/2024,Sana Ram,West,Goa,Kitchen,Microwave,Microwave Quaerat,5,39258,15,166847,31755,Credit Card,,
14625,8/5/2024,Arhaan Dasgupta,East,Ranchi,Books,Fiction,Fiction Animi,3,74402,10,200885,34197,Credit Card,,
14626,3/25/2025,Ranbir Chada,West,Ahmedabad,Furniture,Chair,Chair Aliquid,1,2029,0,2029,265,Debit Card,,
14627,7/5/2024,Dhruv Joshi,West,Surat,Books,Comics,Comics Aspernatur,2,4559,20,7294,696,UPI,,
14628,1/7/2024,Uthkarsh Bail,South,Bangalore,Beauty,Face Cream,Face Cream Porro,5,75487,15,320820,24580,Debit Card,,
14629,5/23/2025,Siya Hora,North,Amritsar,Toys,Board Game,Board Game Modi,4,10088,5,38334,3468,COD,,
14630,2/6/2025,Samaira Sastry,East,Patna,Clothing,Accessories,Accessories Ipsam,2,1670,20,2672,160,Net Banking,,
14631,8/22/2024,Manikya Sibal,South,Thiruvananthapuram,Beauty,Lipstick,Lipstick Repellat,2,66972,15,113852,16952,Net Banking,,
14632,7/13/2024,Lakshay Malhotra,North,Delhi,Furniture,Table,Table Voluptates,4,30883,15,105002,15148,Net Banking,,
14633,6/24/2025,Bhavin Anand,East,Ranchi,Kitchen,Juicer,Juicer Expedita,2,79645,0,159290,33087,UPI,,
14634,2/15/2025,Biju Shan,West,Mumbai,Furniture,Sofa,Sofa Ad,3,63315,0,189945,36977,UPI,,
14635,6/12/2024,Saksham Chad,West,Surat,Sports,Yoga Mat,Yoga Mat Rerum,3,35118,20,84283,18661,Debit Card,,
14636,5/22/2025,Alia Sibal,North,Chandigarh,Home Decor,Cushion,Cushion Similique,3,46911,20,112586,22653,Credit Card,,
14637,1/28/2024,Oorja Bora,East,Kolkata,Home Decor,Cushion,Cushion Doloribus,3,55126,0,165378,10724,Credit Card,,
14638,6/10/2024,Advika Tiwari,West,Ahmedabad,Furniture,Sofa,Sofa Dolore,5,68968,20,275872,58634,Debit Card,,
14639,9/13/2025,Myra Bansal,East,Patna,Electronics,Laptop,Laptop Maxime,4,6710,10,24156,3016,COD,,
14640,4/14/2024,Jayant Agate,North,Lucknow,Groceries,Oil,Oil Mollitia,2,21546,20,34474,1899,COD,,
14641,6/24/2024,Aradhya Kothari,East,Patna,Electronics,Mobile,Mobile Sapiente,3,9319,0,27957,5421,Debit Card,,
14642,6/27/2025,Dhruv Sarna,South,Chennai,Home Decor,Clock,Clock Illum,1,8559,15,7275,739,Credit Card,,
14643,4/27/2025,Myra Sodhi,South,Bangalore,Groceries,Wheat,Wheat Distinctio,2,15624,10,28123,4262,COD,,
14644,3/16/2025,Dhanush Ratti,North,Chandigarh,Home Decor,Clock,Clock Recusandae,5,68788,20,275152,59337,Debit Card,,
14645,9/3/2024,Uthkarsh Bhardwaj,South,Bangalore,Home Decor,Lamp,Lamp Dolorem,1,79827,0,79827,13912,Debit Card,,
14646,6/12/2024,Aarna Karnik,South,Hyderabad,Kitchen,Microwave,Microwave Recusandae,2,18022,15,30637,5909,COD,,
14647,10/16/2023,Krish Toor,West,Goa,Home Decor,Vase,Vase Ut,3,19990,10,53973,12190,UPI,,
14648,10/28/2023,Shlok Kumer,East,Patna,Electronics,Laptop,Laptop Nihil,3,25326,10,68380,5534,Credit Card,,
14649,5/22/2024,Ela Ghose,North,Amritsar,Clothing,Women's Wear,Women's Wear Dignissimos,1,69568,20,55654,10611,Net Banking,,
14650,11/28/2023,Riya Joshi,East,Patna,Clothing,Men's Wear,Men's Wear Quisquam,1,64296,15,54652,9386,COD,,
14651,11/15/2024,Riya Ben,East,Guwahati,Groceries,Sugar,Sugar Dignissimos,5,27717,15,117797,23278,Net Banking,,
14652,5/4/2024,Faiyaz Mand,North,Amritsar,Beauty,Shampoo,Shampoo Id,2,67957,15,115527,28589,UPI,,
14653,2/5/2024,Advika Brahmbhatt,North,Amritsar,Furniture,Chair,Chair Quisquam,3,27553,10,74393,14327,Debit Card,,
14654,4/13/2025,Jhanvi Sem,North,Chandigarh,Kitchen,Mixer Grinder,Mixer Grinder Neque,2,60114,15,102194,16801,UPI,,
14655,10/2/2024,Ishita Arya,South,Chennai,Books,Biography,Biography Neque,1,77299,15,65704,4200,Debit Card,,
14656,3/2/2024,Ehsaan Khurana,South,Hyderabad,Furniture,Bed,Bed Pariatur,1,20073,10,18066,4015,COD,,
14657,9/29/2024,Ojas Bali,South,Chennai,Electronics,Mobile,Mobile Aliquam,4,2209,20,7069,578,COD,,
14658,10/8/2024,Trisha Sodhi,East,Patna,Clothing,Kids Wear,Kids Wear Incidunt,4,64679,5,245780,47534,Net Banking,,
14659,11/22/2023,Sana Ramanathan,North,Chandigarh,Home Decor,Clock,Clock Porro,4,74834,15,254436,61038,Credit Card,,
14660,1/15/2025,Ranbir Master,East,Guwahati,Sports,Football,Football Laboriosam,3,34803,15,88748,6059,UPI,,
14661,7/29/2024,Anahi Bhagat,North,Jaipur,Home Decor,Wall Art,Wall Art Quos,1,72645,20,58116,13839,UPI,,
14662,12/9/2024,Tarini Behl,South,Bangalore,Groceries,Sugar,Sugar At,2,68457,15,116377,24624,COD,,
14663,11/17/2023,Farhan Joshi,South,Chennai,Beauty,Perfume,Perfume Non,1,23809,0,23809,2711,Debit Card,,
14664,7/19/2025,Rati Rattan,South,Coimbatore,Furniture,Sofa,Sofa Iste,4,68951,15,234433,28932,COD,,
14665,11/29/2023,Kiaan Yohannan,North,Delhi,Kitchen,Microwave,Microwave Provident,3,16597,10,44812,5528,Credit Card,,
14666,12/15/2023,Romil Mangat,East,Guwahati,Sports,Yoga Mat,Yoga Mat Mollitia,3,50834,0,152502,33095,Net Banking,,
14667,11/27/2023,Anika Maharaj,East,Kolkata,Groceries,Oil,Oil Facere,1,69955,10,62960,10293,Debit Card,,
14668,11/20/2023,Hrishita Bath,North,Chandigarh,Books,Biography,Biography Deserunt,5,13533,5,64282,7907,UPI,,
14669,9/26/2024,Tejas Bal,North,Jaipur,Toys,Doll,Doll Ducimus,1,62732,10,56459,7908,Net Banking,,
14670,11/6/2023,Ivan Sani,West,Ahmedabad,Beauty,Shampoo,Shampoo Minus,5,339,15,1441,191,Net Banking,,
14671,12/17/2023,Manikya Yadav,East,Bhubaneswar,Groceries,Spices,Spices Quis,5,25073,10,112829,22991,Debit Card,,
14672,1/11/2025,Diya Kala,South,Chennai,Books,Biography,Biography Repellat,1,46278,20,37022,3189,Credit Card,,
14673,5/19/2024,Riya Sant,West,Pune,Kitchen,Juicer,Juicer Provident,1,32826,15,27902,2176,Credit Card,,
14674,6/22/2024,Seher Setty,East,Guwahati,Beauty,Face Cream,Face Cream Necessitatibus,5,4121,0,20605,2932,COD,,
14675,9/18/2025,Ryan Chana,East,Bhubaneswar,Kitchen,Microwave,Microwave Odit,4,26410,10,95076,8450,Credit Card,,
14676,7/3/2024,Nirvaan Karan,South,Thiruvananthapuram,Electronics,Laptop,Laptop Quaerat,3,10933,15,27879,4386,Net Banking,,
14677,11/11/2024,Samarth Wagle,East,Kolkata,Groceries,Spices,Spices Maxime,5,73407,20,293628,53157,UPI,,
14678,12/23/2024,Divij Ramesh,East,Bhubaneswar,Groceries,Oil,Oil Officia,4,22751,0,91004,17999,UPI,,
14679,4/16/2024,Alisha Manne,East,Patna,Groceries,Rice,Rice Id,2,69557,15,118247,18241,Debit Card,,
14680,6/1/2024,Indrajit Shukla,South,Bangalore,Home Decor,Lamp,Lamp Fuga,5,14329,20,57316,6910,Net Banking,,
14681,10/5/2023,Nayantara Varghese,South,Coimbatore,Toys,Action Figure,Action Figure Deserunt,3,36297,15,92557,8959,Debit Card,,
14682,1/22/2024,Aayush Dutt,East,Bhubaneswar,Sports,Football,Football Fugit,3,30058,10,81157,19110,Credit Card,,
14683,3/7/2025,Sana Handa,South,Chennai,Home Decor,Clock,Clock Voluptatum,2,46850,10,84330,17510,Net Banking,,
14684,12/7/2024,Zoya Sami,West,Mumbai,Sports,Yoga Mat,Yoga Mat Aliquid,4,50863,20,162762,36503,UPI,,
14685,10/18/2024,Prisha Sachar,East,Ranchi,Books,Fiction,Fiction Dolore,4,52665,0,210660,26095,Net Banking,,
14686,11/28/2023,Heer Solanki,North,Chandigarh,Electronics,Smartwatch,Smartwatch Mollitia,3,43187,5,123083,28622,Net Banking,,
14687,6/27/2024,Yuvaan Ganguly,South,Thiruvananthapuram,Home Decor,Wall Art,Wall Art Est,3,73069,15,186326,25423,UPI,,
14688,12/24/2023,Raghav Grover,North,Delhi,Clothing,Kids Wear,Kids Wear Quia,2,59974,0,119948,20200,UPI,,
14689,7/17/2025,Ranbir Sami,East,Kolkata,Kitchen,Cookware Set,Cookware Set Aliquam,1,41916,10,37724,2454,Credit Card,,
14690,2/13/2025,Mohanlal Bains,West,Goa,Kitchen,Microwave,Microwave Eius,5,72907,15,309855,59977,Debit Card,,
14691,7/17/2024,Aradhya Bobal,West,Surat,Toys,Board Game,Board Game Est,3,33919,20,81406,7800,Net Banking,,
14692,11/7/2023,Vritika Krishnamurthy,West,Ahmedabad,Clothing,Accessories,Accessories Dignissimos,4,14493,20,46378,5361,Debit Card,,
14693,9/16/2024,Kiara Gara,North,Amritsar,Home Decor,Clock,Clock Et,4,72178,5,274276,58464,Debit Card,,
14694,3/13/2024,Lavanya Buch,West,Surat,Furniture,Bed,Bed Hic,4,19874,20,63597,14947,Debit Card,,
14695,1/23/2025,Pari Jhaveri,West,Ahmedabad,Kitchen,Refrigerator,Refrigerator Rem,2,45817,20,73307,12550,Debit Card,,
14696,10/25/2024,Armaan Thakkar,North,Lucknow,Clothing,Women's Wear,Women's Wear Fugiat,5,74137,0,370685,39294,Net Banking,,
14697,12/29/2023,Hridaan Ganguly,West,Surat,Electronics,Smartwatch,Smartwatch Inventore,5,61949,0,309745,31991,UPI,,
14698,12/5/2024,Dhruv Guha,South,Chennai,Groceries,Wheat,Wheat Laborum,3,50586,10,136582,22714,Credit Card,,
14699,5/2/2025,Tarini Bali,West,Mumbai,Groceries,Sugar,Sugar Error,1,71895,10,64706,10783,Credit Card,,
14700,3/6/2025,Sumer Jaggi,South,Hyderabad,Groceries,Sugar,Sugar Dolorem,5,1327,20,5308,800,COD,,
14701,11/2/2024,Riaan Kumar,North,Chandigarh,Home Decor,Wall Art,Wall Art Quos,1,63064,20,50451,12530,Credit Card,,
14702,9/3/2025,Ivan Srinivas,East,Ranchi,Groceries,Oil,Oil Illum,5,73154,20,292616,39501,COD,,
14703,5/30/2025,Samaira Sengupta,South,Thiruvananthapuram,Kitchen,Juicer,Juicer Debitis,2,10261,15,17444,2353,COD,,
14704,3/19/2024,Yasmin Samra,South,Chennai,Kitchen,Refrigerator,Refrigerator Architecto,5,39680,5,188480,38283,UPI,,
14705,6/12/2024,Jivika Babu,South,Coimbatore,Groceries,Sugar,Sugar Aperiam,1,68123,5,64717,13194,UPI,,
14706,7/2/2024,Mishti Sunder,South,Hyderabad,Books,Comics,Comics Aut,2,77818,10,140072,11790,Debit Card,,
14707,9/8/2024,Diya Chauhan,South,Hyderabad,Furniture,Chair,Chair Adipisci,4,56827,15,193212,22291,Net Banking,,
14708,6/29/2024,Anvi Sarma,West,Ahmedabad,Books,Fiction,Fiction Officia,1,39365,15,33460,5681,Debit Card,,
14709,8/22/2025,Saksham Suresh,West,Ahmedabad,Toys,Board Game,Board Game Nostrum,2,47485,15,80725,5170,UPI,,
14710,11/19/2023,Parinaaz Mahal,North,Delhi,Groceries,Oil,Oil Iste,2,14043,5,26682,4415,Debit Card,,
14711,8/25/2024,Abram Basak,West,Mumbai,Books,Textbook,Textbook Mollitia,2,1308,0,2616,176,Net Banking,,
14712,5/30/2024,Manjari Lall,East,Guwahati,Electronics,Headphones,Headphones Autem,1,8233,20,6586,1145,UPI,,
14713,7/21/2024,Vedika Lalla,East,Kolkata,Kitchen,Refrigerator,Refrigerator Accusamus,1,56925,0,56925,6072,Net Banking,,
14714,3/4/2024,Madhav Ramesh,South,Coimbatore,Toys,RC Car,RC Car Aliquid,1,36499,5,34674,4909,Net Banking,,
14715,7/13/2025,Myra Saran,East,Kolkata,Beauty,Foundation,Foundation Dolores,5,13413,15,57005,9872,Debit Card,,
14716,11/11/2024,Manjari Srivastava,North,Chandigarh,Sports,Dumbbells,Dumbbells Assumenda,3,17841,15,45495,9243,UPI,,
14717,10/16/2024,Alisha Rattan,East,Kolkata,Electronics,Laptop,Laptop Sapiente,4,48758,5,185280,12572,Debit Card,,
14718,10/6/2024,Saira Sengupta,East,Guwahati,Clothing,Shoes,Shoes Quas,2,71120,20,113792,27823,UPI,,
14719,12/17/2024,Samiha Ray,North,Delhi,Groceries,Spices,Spices Vero,2,18958,0,37916,2905,Net Banking,,
14720,1/14/2025,Sana Chaudhry,North,Chandigarh,Clothing,Accessories,Accessories Fuga,4,64094,20,205101,19432,COD,,
14721,9/20/2024,Jivin Grover,East,Guwahati,Electronics,Mobile,Mobile Voluptatibus,3,14626,5,41684,6431,Net Banking,,
14722,4/20/2024,Vihaan Maharaj,South,Coimbatore,Furniture,Bed,Bed Quos,3,4192,5,11947,2099,Debit Card,,
14723,3/1/2024,Lakshit Das,South,Coimbatore,Furniture,Bed,Bed Quaerat,2,14171,20,22674,5176,Net Banking,,
14724,11/3/2024,Romil Sinha,East,Guwahati,Home Decor,Lamp,Lamp Provident,3,62095,15,158342,31456,Net Banking,,
14725,4/14/2025,Yuvraj  Shan,South,Coimbatore,Home Decor,Vase,Vase Dolorem,4,51318,10,184745,24100,Net Banking,,
14726,8/1/2024,Neelofar Jhaveri,North,Lucknow,Sports,Tennis Racket,Tennis Racket Eum,3,50194,10,135524,13244,Credit Card,,
14727,8/22/2024,Riya Ray,North,Amritsar,Electronics,Laptop,Laptop Et,4,49983,5,189935,16343,COD,,
14728,3/2/2025,Divit Borde,North,Lucknow,Books,Textbook,Textbook Est,5,28726,20,114904,18321,Credit Card,,
14729,8/9/2025,Piya Bhatnagar,North,Jaipur,Books,Fiction,Fiction Maxime,2,29999,15,50998,3763,COD,,
14730,2/15/2024,Nitya Bandi,North,Chandigarh,Kitchen,Mixer Grinder,Mixer Grinder Explicabo,3,49351,10,133248,29533,Credit Card,,
14731,11/17/2023,Priyansh Bedi,West,Surat,Clothing,Kids Wear,Kids Wear Vero,1,18752,20,15002,2623,UPI,,
14732,4/19/2024,Advik Chakrabarti,North,Jaipur,Home Decor,Wall Art,Wall Art Maxime,1,34749,5,33012,6553,UPI,,
14733,6/24/2024,Vedika Chokshi,East,Kolkata,Books,Fiction,Fiction Corporis,1,14426,15,12262,2483,Net Banking,,
14734,4/21/2024,Riaan Kapadia,North,Jaipur,Toys,Action Figure,Action Figure Distinctio,2,21380,10,38484,9220,Net Banking,,
14735,1/19/2025,Ranbir Kari,West,Surat,Furniture,Table,Table Voluptatibus,1,58301,0,58301,13959,UPI,,
14736,3/22/2025,Shlok Dutt,East,Kolkata,Sports,Football,Football Harum,3,46850,10,126495,28002,Credit Card,,
14737,12/26/2023,Ivana Bora,West,Pune,Kitchen,Juicer,Juicer Cum,4,30621,10,110236,18062,COD,,
14738,12/28/2023,Gatik Chawla,West,Surat,Groceries,Sugar,Sugar Facilis,4,40699,15,138377,31390,Credit Card,,
14739,9/4/2024,Saira Roy,East,Patna,Groceries,Oil,Oil Magnam,1,45110,15,38344,2514,COD,,
14740,10/19/2023,Lagan Devan,East,Kolkata,Groceries,Spices,Spices Perspiciatis,2,29404,5,55868,3368,Net Banking,,
14741,12/12/2024,Vritika Iyer,East,Patna,Sports,Tennis Racket,Tennis Racket Sit,2,18813,15,31982,6700,UPI,,
14742,3/20/2024,Kabir Sundaram,West,Surat,Toys,RC Car,RC Car Nihil,3,33491,0,100473,21096,Net Banking,,
14743,11/6/2024,Priyansh Venkatesh,East,Ranchi,Kitchen,Cookware Set,Cookware Set Sunt,1,78678,15,66876,9038,Debit Card,,
14744,9/28/2024,Veer Bassi,West,Goa,Sports,Football,Football Dignissimos,3,3640,10,9828,879,Credit Card,,
14745,12/16/2024,Charvi Chana,North,Lucknow,Furniture,Chair,Chair Adipisci,4,20937,10,75373,10915,Net Banking,,
14746,1/23/2024,Ela Chad,East,Patna,Home Decor,Vase,Vase Esse,5,51828,20,207312,22005,Debit Card,,
14747,5/15/2025,Ehsaan Soni,West,Ahmedabad,Furniture,Cabinet,Cabinet Perspiciatis,1,28361,15,24107,2014,Net Banking,,
14748,1/27/2024,Jayant Vala,West,Mumbai,Electronics,Smartwatch,Smartwatch Nemo,1,60202,10,54182,3855,Debit Card,,
14749,3/28/2025,Kartik Rout,East,Kolkata,Electronics,Laptop,Laptop Perspiciatis,1,4656,0,4656,592,Credit Card,,
14750,1/6/2024,Jiya Zacharia,East,Kolkata,Books,Fiction,Fiction Hic,5,69474,15,295265,33425,Credit Card,,
14751,1/5/2024,Kiaan Aggarwal,South,Coimbatore,Furniture,Chair,Chair Blanditiis,1,49401,15,41991,3248,UPI,,
14752,9/6/2024,Ira Batra,West,Surat,Kitchen,Cookware Set,Cookware Set Ipsa,5,75556,15,321113,46953,Debit Card,,
14753,2/6/2024,Lakshay Sahota,North,Chandigarh,Electronics,Camera,Camera Error,5,46423,10,208904,22298,Net Banking,,
14754,1/12/2024,Indrajit Solanki,East,Patna,Sports,Football,Football Eum,2,73497,5,139644,17243,UPI,,
14755,3/7/2024,Tiya Shroff,West,Surat,Kitchen,Juicer,Juicer At,2,54884,10,98791,13148,COD,,
14756,3/25/2024,Kismat Buch,North,Lucknow,Groceries,Wheat,Wheat Sint,2,9170,15,15589,3592,UPI,,
14757,6/1/2024,Badal Rao,West,Pune,Groceries,Rice,Rice Optio,5,69671,0,348355,24008,Debit Card,,
14758,12/5/2023,Adah Balasubramanian,South,Hyderabad,Books,Non-Fiction,Non-Fiction Sed,4,20105,20,64336,10538,Debit Card,,
14759,5/13/2024,Anvi Sarna,South,Coimbatore,Furniture,Bed,Bed Amet,1,79347,20,63478,11795,Debit Card,,
14760,3/5/2024,Hrishita Kadakia,West,Goa,Toys,Puzzle,Puzzle Veniam,4,35782,15,121659,18258,Debit Card,,
14761,9/23/2025,Darshit Gill,West,Pune,Toys,Puzzle,Puzzle Corrupti,4,21034,20,67309,14464,COD,,
14762,8/22/2024,Armaan Rana,North,Chandigarh,Groceries,Spices,Spices Ea,4,73446,15,249716,53199,Net Banking,,
14763,6/15/2024,Mahika Chaudhari,South,Bangalore,Clothing,Accessories,Accessories Sequi,5,70613,15,300105,63167,Net Banking,,
14764,1/20/2025,Ira Chand,West,Ahmedabad,Toys,RC Car,RC Car Unde,3,40135,10,108365,26182,Credit Card,,
14765,6/9/2025,Yasmin Mangal,West,Pune,Sports,Cricket Bat,Cricket Bat Quia,5,1476,10,6642,1544,Net Banking,,
14766,12/17/2024,Aaryahi Sagar,East,Patna,Electronics,Smartwatch,Smartwatch Illo,4,10401,0,41604,6951,Credit Card,,
14767,4/3/2024,Anya Ranganathan,North,Jaipur,Home Decor,Lamp,Lamp Vitae,5,9391,5,44607,10311,Credit Card,,
14768,6/16/2025,Lavanya Setty,South,Bangalore,Beauty,Lipstick,Lipstick Totam,4,73820,5,280516,25372,Debit Card,,
14769,1/23/2024,Emir Kanda,West,Goa,Home Decor,Cushion,Cushion Nesciunt,2,47173,15,80194,5728,Credit Card,,
14770,2/10/2024,Romil Raman,West,Pune,Beauty,Perfume,Perfume Saepe,4,47498,15,161493,24320,UPI,,
14771,6/7/2024,Inaaya  Chandran,West,Surat,Home Decor,Wall Art,Wall Art Minus,3,11923,10,32192,7006,COD,,
14772,11/7/2023,Drishya Kalita,West,Goa,Toys,Doll,Doll Quis,1,40798,20,32638,2872,UPI,,
14773,3/11/2024,Aarna Borde,West,Pune,Toys,RC Car,RC Car Dicta,5,35410,0,177050,14707,Net Banking,,
14774,11/26/2023,Mohanlal Badal,North,Lucknow,Groceries,Rice,Rice Error,5,55910,0,279550,29799,Debit Card,,
14775,11/10/2024,Khushi Bawa,West,Surat,Groceries,Oil,Oil Mollitia,2,8746,0,17492,1972,Net Banking,,
14776,9/22/2025,Aaryahi Loyal,North,Delhi,Clothing,Kids Wear,Kids Wear Eaque,4,14917,20,47734,2734,Net Banking,,
14777,8/28/2024,Akarsh Mann,East,Ranchi,Groceries,Rice,Rice Possimus,5,41384,0,206920,14620,UPI,,
14778,8/24/2025,Chirag Lalla,West,Goa,Clothing,Shoes,Shoes Impedit,2,18682,5,35496,5322,Debit Card,,
14779,2/12/2025,Madhup Roy,South,Thiruvananthapuram,Beauty,Perfume,Perfume Fugiat,5,17129,5,81363,5315,COD,,
14780,8/31/2025,Adira Kale,South,Coimbatore,Furniture,Bed,Bed Architecto,4,47482,0,189928,26725,Credit Card,,
14781,1/4/2024,Faiyaz Sarraf,South,Chennai,Toys,Doll,Doll Enim,4,48902,10,176047,42931,COD,,
14782,4/29/2024,Baiju Gola,West,Goa,Clothing,Men's Wear,Men's Wear Occaecati,1,1850,10,1665,290,COD,,
14783,12/8/2024,Zoya Bakshi,West,Goa,Kitchen,Microwave,Microwave Mollitia,5,17417,0,87085,15779,Net Banking,,
14784,12/11/2024,Madhup Dhaliwal,West,Mumbai,Groceries,Wheat,Wheat Ea,4,65277,20,208886,36949,Net Banking,,
14785,9/17/2024,Vedika Desai,East,Kolkata,Groceries,Spices,Spices Ab,2,804,0,1608,401,COD,,
14786,1/8/2024,Lakshay Tara,North,Amritsar,Home Decor,Wall Art,Wall Art Culpa,1,26679,20,21343,2122,COD,,
14787,5/22/2024,Divit Subramaniam,North,Jaipur,Clothing,Women's Wear,Women's Wear Eum,4,18158,5,69000,14743,Debit Card,,
14788,2/19/2025,Chirag Choudhary,East,Guwahati,Kitchen,Cookware Set,Cookware Set Similique,1,28012,15,23810,1721,Net Banking,,
14789,11/26/2023,Trisha Sur,West,Goa,Toys,Board Game,Board Game Perferendis,5,12063,10,54284,12308,COD,,
14790,10/28/2024,Drishya Brar,North,Chandigarh,Home Decor,Clock,Clock Iusto,4,61658,20,197306,12489,COD,,
14791,2/23/2024,Kashvi Choudhury,South,Thiruvananthapuram,Home Decor,Lamp,Lamp Qui,3,56730,0,170190,41257,Credit Card,,
14792,4/13/2024,Ehsaan Bumb,North,Lucknow,Sports,Yoga Mat,Yoga Mat Totam,2,42495,15,72242,3998,Debit Card,,
14793,1/11/2025,Bhavin Desai,South,Bangalore,Kitchen,Mixer Grinder,Mixer Grinder Cumque,3,63404,5,180701,39088,Net Banking,,
14794,8/30/2024,Veer Babu,West,Ahmedabad,Furniture,Cabinet,Cabinet Maxime,5,37458,20,149832,18753,Debit Card,,
14795,3/9/2025,Lakshay Balakrishnan,East,Patna,Kitchen,Cookware Set,Cookware Set Quos,2,3951,0,7902,1777,Net Banking,,
14796,10/19/2023,Drishya Kakar,North,Delhi,Books,Non-Fiction,Non-Fiction Ab,4,33265,15,113101,25839,Net Banking,,
14797,6/21/2025,Samaira Uppal,South,Thiruvananthapuram,Clothing,Kids Wear,Kids Wear Velit,3,18635,10,50315,9875,COD,,
14798,4/18/2025,Anay Ramaswamy,South,Chennai,Beauty,Shampoo,Shampoo Dignissimos,4,68771,0,275084,17207,Credit Card,,
14799,3/4/2024,Hiran Halder,North,Jaipur,Books,Fiction,Fiction Ipsum,5,49186,10,221337,14532,Net Banking,,
14800,4/25/2024,Fateh Bakshi,North,Jaipur,Clothing,Shoes,Shoes Architecto,5,13694,5,65047,3298,UPI,,
14801,10/8/2023,Mannat Madan,West,Surat,Furniture,Cabinet,Cabinet Magnam,2,67572,15,114872,8380,Debit Card,,
14802,2/11/2024,Tarini Shere,North,Lucknow,Beauty,Lipstick,Lipstick Quis,1,4229,10,3806,494,UPI,,
14803,11/18/2023,Amira Swamy,East,Kolkata,Sports,Tennis Racket,Tennis Racket Fugit,5,64872,20,259488,23298,UPI,,
14804,1/5/2024,Anay Divan,West,Ahmedabad,Books,Textbook,Textbook Dicta,3,14129,5,40268,3019,Credit Card,,
14805,8/3/2024,Riaan Mall,South,Hyderabad,Kitchen,Cookware Set,Cookware Set Consequuntur,3,16611,15,42358,8428,Net Banking,,
14806,8/26/2025,Ishita Manda,North,Lucknow,Kitchen,Mixer Grinder,Mixer Grinder Ab,3,53286,5,151865,22799,COD,,
14807,9/16/2024,Mahika Sabharwal,North,Delhi,Books,Fiction,Fiction Eligendi,1,24432,20,19546,1104,Net Banking,,
14808,7/7/2024,Shlok Barman,East,Ranchi,Clothing,Women's Wear,Women's Wear Deleniti,2,20102,15,34173,5004,COD,,
14809,10/28/2023,Anay Dasgupta,South,Bangalore,Furniture,Cabinet,Cabinet Doloribus,4,16502,0,66008,4034,Credit Card,,
14810,3/28/2025,Armaan Sem,North,Chandigarh,Toys,Puzzle,Puzzle At,5,43387,20,173548,8729,Credit Card,,
14811,11/3/2023,Mahika Sankaran,West,Surat,Furniture,Chair,Chair Ad,4,35147,10,126529,31426,Credit Card,,
14812,12/27/2024,Amani Rajan,East,Ranchi,Kitchen,Mixer Grinder,Mixer Grinder Vero,4,45205,5,171779,13579,Credit Card,,
14813,6/10/2024,Divyansh Din,South,Bangalore,Electronics,Camera,Camera Laborum,1,22865,0,22865,1980,COD,,
14814,7/1/2025,Hunar Lad,West,Goa,Home Decor,Clock,Clock Quasi,4,71644,10,257918,63123,Credit Card,,
14815,1/11/2024,Kiaan Magar,East,Guwahati,Beauty,Face Cream,Face Cream Aliquid,3,29239,20,70174,4186,Net Banking,,
14816,4/23/2025,Reyansh Bahri,West,Surat,Books,Fiction,Fiction Totam,4,74805,0,299220,15618,Net Banking,,
14817,6/23/2025,Nirvi Sengupta,West,Goa,Kitchen,Mixer Grinder,Mixer Grinder Occaecati,3,28466,10,76858,13070,COD,,
14818,11/13/2023,Jayan Saran,North,Chandigarh,Clothing,Accessories,Accessories Soluta,1,7206,5,6846,375,Credit Card,,
14819,11/28/2023,Heer Tara,South,Hyderabad,Clothing,Shoes,Shoes Molestias,1,73851,20,59081,13157,Credit Card,,
14820,7/16/2025,Kabir Sunder,East,Patna,Home Decor,Wall Art,Wall Art Numquam,3,41101,10,110973,22374,Net Banking,,
14821,11/4/2024,Tiya Banerjee,South,Thiruvananthapuram,Electronics,Smartwatch,Smartwatch Delectus,5,52470,15,222998,23608,Net Banking,,
14822,6/18/2025,Uthkarsh Chanda,South,Bangalore,Kitchen,Microwave,Microwave Illum,1,59968,5,56970,6060,COD,,
14823,8/23/2024,Azad Sarkar,South,Thiruvananthapuram,Furniture,Bed,Bed Sed,5,18181,10,81815,13311,UPI,,
14824,2/17/2024,Yashvi Grover,South,Hyderabad,Electronics,Mobile,Mobile Occaecati,4,25718,5,97728,20945,UPI,,
14825,4/20/2025,Raghav Bhandari,East,Bhubaneswar,Clothing,Shoes,Shoes Harum,2,38458,0,76916,7269,Net Banking,,
14826,5/19/2025,Nirvi Wason,West,Ahmedabad,Electronics,Mobile,Mobile Asperiores,2,32976,20,52762,3411,Net Banking,,
14827,6/6/2024,Mamooty Deshmukh,West,Surat,Beauty,Shampoo,Shampoo Delectus,1,55470,15,47150,4279,Net Banking,,
14828,10/19/2024,Nakul Setty,South,Thiruvananthapuram,Furniture,Chair,Chair Ad,4,9258,20,29626,6048,Credit Card,,
14829,11/19/2024,Onkar Guha,North,Delhi,Beauty,Lipstick,Lipstick Saepe,4,64491,20,206371,16232,Net Banking,,
14830,1/2/2024,Urvi Kaul,North,Delhi,Home Decor,Clock,Clock Officiis,3,23482,0,70446,9048,Net Banking,,
14831,5/22/2025,Mishti Raval,East,Ranchi,Books,Fiction,Fiction Eius,3,77870,0,233610,23881,Credit Card,,
14832,4/2/2025,Arhaan Datta,North,Chandigarh,Clothing,Accessories,Accessories Culpa,3,6356,15,16208,3868,Debit Card,,
14833,4/8/2025,Lavanya Bhasin,North,Chandigarh,Clothing,Kids Wear,Kids Wear Commodi,3,18402,5,52446,9802,Credit Card,,
14834,9/15/2024,Zara Lad,East,Bhubaneswar,Home Decor,Vase,Vase Tempore,3,8517,0,25551,4356,Net Banking,,
14835,4/8/2024,Aaryahi Hegde,East,Ranchi,Sports,Dumbbells,Dumbbells Velit,5,3762,15,15989,1038,COD,,
14836,6/13/2025,Biju Sangha,West,Ahmedabad,Kitchen,Cookware Set,Cookware Set Ipsam,2,58950,5,112005,13985,Debit Card,,
14837,2/27/2024,Umang Sankar,East,Ranchi,Sports,Yoga Mat,Yoga Mat Quibusdam,5,2215,15,9414,563,COD,,
14838,11/25/2023,Kavya Barman,North,Delhi,Furniture,Bed,Bed Reprehenderit,1,51262,15,43573,4384,Credit Card,,
14839,12/14/2024,Manikya Trivedi,East,Guwahati,Clothing,Accessories,Accessories Optio,1,3274,0,3274,470,COD,,
14840,1/23/2025,Pari Chandra,North,Lucknow,Furniture,Bed,Bed Itaque,4,46548,10,167573,37365,Credit Card,,
14841,2/18/2024,Yakshit Kurian,West,Surat,Beauty,Face Cream,Face Cream Maiores,4,26195,5,99541,9126,COD,,
14842,11/23/2023,Damini Kumar,South,Chennai,Clothing,Women's Wear,Women's Wear Sint,2,14488,0,28976,6402,UPI,,
14843,9/12/2024,Samiha Sarna,North,Delhi,Furniture,Sofa,Sofa Natus,3,23451,0,70353,12997,Net Banking,,
14844,1/26/2025,Samaira Chokshi,West,Ahmedabad,Groceries,Spices,Spices Minus,1,38675,10,34808,4722,Credit Card,,
14845,10/4/2024,Arnav Gara,East,Bhubaneswar,Furniture,Cabinet,Cabinet Magni,3,79577,5,226794,51973,Credit Card,,
14846,4/21/2024,Riaan Deep,South,Chennai,Beauty,Lipstick,Lipstick Doloribus,1,41181,20,32945,2157,Debit Card,,
14847,5/30/2025,Mehul Tailor,West,Pune,Groceries,Oil,Oil Ea,4,44063,5,167439,38657,Net Banking,,
14848,12/7/2024,Nirvi Walla,East,Patna,Beauty,Perfume,Perfume Sint,5,45804,10,206118,39847,Credit Card,,
14849,9/18/2024,Samar Barad,West,Surat,Home Decor,Lamp,Lamp Ad,2,60861,5,115636,17034,Net Banking,,
14850,6/1/2024,Indranil Bath,North,Jaipur,Beauty,Shampoo,Shampoo Et,3,55124,5,157103,21634,COD,,
14851,1/28/2025,Shray Gulati,East,Ranchi,Groceries,Spices,Spices Quibusdam,5,46447,5,220623,26912,COD,,
14852,2/12/2025,Taran Khalsa,North,Delhi,Sports,Tennis Racket,Tennis Racket Culpa,5,77301,5,367180,63169,Net Banking,,
14853,8/29/2024,Darshit Chakrabarti,North,Jaipur,Clothing,Kids Wear,Kids Wear Exercitationem,5,4582,20,18328,2717,COD,,
14854,6/15/2025,Siya Kapur,South,Hyderabad,Clothing,Men's Wear,Men's Wear Quibusdam,3,1832,15,4672,729,Net Banking,,
14855,1/4/2024,Aarush Trivedi,West,Goa,Furniture,Table,Table Molestiae,2,71615,10,128907,27445,Debit Card,,
14856,5/15/2025,Khushi Sidhu,West,Goa,Sports,Dumbbells,Dumbbells Voluptate,4,31223,20,99914,13411,Debit Card,,
14857,9/15/2024,Shayak Tara,North,Delhi,Beauty,Shampoo,Shampoo Consectetur,2,68678,20,109885,7094,UPI,,
14858,2/11/2024,Shlok Mander,East,Guwahati,Home Decor,Vase,Vase Minima,5,60317,10,271427,29408,Credit Card,,
14859,9/1/2025,Darshit Taneja,East,Bhubaneswar,Clothing,Accessories,Accessories Quasi,2,14433,5,27423,2041,Credit Card,,
14860,7/11/2024,Ehsaan Dhillon,South,Chennai,Kitchen,Refrigerator,Refrigerator Unde,1,43259,0,43259,9080,COD,,
14861,6/24/2025,Reyansh Biswas,West,Goa,Kitchen,Cookware Set,Cookware Set Eveniet,1,23349,10,21014,2001,Credit Card,,
14862,12/5/2023,Emir Bhatt,North,Jaipur,Kitchen,Juicer,Juicer Modi,1,37721,5,35835,6612,UPI,,
14863,2/21/2024,Tushar Dube,South,Bangalore,Sports,Dumbbells,Dumbbells Totam,1,65644,15,55797,8052,UPI,,
14864,4/8/2025,Kashvi Sharma,South,Coimbatore,Books,Fiction,Fiction Reprehenderit,1,46080,10,41472,5204,Debit Card,,
14865,6/6/2024,Prisha Khurana,North,Amritsar,Home Decor,Wall Art,Wall Art Consequatur,1,73929,0,73929,6817,Net Banking,,
14866,3/29/2025,Hridaan Bhat,South,Hyderabad,Clothing,Accessories,Accessories Dolore,5,43190,15,183558,38477,UPI,,
14867,7/24/2024,Zeeshan Tailor,West,Mumbai,Kitchen,Cookware Set,Cookware Set Hic,3,15977,5,45534,7331,Credit Card,,
14868,1/23/2024,Lakshit Rajagopalan,North,Chandigarh,Clothing,Kids Wear,Kids Wear Nesciunt,1,12909,0,12909,1655,UPI,,
14869,8/7/2025,Aradhya Atwal,South,Thiruvananthapuram,Sports,Cricket Bat,Cricket Bat Quasi,3,61466,5,175178,36943,Net Banking,,
14870,11/22/2024,Suhana Ratti,West,Mumbai,Kitchen,Mixer Grinder,Mixer Grinder Iusto,4,30607,15,104064,9169,UPI,,
14871,10/15/2023,Anahi Arya,East,Ranchi,Toys,Action Figure,Action Figure Mollitia,5,61678,5,292971,65354,Debit Card,,
14872,4/4/2024,Ira Mane,South,Bangalore,Toys,Puzzle,Puzzle Sint,1,30881,0,30881,7158,Credit Card,,
14873,6/28/2024,Ranbir Kale,South,Hyderabad,Books,Biography,Biography Optio,5,65695,5,312051,52303,UPI,,
14874,8/21/2024,Shalv Rege,West,Goa,Sports,Dumbbells,Dumbbells Culpa,2,7097,10,12775,2748,Debit Card,,
14875,6/4/2025,Gokul Ganguly,South,Bangalore,Electronics,Laptop,Laptop Doloremque,3,47931,20,115034,26411,UPI,,
14876,5/18/2024,Shalv Tank,South,Coimbatore,Books,Textbook,Textbook Voluptatibus,1,62448,20,49958,6478,Net Banking,,
14877,1/16/2025,Zoya Kalla,South,Bangalore,Home Decor,Cushion,Cushion Sint,1,2174,10,1957,431,Debit Card,,
14878,2/14/2024,Renee Bhat,East,Bhubaneswar,Groceries,Oil,Oil Dolorum,4,74949,0,299796,35715,Credit Card,,
14879,6/16/2024,Ishita Kaur,North,Delhi,Toys,RC Car,RC Car Voluptate,5,25438,10,114471,14999,Credit Card,,
14880,10/9/2023,Gokul Soman,East,Patna,Toys,Board Game,Board Game Autem,4,69094,5,262557,26051,COD,,
14881,6/10/2025,Veer Dugar,East,Ranchi,Toys,Puzzle,Puzzle In,4,2621,10,9436,1980,Debit Card,,
14882,10/31/2024,Anya Varughese,South,Coimbatore,Toys,Puzzle,Puzzle Autem,5,70553,10,317489,40721,Debit Card,,
14883,10/21/2024,Vihaan Jayaraman,West,Mumbai,Home Decor,Cushion,Cushion Delectus,1,16818,10,15136,3112,Debit Card,,
14884,8/13/2024,Nitara Vyas,East,Bhubaneswar,Clothing,Accessories,Accessories Possimus,1,55368,5,52600,11450,Debit Card,,
14885,3/16/2025,Ayesha Grover,South,Thiruvananthapuram,Clothing,Kids Wear,Kids Wear Temporibus,5,49982,20,199928,40240,UPI,,
14886,2/25/2025,Mannat Yadav,North,Amritsar,Furniture,Sofa,Sofa Dolor,5,74675,5,354706,21696,Debit Card,,
14887,4/18/2025,Chirag Khalsa,East,Patna,Toys,RC Car,RC Car Cum,5,65711,20,262844,44974,Debit Card,,
14888,12/13/2023,Yuvraj  Ramaswamy,East,Guwahati,Groceries,Sugar,Sugar Quia,3,29082,5,82884,12362,Credit Card,,
14889,1/17/2025,Dhanuk Mandal,East,Patna,Sports,Football,Football Sequi,3,27212,20,65309,12707,UPI,,
14890,7/20/2024,Arhaan Sehgal,West,Goa,Groceries,Oil,Oil Magni,4,33161,15,112747,21224,COD,,
14891,11/24/2023,Raghav Bhargava,North,Lucknow,Furniture,Table,Table Beatae,3,79423,5,226356,37483,Debit Card,,
14892,9/30/2024,Vaibhav Lad,West,Goa,Clothing,Accessories,Accessories Alias,2,34933,20,55893,4765,UPI,,
14893,2/17/2024,Priyansh Kar,South,Coimbatore,Furniture,Sofa,Sofa Doloremque,2,32335,5,61437,14426,Debit Card,,
14894,6/5/2025,Yashvi Brar,East,Guwahati,Beauty,Shampoo,Shampoo Eligendi,3,16749,10,45222,8661,Debit Card,,
14895,5/17/2024,Divij Lad,West,Goa,Sports,Football,Football Reiciendis,4,52582,0,210328,42850,Credit Card,,
14896,10/7/2024,Divij Kurian,East,Patna,Groceries,Wheat,Wheat Adipisci,3,15593,15,39762,7622,UPI,,
14897,9/15/2025,Indrajit Trivedi,West,Surat,Kitchen,Microwave,Microwave Quisquam,5,34728,0,173640,26873,UPI,,
14898,6/23/2024,Chirag Ram,South,Thiruvananthapuram,Toys,Puzzle,Puzzle Delectus,1,41713,5,39627,2408,Net Banking,,
14899,1/25/2024,Vivaan Varma,South,Chennai,Kitchen,Juicer,Juicer Dignissimos,5,37107,15,157705,23795,UPI,,
14900,4/2/2025,Jayan Kapoor,West,Ahmedabad,Sports,Tennis Racket,Tennis Racket Esse,3,27635,5,78760,15703,Credit Card,,
14901,11/28/2023,Shaan Yohannan,East,Kolkata,Home Decor,Cushion,Cushion Quod,3,79468,10,214564,14735,UPI,,
14902,12/25/2023,Samar Gandhi,West,Ahmedabad,Home Decor,Clock,Clock Recusandae,2,55553,15,94440,17734,UPI,,
14903,5/28/2025,Fateh Chaudhari,South,Bangalore,Toys,Puzzle,Puzzle Minus,5,3203,5,15214,2758,UPI,,
14904,3/30/2024,Vihaan Barad,East,Bhubaneswar,Clothing,Accessories,Accessories Autem,4,41652,0,166608,26845,Net Banking,,
14905,10/3/2024,Anvi Dhawan,South,Coimbatore,Toys,Board Game,Board Game Assumenda,3,19538,5,55683,9760,COD,,
14906,11/28/2024,Drishya Bawa,South,Coimbatore,Toys,Puzzle,Puzzle Tempora,5,50402,10,226809,45459,COD,,
14907,5/18/2025,Kavya Hegde,North,Delhi,Groceries,Spices,Spices Harum,5,35844,0,179220,12691,Debit Card,,
14908,10/30/2023,Hridaan Kara,South,Thiruvananthapuram,Toys,Puzzle,Puzzle Consequuntur,1,24528,15,20849,3136,UPI,,
14909,6/10/2025,Lavanya Lata,South,Chennai,Clothing,Shoes,Shoes Ex,1,49323,5,46857,8144,UPI,,
14910,12/2/2023,Piya Ram,South,Bangalore,Clothing,Men's Wear,Men's Wear Voluptatibus,5,70522,5,334980,44340,UPI,,
14911,1/31/2024,Dhruv Sagar,South,Hyderabad,Beauty,Face Cream,Face Cream Sapiente,3,52811,10,142590,31273,Net Banking,,
14912,9/25/2025,Saira Yohannan,East,Kolkata,Groceries,Rice,Rice Vitae,5,10020,0,50100,11793,Credit Card,,
14913,3/21/2025,Miraya Goel,North,Lucknow,Groceries,Rice,Rice Impedit,3,71086,10,191932,24958,Net Banking,,
14914,9/13/2024,Ahana  Basu,South,Hyderabad,Books,Comics,Comics Necessitatibus,3,25826,20,61982,10744,Debit Card,,
14915,5/1/2024,Hridaan Suresh,South,Hyderabad,Clothing,Men's Wear,Men's Wear Eligendi,2,51879,5,98570,11672,Credit Card,,
14916,2/1/2024,Pihu Saraf,North,Jaipur,Sports,Dumbbells,Dumbbells Dignissimos,2,26634,10,47941,5259,Credit Card,,
14917,3/14/2025,Uthkarsh Lal,West,Ahmedabad,Beauty,Shampoo,Shampoo Soluta,1,72563,15,61679,3994,COD,,
14918,7/31/2025,Nirvaan Sehgal,South,Bangalore,Furniture,Cabinet,Cabinet Corrupti,2,47773,5,90769,19292,Debit Card,,
14919,8/10/2024,Anahi Anne,West,Ahmedabad,Books,Non-Fiction,Non-Fiction Animi,3,26483,20,63559,5216,Debit Card,,
14920,10/28/2023,Vedika Bawa,West,Surat,Furniture,Chair,Chair Autem,1,34014,20,27211,5657,UPI,,
14921,4/6/2025,Saanvi Sankar,East,Bhubaneswar,Clothing,Women's Wear,Women's Wear Vitae,2,50878,15,86493,13015,COD,,
14922,8/9/2024,Neysa Sathe,East,Patna,Kitchen,Mixer Grinder,Mixer Grinder Illum,1,35727,15,30368,3260,UPI,,
14923,11/22/2023,Dhanuk Kibe,North,Delhi,Furniture,Chair,Chair Quisquam,1,25182,15,21405,3878,Credit Card,,
14924,6/6/2025,Ivana Butala,East,Kolkata,Toys,Action Figure,Action Figure Cum,4,63451,15,215733,51504,COD,,
14925,9/12/2024,Ishita Lala,South,Thiruvananthapuram,Furniture,Table,Table Laudantium,1,16942,15,14401,2296,UPI,,
14926,4/17/2024,Taran Ratta,East,Kolkata,Electronics,Mobile,Mobile Commodi,5,14749,15,62683,9368,Debit Card,,
14927,4/26/2024,Suhana Jayaraman,East,Ranchi,Beauty,Shampoo,Shampoo Dignissimos,2,41805,5,79430,7618,Debit Card,,
14928,3/18/2025,Baiju Char,East,Patna,Furniture,Chair,Chair Quibusdam,2,33872,15,57582,4360,UPI,,
14929,6/22/2025,Kiaan Bhatt,South,Chennai,Books,Biography,Biography Magnam,4,41848,5,159022,12320,Debit Card,,
14930,9/27/2024,Sahil Dalal,East,Guwahati,Furniture,Cabinet,Cabinet Voluptatem,2,47077,15,80031,10678,Net Banking,,
14931,3/14/2025,Arhaan Sarkar,South,Bangalore,Books,Fiction,Fiction Aut,3,59036,10,159397,35555,Credit Card,,
14932,10/12/2024,Arhaan Ghose,West,Mumbai,Books,Textbook,Textbook Omnis,5,65287,5,310113,55674,UPI,,
14933,3/18/2025,Biju Butala,North,Jaipur,Books,Non-Fiction,Non-Fiction Repellat,4,3146,5,11955,2798,Credit Card,,
14934,8/5/2025,Anahita Gokhale,North,Amritsar,Kitchen,Juicer,Juicer Eligendi,3,78678,0,236034,23564,Debit Card,,
14935,11/25/2024,Sana Gour,South,Bangalore,Kitchen,Refrigerator,Refrigerator Alias,5,49869,5,236878,23111,Credit Card,,
14936,11/19/2023,Yakshit Bala,East,Bhubaneswar,Clothing,Men's Wear,Men's Wear Sint,2,58836,15,100021,16186,Credit Card,,
14937,12/28/2024,Urvi Rout,East,Kolkata,Toys,Board Game,Board Game Recusandae,4,33895,15,115243,22369,Debit Card,,
14938,8/20/2025,Kavya Saxena,South,Hyderabad,Sports,Football,Football Animi,4,56219,10,202388,34763,Net Banking,,
14939,4/18/2025,Lakshay Krish,South,Coimbatore,Home Decor,Lamp,Lamp Vero,4,45595,0,182380,14466,Debit Card,,
14940,5/12/2025,Shaan Garde,West,Ahmedabad,Books,Comics,Comics Facilis,5,61915,10,278618,23889,Credit Card,,
14941,7/15/2024,Yakshit Cheema,West,Goa,Beauty,Lipstick,Lipstick Ex,2,14475,5,27503,2987,Debit Card,,
14942,6/1/2024,Nitara Choudhry,South,Hyderabad,Books,Comics,Comics Architecto,3,42822,10,115619,11736,Credit Card,,
14943,4/12/2025,Nishith Chawla,South,Coimbatore,Home Decor,Wall Art,Wall Art Saepe,1,7306,20,5845,519,Debit Card,,
14944,6/10/2025,Drishya Goswami,North,Jaipur,Home Decor,Vase,Vase Nobis,5,12820,10,57690,3438,Net Banking,,
14945,11/29/2024,Veer Bhakta,North,Delhi,Groceries,Spices,Spices Perferendis,2,44786,0,89572,10311,UPI,,
14946,5/28/2024,Inaaya  Sood,East,Ranchi,Sports,Football,Football Nobis,4,74805,20,239376,39451,COD,,
14947,3/2/2024,Dhruv Iyengar,South,Thiruvananthapuram,Home Decor,Lamp,Lamp Accusamus,5,43889,20,175556,38291,COD,,
14948,6/12/2025,Trisha Upadhyay,North,Delhi,Furniture,Table,Table Provident,1,33137,20,26510,2908,Net Banking,,
14949,10/28/2024,Yakshit Das,North,Delhi,Electronics,Mobile,Mobile Sequi,3,27597,15,70372,11550,Debit Card,,
14950,8/26/2025,Hunar Tak,South,Chennai,Clothing,Accessories,Accessories Alias,3,55062,5,156927,31673,COD,,
14951,8/18/2024,Tejas Bobal,South,Coimbatore,Beauty,Face Cream,Face Cream Repellendus,4,44338,10,159617,12320,COD,,
14952,5/26/2024,Neysa Kota,West,Pune,Books,Comics,Comics Ea,5,21796,15,92633,4842,UPI,,
14953,8/19/2025,Anya Raval,East,Bhubaneswar,Toys,Action Figure,Action Figure Vitae,1,11602,10,10442,1760,COD,,
14954,10/24/2024,Lakshay Savant,East,Kolkata,Kitchen,Mixer Grinder,Mixer Grinder Nostrum,4,63779,10,229604,42507,Debit Card,,
14955,12/29/2024,Vihaan Bir,West,Ahmedabad,Furniture,Bed,Bed Occaecati,5,73115,20,292460,24553,Debit Card,,
14956,1/17/2024,Vidur Din,East,Guwahati,Toys,Board Game,Board Game Impedit,2,20162,5,38308,4197,UPI,,
14957,11/4/2024,Aarna Jhaveri,West,Goa,Toys,Puzzle,Puzzle Veniam,1,50987,15,43339,8702,Credit Card,,
14958,3/29/2025,Urvi Bhavsar,North,Delhi,Books,Fiction,Fiction Neque,2,11750,5,22325,4532,Net Banking,,
14959,12/29/2024,Madhup Ganesan,North,Chandigarh,Toys,Board Game,Board Game Sed,2,15985,5,30372,5936,Net Banking,,
14960,7/29/2025,Nakul Mammen,East,Guwahati,Electronics,Camera,Camera Atque,4,12349,5,46926,8285,COD,,
14961,10/22/2024,Shlok Rege,West,Pune,Furniture,Chair,Chair Laboriosam,1,56527,0,56527,12218,UPI,,
14962,4/24/2024,Urvi Mammen,North,Delhi,Clothing,Accessories,Accessories Magnam,5,33926,20,135704,8332,COD,,
14963,11/4/2024,Pihu Krishnamurthy,West,Goa,Clothing,Men's Wear,Men's Wear Voluptatum,1,68926,0,68926,9254,UPI,,
14964,4/7/2025,Shanaya Chokshi,West,Pune,Groceries,Wheat,Wheat Nostrum,1,29650,15,25203,5189,Debit Card,,
14965,9/5/2024,Uthkarsh Soman,East,Ranchi,Toys,Puzzle,Puzzle Quaerat,2,4829,0,9658,2285,Debit Card,,
14966,5/22/2025,Advik Hora,South,Chennai,Toys,Action Figure,Action Figure Sit,1,1071,10,964,112,Net Banking,,
14967,10/27/2024,Pari Anand,West,Surat,Furniture,Sofa,Sofa Quod,4,1337,0,5348,1220,Credit Card,,
14968,9/17/2025,Ritvik Salvi,North,Chandigarh,Books,Comics,Comics Suscipit,4,42410,0,169640,40015,Credit Card,,
14969,8/31/2025,Suhana Bail,North,Delhi,Beauty,Face Cream,Face Cream Laborum,1,57884,5,54990,2754,Net Banking,,
14970,11/14/2023,Manjari Sachdev,North,Lucknow,Furniture,Sofa,Sofa Mollitia,2,18148,20,29037,6983,Credit Card,,
14971,2/20/2024,Kiaan Sur,South,Thiruvananthapuram,Groceries,Rice,Rice Error,3,11415,10,30821,3916,Net Banking,,
14972,6/21/2024,Rania Sura,West,Ahmedabad,Kitchen,Microwave,Microwave Excepturi,4,6060,15,20604,2815,Credit Card,,
14973,1/9/2024,Manikya Mann,West,Goa,Toys,Doll,Doll Eum,5,44703,0,223515,23586,Credit Card,,
14974,5/8/2025,Aarav Bala,South,Coimbatore,Beauty,Foundation,Foundation Voluptatem,2,71511,10,128720,22907,Debit Card,,
14975,10/24/2024,Lakshay Bandi,East,Patna,Sports,Football,Football Asperiores,4,28963,5,110059,11417,Net Banking,,
14976,1/12/2025,Kiaan Zachariah,North,Delhi,Electronics,Camera,Camera Laudantium,3,8636,0,25908,4060,Net Banking,,
14977,7/30/2024,Anahita Dugal,South,Hyderabad,Beauty,Perfume,Perfume Labore,4,10491,5,39866,4994,Debit Card,,
14978,1/1/2025,Siya Brahmbhatt,South,Chennai,Kitchen,Mixer Grinder,Mixer Grinder Optio,2,31267,20,50027,9670,COD,,
14979,1/29/2025,Aaryahi Chada,North,Chandigarh,Furniture,Cabinet,Cabinet Aperiam,5,53971,15,229377,47469,Debit Card,,
14980,9/7/2024,Oorja Borde,East,Kolkata,Books,Non-Fiction,Non-Fiction Labore,4,60687,0,242748,28822,Debit Card,,
14981,8/9/2024,Hunar Borra,East,Guwahati,Toys,Board Game,Board Game Rerum,1,36798,5,34958,5736,Debit Card,,
14982,3/23/2024,Ishita Subramaniam,North,Amritsar,Groceries,Wheat,Wheat Adipisci,2,79696,20,127514,15072,COD,,
14983,3/8/2024,Saksham Sur,East,Patna,Kitchen,Mixer Grinder,Mixer Grinder Similique,3,38411,5,109471,26492,Credit Card,,
14984,2/7/2025,Tiya Kamdar,South,Hyderabad,Beauty,Face Cream,Face Cream Magnam,5,40448,5,192128,25188,UPI,,
14985,9/30/2025,Inaaya  Bandi,South,Chennai,Groceries,Sugar,Sugar Excepturi,4,15227,0,60908,8627,Debit Card,,
14986,10/15/2023,Prerak Raj,East,Guwahati,Home Decor,Vase,Vase Natus,2,1986,15,3376,636,COD,,
14987,7/11/2025,Yuvaan Jain,West,Mumbai,Kitchen,Mixer Grinder,Mixer Grinder Exercitationem,4,45208,15,153707,9815,COD,,
14988,7/5/2025,Priyansh Lata,North,Jaipur,Sports,Cricket Bat,Cricket Bat At,5,60124,20,240496,14000,Debit Card,,
14989,5/19/2024,Fateh Apte,West,Pune,Toys,Board Game,Board Game Ab,5,25332,5,120327,25226,UPI,,
14990,1/11/2024,Alisha Lalla,North,Lucknow,Books,Fiction,Fiction Eveniet,1,1227,20,982,80,COD,,
14991,1/12/2025,Aarush Shroff,East,Ranchi,Groceries,Wheat,Wheat Tenetur,2,13640,5,25916,1947,Credit Card,,
14992,9/6/2024,Alisha Malhotra,West,Mumbai,Beauty,Shampoo,Shampoo Magni,3,4930,15,12572,1699,Net Banking,,
14993,8/18/2025,Bhamini Sarin,North,Delhi,Groceries,Rice,Rice Neque,3,14477,10,39088,2940,Credit Card,,
14994,3/22/2025,Kavya Lalla,South,Chennai,Furniture,Sofa,Sofa Minus,3,673,0,2019,148,Credit Card,,
14995,1/6/2025,Hunar Vaidya,North,Amritsar,Sports,Tennis Racket,Tennis Racket Omnis,1,72936,15,61996,5224,COD,,
14996,6/25/2024,Nishith Kulkarni,East,Kolkata,Books,Fiction,Fiction Veritatis,3,60671,0,182013,11853,Debit Card,,
14997,12/22/2024,Aaina Chander,North,Jaipur,Toys,Doll,Doll Nulla,5,70048,0,350240,31237,Credit Card,,
14998,4/15/2025,Dhanush Gara,South,Bangalore,Beauty,Lipstick,Lipstick Eaque,1,42162,15,35838,7828,Debit Card,,
14999,7/8/2024,Divyansh Malhotra,East,Kolkata,Electronics,Smartwatch,Smartwatch Adipisci,4,13568,10,48845,6604,Credit Card,,
15000,2/4/2024,Aarush Walla,West,Goa,Clothing,Kids Wear,Kids Wear Repellat,1,76762,10,69086,5786,Net Banking,,